-- Rarámuri Digital: base SQL consultable
-- Versión de datos: 1.0.0; generado: 2026-07-21; entradas: 2581
-- Motor objetivo: SQLite 3; codificación: UTF-8
-- Estado de publicación: Autorizada para difusión
-- Estado lingüístico: Pendiente de validación lingüística
PRAGMA foreign_keys = ON;
BEGIN TRANSACTION;
CREATE TABLE sources (source_code TEXT PRIMARY KEY, source_document TEXT NOT NULL);
CREATE TABLE lexical_entries (record_id TEXT PRIMARY KEY, headword TEXT NOT NULL, headword_raw TEXT NOT NULL, headword_normalized TEXT NOT NULL, homonym_number INTEGER, classification TEXT NOT NULL, classification_family TEXT NOT NULL, translation_raw TEXT NOT NULL, comments_raw TEXT NOT NULL, source_code TEXT NOT NULL REFERENCES sources(source_code), page_start INTEGER NOT NULL, page_end INTEGER NOT NULL, transcription_status TEXT NOT NULL, publication_status TEXT NOT NULL CHECK (publication_status = 'Autorizada para difusión'), validation_status TEXT NOT NULL);
CREATE TABLE senses (sense_id TEXT PRIMARY KEY, entry_id TEXT NOT NULL REFERENCES lexical_entries(record_id) ON DELETE CASCADE, sense_order INTEGER NOT NULL, definition_es TEXT NOT NULL, UNIQUE(entry_id, sense_order));
CREATE TABLE examples (example_id TEXT PRIMARY KEY, entry_id TEXT NOT NULL REFERENCES lexical_entries(record_id) ON DELETE CASCADE, example_order INTEGER NOT NULL, example_text TEXT NOT NULL, UNIQUE(entry_id, example_order));
CREATE TABLE variants (variant_id TEXT PRIMARY KEY, entry_id TEXT NOT NULL REFERENCES lexical_entries(record_id) ON DELETE CASCADE, variant_order INTEGER NOT NULL, variant_text TEXT NOT NULL, UNIQUE(entry_id, variant_order));
INSERT INTO sources VALUES ('SRC-02', 'DICCIONARIO raramuri.pdf');
INSERT INTO lexical_entries VALUES ('RD-000001', 'A', 'A', 'a', NULL, 'Vt', 'Vt', 'Buscar', 'Nijeni ama cahué. Voy a buscar el caballo. ¡Ábasi! ¡Vayan a buscarlo! [pret.: ari; fut.: ama] Ábia simíbari, fueron a buscarlo. Abo, lo buscaremos, uds. lo buscarán. Ásagá, si lo busca. Ásiga, buscándolo. Ay, lo buscaba.', 'SRC-02', '3', '3', 'Transcrito', 'Autorizada para difusión', 'Pendiente de validación lingüística');
INSERT INTO senses VALUES ('RD-000001-S01', 'RD-000001', 1, 'Buscar');
INSERT INTO examples VALUES ('RD-000001-E01', 'RD-000001', 1, 'Nijeni ama cahué. Voy a buscar el caballo. ¡Ábasi! ¡Vayan a buscarlo! [pret.: ari; fut.: ama] Ábia simíbari, fueron a buscarlo. Abo, lo buscaremos, uds. lo buscarán. Ásagá, si lo busca. Ásiga, buscándolo. Ay, lo buscaba.');
INSERT INTO variants VALUES ('RD-000001-V01', 'RD-000001', 1, 'pret.: ari; fut.: ama');
INSERT INTO lexical_entries VALUES ('RD-000002', 'Abé', 'Abé', 'abe', NULL, 'Adv', 'Adv', 'Hoy', '1. Abé huarú ucuri. Hoy llovió mucho. 2.Hace rato. Véase jipi, curipi.', 'SRC-02', '3', '3', 'Transcrito', 'Autorizada para difusión', 'Pendiente de validación lingüística');
INSERT INTO senses VALUES ('RD-000002-S01', 'RD-000002', 1, 'Hoy');
INSERT INTO examples VALUES ('RD-000002-E01', 'RD-000002', 1, '1. Abé huarú ucuri. Hoy llovió mucho. 2.Hace rato. Véase jipi, curipi.');
INSERT INTO lexical_entries VALUES ('RD-000003', 'Abi, abiyena', 'Abi, abiyena', 'abi, abiyena', NULL, 'Adv', 'Adv', 'Sí', '¿Acha mi ''yárati? Ayena, abi. ¿Se lo dieron? Sí.', 'SRC-02', '3', '3', 'Transcrito', 'Autorizada para difusión', 'Pendiente de validación lingüística');
INSERT INTO senses VALUES ('RD-000003-S01', 'RD-000003', 1, 'Sí');
INSERT INTO examples VALUES ('RD-000003-E01', 'RD-000003', 1, '¿Acha mi ''yárati? Ayena, abi. ¿Se lo dieron? Sí.');
INSERT INTO variants VALUES ('RD-000003-V01', 'RD-000003', 1, 'abiyena');
INSERT INTO lexical_entries VALUES ('RD-000004', 'Abijí', 'Abijí', 'abiji', NULL, 'Adv', 'Adv', 'Todavía, aún', '¡Abijí buhué!, ¡Espera todavía! Abijí que cho ucú, todavía no llueve. I''yábijí temprano todavía. Abijí tibíami, sobrante. Abijí ucú, todavía llueve.', 'SRC-02', '3', '3', 'Transcrito', 'Autorizada para difusión', 'Pendiente de validación lingüística');
INSERT INTO senses VALUES ('RD-000004-S01', 'RD-000004', 1, 'Todavía, aún');
INSERT INTO examples VALUES ('RD-000004-E01', 'RD-000004', 1, '¡Abijí buhué!, ¡Espera todavía! Abijí que cho ucú, todavía no llueve. I''yábijí temprano todavía. Abijí tibíami, sobrante. Abijí ucú, todavía llueve.');
INSERT INTO lexical_entries VALUES ('RD-000005', 'Aboni', 'Aboni', 'aboni', NULL, 'Pron', 'Pron', 'Ellos, ellas', 'Aboni pirérachi, habitación de ellos.', 'SRC-02', '3', '3', 'Transcrito', 'Autorizada para difusión', 'Pendiente de validación lingüística');
INSERT INTO senses VALUES ('RD-000005-S01', 'RD-000005', 1, 'Ellos, ellas');
INSERT INTO examples VALUES ('RD-000005-E01', 'RD-000005', 1, 'Aboni pirérachi, habitación de ellos.');
INSERT INTO lexical_entries VALUES ('RD-000006', 'Acá', '1Acá', 'aca', '1', 'S', 'S', 'Cara, nariz', 'Binoy acara, su cara. Binoy acárachi, en su cara. Véase cho''ó.', 'SRC-02', '3', '3', 'Transcrito', 'Autorizada para difusión', 'Pendiente de validación lingüística');
INSERT INTO senses VALUES ('RD-000006-S01', 'RD-000006', 1, 'Cara, nariz');
INSERT INTO examples VALUES ('RD-000006-E01', 'RD-000006', 1, 'Binoy acara, su cara. Binoy acárachi, en su cara. Véase cho''ó.');
INSERT INTO lexical_entries VALUES ('RD-000007', 'Acá', '2Acá', 'aca', '2', 'Vi', 'Vi', '1. Tener sal 2. Está dulce o sabroso', '¿Acha gará acá muní?, ¿Tienen suficiente sal los frijoles? Hue gará acá je''ná muní, están muy bien de sal estos frijoles.', 'SRC-02', '3', '3', 'Transcrito', 'Autorizada para difusión', 'Pendiente de validación lingüística');
INSERT INTO senses VALUES ('RD-000007-S01', 'RD-000007', 1, 'Tener sal');
INSERT INTO senses VALUES ('RD-000007-S02', 'RD-000007', 2, 'Está dulce o sabroso');
INSERT INTO examples VALUES ('RD-000007-E01', 'RD-000007', 1, '¿Acha gará acá muní?, ¿Tienen suficiente sal los frijoles? Hue gará acá je''ná muní, están muy bien de sal estos frijoles.');
INSERT INTO lexical_entries VALUES ('RD-000008', 'Acá', '3Acá', 'aca', '3', 'S', 'S', 'Huarache', 'Nijeni quetasi te acá, no tengo huaraches.', 'SRC-02', '3', '3', 'Transcrito', 'Autorizada para difusión', 'Pendiente de validación lingüística');
INSERT INTO senses VALUES ('RD-000008-S01', 'RD-000008', 1, 'Huarache');
INSERT INTO examples VALUES ('RD-000008-E01', 'RD-000008', 1, 'Nijeni quetasi te acá, no tengo huaraches.');
INSERT INTO lexical_entries VALUES ('RD-000009', 'Acará', 'Acará', 'acara', NULL, 'Vi', 'Vi', 'Poner (huaraches)', '', 'SRC-02', '3', '3', 'Transcrito', 'Autorizada para difusión', 'Pendiente de validación lingüística');
INSERT INTO senses VALUES ('RD-000009-S01', 'RD-000009', 1, 'Poner (huaraches)');
INSERT INTO lexical_entries VALUES ('RD-000010', 'Acarapu', 'Acarapu', 'acarapu', NULL, 'Vi', 'Vi', 'Quitarse (huaraches)', '', 'SRC-02', '3', '3', 'Transcrito', 'Autorizada para difusión', 'Pendiente de validación lingüística');
INSERT INTO senses VALUES ('RD-000010-S01', 'RD-000010', 1, 'Quitarse (huaraches)');
INSERT INTO lexical_entries VALUES ('RD-000011', 'Acarapta', 'Acarapta', 'acarapta', NULL, 'Vt', 'Vt', 'Quitar (huaraches)', '', 'SRC-02', '3', '3', 'Transcrito', 'Autorizada para difusión', 'Pendiente de validación lingüística');
INSERT INTO senses VALUES ('RD-000011-S01', 'RD-000011', 1, 'Quitar (huaraches)');
INSERT INTO lexical_entries VALUES ('RD-000012', 'Acá', '4Acá', 'aca', '4', 'Vi', 'Vi', 'Embotarse, quitarse (el filo)', 'Ripurá acari, se embotó el hacha.', 'SRC-02', '3', '3', 'Transcrito', 'Autorizada para difusión', 'Pendiente de validación lingüística');
INSERT INTO senses VALUES ('RD-000012-S01', 'RD-000012', 1, 'Embotarse, quitarse (el filo)');
INSERT INTO examples VALUES ('RD-000012-E01', 'RD-000012', 1, 'Ripurá acari, se embotó el hacha.');
INSERT INTO lexical_entries VALUES ('RD-000013', 'Acáami', 'Acáami', 'acaami', NULL, 'Adj', 'Adj', '1. Salado 2. Dulce', '', 'SRC-02', '3', '3', 'Transcrito', 'Autorizada para difusión', 'Pendiente de validación lingüística');
INSERT INTO senses VALUES ('RD-000013-S01', 'RD-000013', 1, 'Salado');
INSERT INTO senses VALUES ('RD-000013-S02', 'RD-000013', 2, 'Dulce');
INSERT INTO lexical_entries VALUES ('RD-000014', 'Acáanami', 'Acáanami', 'acaanami', NULL, 'Adj', 'Adj', 'Sano de pie o de brazo (se usa negativamente)', 'Echi rijoy que acáanami ju, mapujiti binoy ronórachi nacórami ju, Ese hombre es cojo porque tiene la pierna chueca. Que acáanami, cojo. Que acanáami biréana ronochí, cojo de una pierna.', 'SRC-02', '3', '3', 'Transcrito', 'Autorizada para difusión', 'Pendiente de validación lingüística');
INSERT INTO senses VALUES ('RD-000014-S01', 'RD-000014', 1, 'Sano de pie o de brazo (se usa negativamente)');
INSERT INTO examples VALUES ('RD-000014-E01', 'RD-000014', 1, 'Echi rijoy que acáanami ju, mapujiti binoy ronórachi nacórami ju, Ese hombre es cojo porque tiene la pierna chueca. Que acáanami, cojo. Que acanáami biréana ronochí, cojo de una pierna.');
INSERT INTO lexical_entries VALUES ('RD-000015', 'Acabó', 'Acabó', 'acabo', NULL, 'S', 'S', 'Hoyo de la nariz, ventana de la nariz', '', 'SRC-02', '3', '3', 'Transcrito', 'Autorizada para difusión', 'Pendiente de validación lingüística');
INSERT INTO senses VALUES ('RD-000015-S01', 'RD-000015', 1, 'Hoyo de la nariz, ventana de la nariz');
INSERT INTO lexical_entries VALUES ('RD-000016', 'Acáchura', 'Acáchura', 'acachura', NULL, 'S', 'S', '1. Abuela paterna 2. Nieta (de la abuela paterna)', 'Echi nijé onorá iyera nijé acáchura ju, la mamá de mi papá es mi abuela paterna. Nijé acáchura, mi abuela (la mamá de mi papá).', 'SRC-02', '3', '4', 'Transcrito', 'Autorizada para difusión', 'Pendiente de validación lingüística');
INSERT INTO senses VALUES ('RD-000016-S01', 'RD-000016', 1, 'Abuela paterna');
INSERT INTO senses VALUES ('RD-000016-S02', 'RD-000016', 2, 'Nieta (de la abuela paterna)');
INSERT INTO examples VALUES ('RD-000016-E01', 'RD-000016', 1, 'Echi nijé onorá iyera nijé acáchura ju, la mamá de mi papá es mi abuela paterna. Nijé acáchura, mi abuela (la mamá de mi papá).');
INSERT INTO lexical_entries VALUES ('RD-000017', 'Acahui', 'Acahui', 'acahui', NULL, 'Vt', 'Vt', 'Salar', '', 'SRC-02', '4', '4', 'Transcrito', 'Autorizada para difusión', 'Pendiente de validación lingüística');
INSERT INTO senses VALUES ('RD-000017-S01', 'RD-000017', 1, 'Salar');
INSERT INTO lexical_entries VALUES ('RD-000018', 'Acajihua', 'Acajihua', 'acajihua', NULL, 'S', 'S', 'Correa', 'Acajihua ma su''rari, ya se soltó la correa del huarache.', 'SRC-02', '4', '4', 'Transcrito', 'Autorizada para difusión', 'Pendiente de validación lingüística');
INSERT INTO senses VALUES ('RD-000018-S01', 'RD-000018', 1, 'Correa');
INSERT INTO examples VALUES ('RD-000018-E01', 'RD-000018', 1, 'Acajihua ma su''rari, ya se soltó la correa del huarache.');
INSERT INTO lexical_entries VALUES ('RD-000019', 'Acajihua', 'Acajihua', 'acajihua', NULL, 'Vr', 'Vr', 'Ponerse correas a los huaraches', 'Nijé acajíhuara, mis correas', 'SRC-02', '4', '4', 'Transcrito', 'Autorizada para difusión', 'Pendiente de validación lingüística');
INSERT INTO senses VALUES ('RD-000019-S01', 'RD-000019', 1, 'Ponerse correas a los huaraches');
INSERT INTO examples VALUES ('RD-000019-E01', 'RD-000019', 1, 'Nijé acajíhuara, mis correas');
INSERT INTO lexical_entries VALUES ('RD-000020', 'Acami', 'Acami', 'acami', NULL, 'Adj sing', 'Adj', 'Vivo', 'Abijí acami ju cochí, todavía está vivo el perro.', 'SRC-02', '4', '4', 'Transcrito', 'Autorizada para difusión', 'Pendiente de validación lingüística');
INSERT INTO senses VALUES ('RD-000020-S01', 'RD-000020', 1, 'Vivo');
INSERT INTO examples VALUES ('RD-000020-E01', 'RD-000020', 1, 'Abijí acami ju cochí, todavía está vivo el perro.');
INSERT INTO lexical_entries VALUES ('RD-000021', 'Acaná', 'Acaná', 'acana', NULL, 'Adv', 'Adv', 'Boca abajo', 'Acaná huichiri, se cayó boca abajo. ¡Acaná achá bitori! ¡Voltea el cajete (boca abajo)!', 'SRC-02', '4', '4', 'Transcrito', 'Autorizada para difusión', 'Pendiente de validación lingüística');
INSERT INTO senses VALUES ('RD-000021-S01', 'RD-000021', 1, 'Boca abajo');
INSERT INTO examples VALUES ('RD-000021-E01', 'RD-000021', 1, 'Acaná huichiri, se cayó boca abajo. ¡Acaná achá bitori! ¡Voltea el cajete (boca abajo)!');
INSERT INTO lexical_entries VALUES ('RD-000022', 'Acánami', 'Acánami', 'acanami', NULL, 'Pp', 'Pp', 'Aliviado (de pie, brazo, etc.), sano así', '', 'SRC-02', '4', '4', 'Transcrito', 'Autorizada para difusión', 'Pendiente de validación lingüística');
INSERT INTO senses VALUES ('RD-000022-S01', 'RD-000022', 1, 'Aliviado (de pie, brazo, etc.), sano así');
INSERT INTO lexical_entries VALUES ('RD-000023', 'Acará', '1Acará', 'acara', '1', 'Vt', 'Vt', 'Herrar', '', 'SRC-02', '4', '4', 'Transcrito', 'Autorizada para difusión', 'Pendiente de validación lingüística');
INSERT INTO senses VALUES ('RD-000023-S01', 'RD-000023', 1, 'Herrar');
INSERT INTO lexical_entries VALUES ('RD-000024', 'Acará', '2Acará', 'acara', '2', 'S', 'S', 'Rostro', '', 'SRC-02', '4', '4', 'Transcrito', 'Autorizada para difusión', 'Pendiente de validación lingüística');
INSERT INTO senses VALUES ('RD-000024-S01', 'RD-000024', 1, 'Rostro');
INSERT INTO lexical_entries VALUES ('RD-000025', 'Acha', 'Acha', 'acha', NULL, 'Adv', 'Adv', '¿Acaso…? (solo se usa en preguntas)', '¿Acha gará ju?, ¿Estás bien? ¿Quecha gará ju?, ¿No estás bien?', 'SRC-02', '4', '4', 'Transcrito', 'Autorizada para difusión', 'Pendiente de validación lingüística');
INSERT INTO senses VALUES ('RD-000025-S01', 'RD-000025', 1, '¿Acaso…? (solo se usa en preguntas)');
INSERT INTO examples VALUES ('RD-000025-E01', 'RD-000025', 1, '¿Acha gará ju?, ¿Estás bien? ¿Quecha gará ju?, ¿No estás bien?');
INSERT INTO lexical_entries VALUES ('RD-000026', 'Achá', 'Achá', 'acha', NULL, 'Vt', 'Vt', 'Poner (una sola cosa o persona), colocar', 'Echo''ná achámani, voy a ponerlo allí. Nijeni naquiri echo''ná achayá, yo quería ponerlo allí. Echo''ná achárati, fue puesto allí. Sicochi achari rité, puso la piedra en el rincón. [pl.: muchuhua]', 'SRC-02', '4', '4', 'Transcrito', 'Autorizada para difusión', 'Pendiente de validación lingüística');
INSERT INTO senses VALUES ('RD-000026-S01', 'RD-000026', 1, 'Poner (una sola cosa o persona), colocar');
INSERT INTO examples VALUES ('RD-000026-E01', 'RD-000026', 1, 'Echo''ná achámani, voy a ponerlo allí. Nijeni naquiri echo''ná achayá, yo quería ponerlo allí. Echo''ná achárati, fue puesto allí. Sicochi achari rité, puso la piedra en el rincón. [pl.: muchuhua]');
INSERT INTO variants VALUES ('RD-000026-V01', 'RD-000026', 1, 'pl.: muchuhua');
INSERT INTO lexical_entries VALUES ('RD-000027', 'Achagó', 'Achagó', 'achago', NULL, 'S', 'S', 'Una mata espinosa (semejante a la manzanilla; las chivas comen las ramitas)', 'Achagóachi, lugar donde hay esa mata.', 'SRC-02', '4', '4', 'Transcrito', 'Autorizada para difusión', 'Pendiente de validación lingüística');
INSERT INTO senses VALUES ('RD-000027-S01', 'RD-000027', 1, 'Una mata espinosa (semejante a la manzanilla; las chivas comen las ramitas)');
INSERT INTO examples VALUES ('RD-000027-E01', 'RD-000027', 1, 'Achagóachi, lugar donde hay esa mata.');
INSERT INTO lexical_entries VALUES ('RD-000028', 'Achapa', 'Achapa', 'achapa', NULL, 'Vt', 'Vt', 'Golpear ropa o cobija sobre una roca o con un palo para quitar el agua.', '', 'SRC-02', '4', '4', 'Transcrito', 'Autorizada para difusión', 'Pendiente de validación lingüística');
INSERT INTO senses VALUES ('RD-000028-S01', 'RD-000028', 1, 'Golpear ropa o cobija sobre una roca o con un palo para quitar el agua.');
INSERT INTO lexical_entries VALUES ('RD-000029', '''Aché', '''Aché', '''ache', NULL, 'Vi', 'Vi', 'Atiesarse (de frío), morirse (de frío)', 'Biré táa tohuí ''acheca mucuri, mapujiti quetasi teri quima, un niño chiquito se atiesó, y murió así, porque no tenía cobija.', 'SRC-02', '4', '4', 'Transcrito', 'Autorizada para difusión', 'Pendiente de validación lingüística');
INSERT INTO senses VALUES ('RD-000029-S01', 'RD-000029', 1, 'Atiesarse (de frío), morirse (de frío)');
INSERT INTO examples VALUES ('RD-000029-E01', 'RD-000029', 1, 'Biré táa tohuí ''acheca mucuri, mapujiti quetasi teri quima, un niño chiquito se atiesó, y murió así, porque no tenía cobija.');
INSERT INTO lexical_entries VALUES ('RD-000030', 'Achí', 'Achí', 'achi', NULL, 'Vt', 'Vt', 'Reír, sonreír', 'Echi jaré rarámuri huabé achiri maparí nijé huichiri, los tarahumaras se rieron mucho cuando me caí.', 'SRC-02', '4', '4', 'Transcrito', 'Autorizada para difusión', 'Pendiente de validación lingüística');
INSERT INTO senses VALUES ('RD-000030-S01', 'RD-000030', 1, 'Reír, sonreír');
INSERT INTO examples VALUES ('RD-000030-E01', 'RD-000030', 1, 'Echi jaré rarámuri huabé achiri maparí nijé huichiri, los tarahumaras se rieron mucho cuando me caí.');
INSERT INTO lexical_entries VALUES ('RD-000031', 'Achíami', 'Achíami', 'achiami', NULL, 'Adj', 'Adj', 'Risueño', '', 'SRC-02', '4', '4', 'Transcrito', 'Autorizada para difusión', 'Pendiente de validación lingüística');
INSERT INTO senses VALUES ('RD-000031-S01', 'RD-000031', 1, 'Risueño');
INSERT INTO lexical_entries VALUES ('RD-000032', 'Achigó yiri ju', 'Achigó yiri ju', 'achigo yiri ju', NULL, '', 'Sin clasificar', 'Es igual', 'Véase néchigo', 'SRC-02', '4', '4', 'Transcrito', 'Autorizada para difusión', 'Pendiente de validación lingüística');
INSERT INTO senses VALUES ('RD-000032-S01', 'RD-000032', 1, 'Es igual');
INSERT INTO examples VALUES ('RD-000032-E01', 'RD-000032', 1, 'Véase néchigo');
INSERT INTO lexical_entries VALUES ('RD-000033', 'Achigórigá', 'Achigórigá', 'achigoriga', NULL, 'Adv', 'Adv', 'De la misma manera, así también', 'Echi rijoy nihuari biré namuti achigórigá mapurigá rihuari echo''ná huarúrachi, ese hombre hizo una cosa de la misma manera que vió en la ciudad.', 'SRC-02', '4', '4', 'Transcrito', 'Autorizada para difusión', 'Pendiente de validación lingüística');
INSERT INTO senses VALUES ('RD-000033-S01', 'RD-000033', 1, 'De la misma manera, así también');
INSERT INTO examples VALUES ('RD-000033-E01', 'RD-000033', 1, 'Echi rijoy nihuari biré namuti achigórigá mapurigá rihuari echo''ná huarúrachi, ese hombre hizo una cosa de la misma manera que vió en la ciudad.');
INSERT INTO lexical_entries VALUES ('RD-000034', 'A''huí', 'A''huí', 'a''hui', NULL, 'Vi', 'Vi', 'Brotar, nacer o germinar (semillas)', '[pret.: a''huiri, fut.: a''huimea]', 'SRC-02', '4', '4', 'Transcrito', 'Autorizada para difusión', 'Pendiente de validación lingüística');
INSERT INTO senses VALUES ('RD-000034-S01', 'RD-000034', 1, 'Brotar, nacer o germinar (semillas)');
INSERT INTO examples VALUES ('RD-000034-E01', 'RD-000034', 1, '[pret.: a''huiri, fut.: a''huimea]');
INSERT INTO variants VALUES ('RD-000034-V01', 'RD-000034', 1, 'pret.: a''huiri, fut.: a''huimea');
INSERT INTO lexical_entries VALUES ('RD-000035', 'Ahuínari', 'Ahuínari', 'ahuinari', NULL, 'Adv pl', 'Adv', 'Solos', '[sing.: bi''neri]', 'SRC-02', '4', '4', 'Transcrito', 'Autorizada para difusión', 'Pendiente de validación lingüística');
INSERT INTO senses VALUES ('RD-000035-S01', 'RD-000035', 1, 'Solos');
INSERT INTO examples VALUES ('RD-000035-E01', 'RD-000035', 1, '[sing.: bi''neri]');
INSERT INTO variants VALUES ('RD-000035-V01', 'RD-000035', 1, 'sing.: bi''neri');
INSERT INTO lexical_entries VALUES ('RD-000036', 'A''huínari', 'A''huínari', 'a''huinari', NULL, 'Adv', 'Adv', 'Aparte', 'Aboni a''huínara niráa napahuiri, ellos se juntaron aparte de los demás.', 'SRC-02', '4', '4', 'Transcrito', 'Autorizada para difusión', 'Pendiente de validación lingüística');
INSERT INTO senses VALUES ('RD-000036-S01', 'RD-000036', 1, 'Aparte');
INSERT INTO examples VALUES ('RD-000036-E01', 'RD-000036', 1, 'Aboni a''huínara niráa napahuiri, ellos se juntaron aparte de los demás.');
INSERT INTO lexical_entries VALUES ('RD-000037', 'Ajó', '1Ajó', 'ajo', '1', 'Vt', 'Vt', 'Desgranar maíz', '', 'SRC-02', '4', '4', 'Transcrito', 'Autorizada para difusión', 'Pendiente de validación lingüística');
INSERT INTO senses VALUES ('RD-000037-S01', 'RD-000037', 1, 'Desgranar maíz');
INSERT INTO lexical_entries VALUES ('RD-000038', 'Ajó', '2Ajó', 'ajo', '2', 'S', 'S', 'Mosquito, zancudo', '', 'SRC-02', '5', '5', 'Transcrito', 'Autorizada para difusión', 'Pendiente de validación lingüística');
INSERT INTO senses VALUES ('RD-000038-S01', 'RD-000038', 1, 'Mosquito, zancudo');
INSERT INTO lexical_entries VALUES ('RD-000039', 'A''lara', 'A''lara', 'a''lara', NULL, 'Vt', 'Vt', 'Mejorar, arreglar, preparar', 'Hue charé buhué; auchecho cu a''larabo, está muy malo el camino; lo arreglaremos. Vease ca''rara', 'SRC-02', '5', '5', 'Transcrito', 'Autorizada para difusión', 'Pendiente de validación lingüística');
INSERT INTO senses VALUES ('RD-000039-S01', 'RD-000039', 1, 'Mejorar, arreglar, preparar');
INSERT INTO examples VALUES ('RD-000039-E01', 'RD-000039', 1, 'Hue charé buhué; auchecho cu a''larabo, está muy malo el camino; lo arreglaremos. Vease ca''rara');
INSERT INTO variants VALUES ('RD-000039-V01', 'RD-000039', 1, 'véase ca''rara');
INSERT INTO lexical_entries VALUES ('RD-000040', 'Alimuri', 'Alimuri', 'alimuri', NULL, 'S', 'S', 'Decalitro', '', 'SRC-02', '5', '5', 'Transcrito', 'Autorizada para difusión', 'Pendiente de validación lingüística');
INSERT INTO senses VALUES ('RD-000040-S01', 'RD-000040', 1, 'Decalitro');
INSERT INTO lexical_entries VALUES ('RD-000041', 'Amá', 'Amá', 'ama', NULL, 'S', 'S', 'Hígado', '', 'SRC-02', '5', '5', 'Transcrito', 'Autorizada para difusión', 'Pendiente de validación lingüística');
INSERT INTO senses VALUES ('RD-000041-S01', 'RD-000041', 1, 'Hígado');
INSERT INTO lexical_entries VALUES ('RD-000042', 'Amaré', 'Amaré', 'amare', NULL, 'Vi', 'Vi', 'Tener hígado', 'Huáasi amará, hígado de vaca', 'SRC-02', '5', '5', 'Transcrito', 'Autorizada para difusión', 'Pendiente de validación lingüística');
INSERT INTO senses VALUES ('RD-000042-S01', 'RD-000042', 1, 'Tener hígado');
INSERT INTO examples VALUES ('RD-000042-E01', 'RD-000042', 1, 'Huáasi amará, hígado de vaca');
INSERT INTO lexical_entries VALUES ('RD-000043', 'Amachí', 'Amachí', 'amachi', NULL, 'Vt', 'Vt', 'Rezar', 'Echi jaré pagótami mo''huiri echo''ná pachá ri''obachi; ma amachima, la gente ya entró en la iglesia; van a rezar.', 'SRC-02', '5', '5', 'Transcrito', 'Autorizada para difusión', 'Pendiente de validación lingüística');
INSERT INTO senses VALUES ('RD-000043-S01', 'RD-000043', 1, 'Rezar');
INSERT INTO examples VALUES ('RD-000043-E01', 'RD-000043', 1, 'Echi jaré pagótami mo''huiri echo''ná pachá ri''obachi; ma amachima, la gente ya entró en la iglesia; van a rezar.');
INSERT INTO lexical_entries VALUES ('RD-000044', 'Amachícarahuami', 'Amachícarahuami', 'amachicarahuami', NULL, 'Adj', 'Adj', 'Perteneciente a la acción de rezar', '', 'SRC-02', '5', '5', 'Transcrito', 'Autorizada para difusión', 'Pendiente de validación lingüística');
INSERT INTO senses VALUES ('RD-000044-S01', 'RD-000044', 1, 'Perteneciente a la acción de rezar');
INSERT INTO lexical_entries VALUES ('RD-000045', 'Amarú', 'Amarú', 'amaru', NULL, 'Vi', 'Vi', 'Estar entero', 'Auchériga atí bachí; abijí amarúami ju, así está la cabalaza; todavía está enter.', 'SRC-02', '5', '5', 'Transcrito', 'Autorizada para difusión', 'Pendiente de validación lingüística');
INSERT INTO senses VALUES ('RD-000045-S01', 'RD-000045', 1, 'Estar entero');
INSERT INTO examples VALUES ('RD-000045-E01', 'RD-000045', 1, 'Auchériga atí bachí; abijí amarúami ju, así está la cabalaza; todavía está enter.');
INSERT INTO lexical_entries VALUES ('RD-000046', 'Amarúami', 'Amarúami', 'amaruami', NULL, 'Adj', 'Adj', 'Entero', '', 'SRC-02', '5', '5', 'Transcrito', 'Autorizada para difusión', 'Pendiente de validación lingüística');
INSERT INTO senses VALUES ('RD-000046-S01', 'RD-000046', 1, 'Entero');
INSERT INTO lexical_entries VALUES ('RD-000047', 'Amí', 'Amí', 'ami', NULL, 'Vt', 'Vt', 'Buscar', 'Nijeni simea huenomí ámia, voy a buscar dinero Símabo huenomí ábia, vamos a buscar dinero. ¡Amí!, ¡Vaya a buscarlo! Ámia simiri, fue a buscarlo.', 'SRC-02', '5', '5', 'Transcrito', 'Autorizada para difusión', 'Pendiente de validación lingüística');
INSERT INTO senses VALUES ('RD-000047-S01', 'RD-000047', 1, 'Buscar');
INSERT INTO examples VALUES ('RD-000047-E01', 'RD-000047', 1, 'Nijeni simea huenomí ámia, voy a buscar dinero Símabo huenomí ábia, vamos a buscar dinero. ¡Amí!, ¡Vaya a buscarlo! Ámia simiri, fue a buscarlo.');
INSERT INTO lexical_entries VALUES ('RD-000048', 'Amígohua', 'Amígohua', 'amigohua', NULL, 'S', 'S', 'Amigo', 'Nijé amígohuara, mis amigos', 'SRC-02', '5', '5', 'Transcrito', 'Autorizada para difusión', 'Pendiente de validación lingüística');
INSERT INTO senses VALUES ('RD-000048-S01', 'RD-000048', 1, 'Amigo');
INSERT INTO examples VALUES ('RD-000048-E01', 'RD-000048', 1, 'Nijé amígohuara, mis amigos');
INSERT INTO lexical_entries VALUES ('RD-000049', 'Amóo, amoque', 'Amóo, amoque', 'amoo, amoque', NULL, 'S', 'S', 'Panal, miel de abeja', 'Huamí ripá coráachi chucú biré amóo, allá arriba, en la escarpadura, está colgado un panal.', 'SRC-02', '5', '5', 'Transcrito', 'Autorizada para difusión', 'Pendiente de validación lingüística');
INSERT INTO senses VALUES ('RD-000049-S01', 'RD-000049', 1, 'Panal, miel de abeja');
INSERT INTO examples VALUES ('RD-000049-E01', 'RD-000049', 1, 'Huamí ripá coráachi chucú biré amóo, allá arriba, en la escarpadura, está colgado un panal.');
INSERT INTO variants VALUES ('RD-000049-V01', 'RD-000049', 1, 'amoque');
INSERT INTO lexical_entries VALUES ('RD-000050', 'Aná', '1Aná', 'ana', '1', 'Adv', 'Adv', 'De otro modo', 'Aná cho niráa ra''ichari, habló de otro modo.', 'SRC-02', '5', '5', 'Transcrito', 'Autorizada para difusión', 'Pendiente de validación lingüística');
INSERT INTO senses VALUES ('RD-000050-S01', 'RD-000050', 1, 'De otro modo');
INSERT INTO examples VALUES ('RD-000050-E01', 'RD-000050', 1, 'Aná cho niráa ra''ichari, habló de otro modo.');
INSERT INTO lexical_entries VALUES ('RD-000051', 'Aná', '2Aná', 'ana', '2', 'S', 'S', '1. Ala 2. Aleta', 'Churuguí anará, alas de pájaro Rochí anará, aletas de pez', 'SRC-02', '5', '5', 'Transcrito', 'Autorizada para difusión', 'Pendiente de validación lingüística');
INSERT INTO senses VALUES ('RD-000051-S01', 'RD-000051', 1, 'Ala');
INSERT INTO senses VALUES ('RD-000051-S02', 'RD-000051', 2, 'Aleta');
INSERT INTO examples VALUES ('RD-000051-E01', 'RD-000051', 1, 'Churuguí anará, alas de pájaro Rochí anará, aletas de pez');
INSERT INTO lexical_entries VALUES ('RD-000052', 'A’nabáa', 'A’nabáa', 'a''nabaa', NULL, 'Vi', 'Vi', 'Juntarse', 'Jena’í piréami pagótami a’nabáari echo’ná comurachi, la gente de aquí se juntó en la casa de la comunidad', 'SRC-02', '5', '5', 'Transcrito', 'Autorizada para difusión', 'Pendiente de validación lingüística');
INSERT INTO senses VALUES ('RD-000052-S01', 'RD-000052', 1, 'Juntarse');
INSERT INTO examples VALUES ('RD-000052-E01', 'RD-000052', 1, 'Jena’í piréami pagótami a’nabáari echo’ná comurachi, la gente de aquí se juntó en la casa de la comunidad');
INSERT INTO lexical_entries VALUES ('RD-000053', 'Anacha', 'Anacha', 'anacha', NULL, 'Vi', 'Vi', 'Aguantar', 'Maparí rarajípari, échi rijoy quetasi anáchari, cuando corrieron con la bolsa, ese hombre no aguantó. Biquiyá norí chopi anáchari, solamente aguantó tres vueltas. Ne huabé ocó ramichí; nijeni quetasi omero huaminabi anacha, me duele mucho la muela; no puedo aguantarla más. [pret.: anáchari; fut.: anachama]', 'SRC-02', '5', '5', 'Transcrito', 'Autorizada para difusión', 'Pendiente de validación lingüística');
INSERT INTO senses VALUES ('RD-000053-S01', 'RD-000053', 1, 'Aguantar');
INSERT INTO examples VALUES ('RD-000053-E01', 'RD-000053', 1, 'Maparí rarajípari, échi rijoy quetasi anáchari, cuando corrieron con la bolsa, ese hombre no aguantó. Biquiyá norí chopi anáchari, solamente aguantó tres vueltas. Ne huabé ocó ramichí; nijeni quetasi omero huaminabi anacha, me duele mucho la muela; no puedo aguantarla más. [pret.: anáchari; fut.: anachama]');
INSERT INTO variants VALUES ('RD-000053-V01', 'RD-000053', 1, 'pret.: anáchari; fut.: anachama');
INSERT INTO lexical_entries VALUES ('RD-000054', 'Anachapa', 'Anachapa', 'anachapa', NULL, 'Vi', 'Vi', 'Aletear', '', 'SRC-02', '5', '5', 'Transcrito', 'Autorizada para difusión', 'Pendiente de validación lingüística');
INSERT INTO senses VALUES ('RD-000054-S01', 'RD-000054', 1, 'Aletear');
INSERT INTO lexical_entries VALUES ('RD-000055', 'A’nagú', 'A’nagú', 'a''nagu', NULL, 'Adv', 'Adv', 'Mutuamente, unos a otros', '', 'SRC-02', '5', '5', 'Transcrito', 'Autorizada para difusión', 'Pendiente de validación lingüística');
INSERT INTO senses VALUES ('RD-000055-S01', 'RD-000055', 1, 'Mutuamente, unos a otros');
INSERT INTO lexical_entries VALUES ('RD-000056', 'Anahué', 'Anahué', 'anahue', NULL, 'Vi', 'Vi', 'Aletear', '', 'SRC-02', '5', '5', 'Transcrito', 'Autorizada para difusión', 'Pendiente de validación lingüística');
INSERT INTO senses VALUES ('RD-000056-S01', 'RD-000056', 1, 'Aletear');
INSERT INTO lexical_entries VALUES ('RD-000057', 'Anahui', 'Anahui', 'anahui', NULL, 'Vt', 'Vt', 'Medir, pesar', 'Gará anáhuari echi sunú, mapurigá ibiri chópirigá chapimea, midieron bien el maíz, para que cada uno reciba la misma cantidad. [pret.: anpahuari; fut.: anáhuima]', 'SRC-02', '5', '6', 'Transcrito', 'Autorizada para difusión', 'Pendiente de validación lingüística');
INSERT INTO senses VALUES ('RD-000057-S01', 'RD-000057', 1, 'Medir, pesar');
INSERT INTO examples VALUES ('RD-000057-E01', 'RD-000057', 1, 'Gará anáhuari echi sunú, mapurigá ibiri chópirigá chapimea, midieron bien el maíz, para que cada uno reciba la misma cantidad. [pret.: anpahuari; fut.: anáhuima]');
INSERT INTO variants VALUES ('RD-000057-V01', 'RD-000057', 1, 'pret.: anpahuari; fut.: anáhuima');
INSERT INTO lexical_entries VALUES ('RD-000058', 'A’nahuí', 'A’nahuí', 'a''nahui', NULL, 'Adv', 'Adv', '1. Al mismo tiempo 2. igual', 'A’nahuí ochérari, nacieron al mismo tiempo. Ne a’nahuí buyari, salieron al mismo tiempo. Ocuánica ne a''nahuí ju, los dos son iguales. A''nahuí ju, son iguales', 'SRC-02', '6', '6', 'Transcrito', 'Autorizada para difusión', 'Pendiente de validación lingüística');
INSERT INTO senses VALUES ('RD-000058-S01', 'RD-000058', 1, 'Al mismo tiempo');
INSERT INTO senses VALUES ('RD-000058-S02', 'RD-000058', 2, 'igual');
INSERT INTO examples VALUES ('RD-000058-E01', 'RD-000058', 1, 'A’nahuí ochérari, nacieron al mismo tiempo. Ne a’nahuí buyari, salieron al mismo tiempo. Ocuánica ne a''nahuí ju, los dos son iguales. A''nahuí ju, son iguales');
INSERT INTO lexical_entries VALUES ('RD-000059', 'A''najata', 'A''najata', 'a''najata', NULL, 'Vt', 'Vt', 'Perseguir', 'Echi rijoy quimá chigósari, echijiti a''najátabo, ese hombre se robó una cobija; por eso lo perseguiremos. [pret.: a''najátari; fut.: a’najátama]', 'SRC-02', '6', '6', 'Transcrito', 'Autorizada para difusión', 'Pendiente de validación lingüística');
INSERT INTO senses VALUES ('RD-000059-S01', 'RD-000059', 1, 'Perseguir');
INSERT INTO examples VALUES ('RD-000059-E01', 'RD-000059', 1, 'Echi rijoy quimá chigósari, echijiti a''najátabo, ese hombre se robó una cobija; por eso lo perseguiremos. [pret.: a''najátari; fut.: a’najátama]');
INSERT INTO variants VALUES ('RD-000059-V01', 'RD-000059', 1, 'pret.: a''najátari; fut.: a’najátama');
INSERT INTO lexical_entries VALUES ('RD-000060', 'A''namótami', 'A''namótami', 'a''namotami', NULL, 'Adv', 'Adv', 'Uno encima del otro', '', 'SRC-02', '6', '6', 'Transcrito', 'Autorizada para difusión', 'Pendiente de validación lingüística');
INSERT INTO senses VALUES ('RD-000060-S01', 'RD-000060', 1, 'Uno encima del otro');
INSERT INTO lexical_entries VALUES ('RD-000061', 'A''namótana', 'A''namótana', 'a''namotana', NULL, 'Vt', 'Vt', 'Poner (uno encima del otro)', 'Napabuca a''namótana muchúhuari, las puso una encima de la otra, haciendo un montón.', 'SRC-02', '6', '6', 'Transcrito', 'Autorizada para difusión', 'Pendiente de validación lingüística');
INSERT INTO senses VALUES ('RD-000061-S01', 'RD-000061', 1, 'Poner (uno encima del otro)');
INSERT INTO examples VALUES ('RD-000061-E01', 'RD-000061', 1, 'Napabuca a''namótana muchúhuari, las puso una encima de la otra, haciendo un montón.');
INSERT INTO lexical_entries VALUES ('RD-000062', 'Anara', 'Anara', 'anara', NULL, 'Vt', 'Vt', 'Igualar', '', 'SRC-02', '6', '6', 'Transcrito', 'Autorizada para difusión', 'Pendiente de validación lingüística');
INSERT INTO senses VALUES ('RD-000062-S01', 'RD-000062', 1, 'Igualar');
INSERT INTO lexical_entries VALUES ('RD-000063', 'A''nayáhuari', 'A''nayáhuari', 'a''nayahuari', NULL, 'S pl', 'S', 'Los que vivieron hace mucho, los espíritus de los antepasados', 'Jaré rarámuri mayé mapu echi jaré qui''yá piréami pagótami arihuá abijí ''yena jena''í, echijiti maparí echi jaré rarámuri huabé majajáratami ju, rocogó niráa, aboni mayé mapu a''nayáhuari ''yena. Algunos tarahumaras creen que los espíritus de los que vivieron hace mucho todavía andan aquí, por eso, cuando ellos están muy asustados en la noche, creen que los espíritus de los antepasados andan por ahí.', 'SRC-02', '6', '6', 'Transcrito', 'Autorizada para difusión', 'Pendiente de validación lingüística');
INSERT INTO senses VALUES ('RD-000063-S01', 'RD-000063', 1, 'Los que vivieron hace mucho, los espíritus de los antepasados');
INSERT INTO examples VALUES ('RD-000063-E01', 'RD-000063', 1, 'Jaré rarámuri mayé mapu echi jaré qui''yá piréami pagótami arihuá abijí ''yena jena''í, echijiti maparí echi jaré rarámuri huabé majajáratami ju, rocogó niráa, aboni mayé mapu a''nayáhuari ''yena. Algunos tarahumaras creen que los espíritus de los que vivieron hace mucho todavía andan aquí, por eso, cuando ellos están muy asustados en la noche, creen que los espíritus de los antepasados andan por ahí.');
INSERT INTO lexical_entries VALUES ('RD-000064', 'Ané', 'Ané', 'ane', NULL, 'Vt', 'Vt', 'Decir', 'Maparí echi rijoy ra''íchari tamí yuhua, binoy tamí aneri mapu binoy onorá ma mucuri, cuando ese hombre habló conmigo, me dijo que su papá ya había muerto.', 'SRC-02', '6', '6', 'Transcrito', 'Autorizada para difusión', 'Pendiente de validación lingüística');
INSERT INTO senses VALUES ('RD-000064-S01', 'RD-000064', 1, 'Decir');
INSERT INTO examples VALUES ('RD-000064-E01', 'RD-000064', 1, 'Maparí echi rijoy ra''íchari tamí yuhua, binoy tamí aneri mapu binoy onorá ma mucuri, cuando ese hombre habló conmigo, me dijo que su papá ya había muerto.');
INSERT INTO lexical_entries VALUES ('RD-000065', 'Ané', 'Ané', 'ane', NULL, 'Vi', 'Vi', 'Sonar fuerte', 'Jeané, le dice esto Anebi, le hubiéramos dicho Anemi, le hubiera dicho', 'SRC-02', '6', '6', 'Transcrito', 'Autorizada para difusión', 'Pendiente de validación lingüística');
INSERT INTO senses VALUES ('RD-000065-S01', 'RD-000065', 1, 'Sonar fuerte');
INSERT INTO examples VALUES ('RD-000065-E01', 'RD-000065', 1, 'Jeané, le dice esto Anebi, le hubiéramos dicho Anemi, le hubiera dicho');
INSERT INTO lexical_entries VALUES ('RD-000066', 'Anérami', 'Anérami', 'anerami', NULL, 'Pp', 'Pp', 'Le fue dicho', '', 'SRC-02', '6', '6', 'Transcrito', 'Autorizada para difusión', 'Pendiente de validación lingüística');
INSERT INTO senses VALUES ('RD-000066-S01', 'RD-000066', 1, 'Le fue dicho');
INSERT INTO lexical_entries VALUES ('RD-000067', 'Anérati', 'Anérati', 'anerati', NULL, 'Vi', 'Vi', 'Fue dicho fue avisado (pasivo)', '', 'SRC-02', '6', '6', 'Transcrito', 'Autorizada para difusión', 'Pendiente de validación lingüística');
INSERT INTO senses VALUES ('RD-000067-S01', 'RD-000067', 1, 'Fue dicho fue avisado (pasivo)');
INSERT INTO lexical_entries VALUES ('RD-000068', 'Anéchani', 'Anéchani', 'anechani', NULL, 'Vi', 'Vi', 'Rezumbar', '', 'SRC-02', '6', '6', 'Transcrito', 'Autorizada para difusión', 'Pendiente de validación lingüística');
INSERT INTO senses VALUES ('RD-000068-S01', 'RD-000068', 1, 'Rezumbar');
INSERT INTO lexical_entries VALUES ('RD-000069', 'Aní', 'Aní', 'ani', NULL, 'Vi', 'Vi', 'Decir', '', 'SRC-02', '6', '6', 'Transcrito', 'Autorizada para difusión', 'Pendiente de validación lingüística');
INSERT INTO senses VALUES ('RD-000069-S01', 'RD-000069', 1, 'Decir');
INSERT INTO lexical_entries VALUES ('RD-000070', 'Anihuami', 'Anihuami', 'anihuami', NULL, 'Pp', 'Pp', 'Querer decir', '¿Churigá anihuami ju?, ¿Qué quiere decir?', 'SRC-02', '6', '6', 'Transcrito', 'Autorizada para difusión', 'Pendiente de validación lingüística');
INSERT INTO senses VALUES ('RD-000070-S01', 'RD-000070', 1, 'Querer decir');
INSERT INTO examples VALUES ('RD-000070-E01', 'RD-000070', 1, '¿Churigá anihuami ju?, ¿Qué quiere decir?');
INSERT INTO lexical_entries VALUES ('RD-000071', 'Anirá', 'Anirá', 'anira', NULL, 'Vi', 'Vi', 'Decir', '¿Churigá anirá?, ¿Cómo dirá?', 'SRC-02', '6', '6', 'Transcrito', 'Autorizada para difusión', 'Pendiente de validación lingüística');
INSERT INTO senses VALUES ('RD-000071-S01', 'RD-000071', 1, 'Decir');
INSERT INTO examples VALUES ('RD-000071-E01', 'RD-000071', 1, '¿Churigá anirá?, ¿Cómo dirá?');
INSERT INTO lexical_entries VALUES ('RD-000072', 'Aniríhuachi', 'Aniríhuachi', 'anirihuachi', NULL, 'Adv', 'Adv', 'En el tiempo en que se dice', '', 'SRC-02', '6', '6', 'Transcrito', 'Autorizada para difusión', 'Pendiente de validación lingüística');
INSERT INTO senses VALUES ('RD-000072-S01', 'RD-000072', 1, 'En el tiempo en que se dice');
INSERT INTO lexical_entries VALUES ('RD-000073', 'Aniríhuami', 'Aniríhuami', 'anirihuami', NULL, 'Pp', 'Pp', 'Nombrado', 'Samichí aniríhuachi, lugar nombrado Samachique', 'SRC-02', '6', '6', 'Transcrito', 'Autorizada para difusión', 'Pendiente de validación lingüística');
INSERT INTO senses VALUES ('RD-000073-S01', 'RD-000073', 1, 'Nombrado');
INSERT INTO examples VALUES ('RD-000073-E01', 'RD-000073', 1, 'Samichí aniríhuachi, lugar nombrado Samachique');
INSERT INTO lexical_entries VALUES ('RD-000074', 'Aoréachi', 'Aoréachi', 'aoreachi', NULL, 'S', 'S', 'Tascatal', '', 'SRC-02', '7', '7', 'Transcrito', 'Autorizada para difusión', 'Pendiente de validación lingüística');
INSERT INTO senses VALUES ('RD-000074-S01', 'RD-000074', 1, 'Tascatal');
INSERT INTO lexical_entries VALUES ('RD-000075', 'Aorí', 'Aorí', 'aori', NULL, 'S', 'S', 'Táscate (un árbol de la familia del cedro)', '', 'SRC-02', '7', '7', 'Transcrito', 'Autorizada para difusión', 'Pendiente de validación lingüística');
INSERT INTO senses VALUES ('RD-000075-S01', 'RD-000075', 1, 'Táscate (un árbol de la familia del cedro)');
INSERT INTO lexical_entries VALUES ('RD-000076', 'Apabera', 'Apabera', 'apabera', NULL, 'Vi', 'Vi', 'Andar acarreando (en el lomo)', '[fut.: apabérama]', 'SRC-02', '7', '7', 'Transcrito', 'Autorizada para difusión', 'Pendiente de validación lingüística');
INSERT INTO senses VALUES ('RD-000076-S01', 'RD-000076', 1, 'Andar acarreando (en el lomo)');
INSERT INTO examples VALUES ('RD-000076-E01', 'RD-000076', 1, '[fut.: apabérama]');
INSERT INTO variants VALUES ('RD-000076-V01', 'RD-000076', 1, 'fut.: apabérama');
INSERT INTO lexical_entries VALUES ('RD-000077', 'Apanérohua', 'Apanérohua', 'apanerohua', NULL, 'S', 'S', 'Compañero', '', 'SRC-02', '7', '7', 'Transcrito', 'Autorizada para difusión', 'Pendiente de validación lingüística');
INSERT INTO senses VALUES ('RD-000077-S01', 'RD-000077', 1, 'Compañero');
INSERT INTO lexical_entries VALUES ('RD-000078', 'Aparocha', 'Aparocha', 'aparocha', NULL, 'S', 'S', 'Abuelo materno', 'Echi nijé iyera onorá nijé aparóchahuara ju, el papá de mi madre es mi abuelo materno.', 'SRC-02', '7', '7', 'Transcrito', 'Autorizada para difusión', 'Pendiente de validación lingüística');
INSERT INTO senses VALUES ('RD-000078-S01', 'RD-000078', 1, 'Abuelo materno');
INSERT INTO examples VALUES ('RD-000078-E01', 'RD-000078', 1, 'Echi nijé iyera onorá nijé aparóchahuara ju, el papá de mi madre es mi abuelo materno.');
INSERT INTO lexical_entries VALUES ('RD-000079', 'Aparocha', 'Aparocha', 'aparocha', NULL, 'S', 'S', 'Nieto (del abuelo materno)', 'Echi nijé iyera onorá nijé aparóchahuara ju, el papá de mi madre es mi abuelo materno.', 'SRC-02', '7', '7', 'Transcrito', 'Autorizada para difusión', 'Pendiente de validación lingüística');
INSERT INTO senses VALUES ('RD-000079-S01', 'RD-000079', 1, 'Nieto (del abuelo materno)');
INSERT INTO examples VALUES ('RD-000079-E01', 'RD-000079', 1, 'Echi nijé iyera onorá nijé aparóchahuara ju, el papá de mi madre es mi abuelo materno.');
INSERT INTO lexical_entries VALUES ('RD-000080', 'Aparú', 'Aparú', 'aparu', NULL, 'Vi', 'Vi', 'Estar bravo', '', 'SRC-02', '7', '7', 'Transcrito', 'Autorizada para difusión', 'Pendiente de validación lingüística');
INSERT INTO senses VALUES ('RD-000080-S01', 'RD-000080', 1, 'Estar bravo');
INSERT INTO lexical_entries VALUES ('RD-000081', 'Aparúami', 'Aparúami', 'aparuami', NULL, 'Adj', 'Adj', 'Bravo, cruel, feroz, malvado, valiente, violento', '', 'SRC-02', '7', '7', 'Transcrito', 'Autorizada para difusión', 'Pendiente de validación lingüística');
INSERT INTO senses VALUES ('RD-000081-S01', 'RD-000081', 1, 'Bravo, cruel, feroz, malvado, valiente, violento');
INSERT INTO lexical_entries VALUES ('RD-000082', 'Apé', 'Apé', 'ape', NULL, 'Vt', 'Vt', 'Echar a la espalda', 'Nijé apema, yo voy a traerlo en la espalda. Echi rijoy apema cuco, ese hombre se va a echar un tercio de leña en la espalda.', 'SRC-02', '7', '7', 'Transcrito', 'Autorizada para difusión', 'Pendiente de validación lingüística');
INSERT INTO senses VALUES ('RD-000082-S01', 'RD-000082', 1, 'Echar a la espalda');
INSERT INTO examples VALUES ('RD-000082-E01', 'RD-000082', 1, 'Nijé apema, yo voy a traerlo en la espalda. Echi rijoy apema cuco, ese hombre se va a echar un tercio de leña en la espalda.');
INSERT INTO lexical_entries VALUES ('RD-000083', 'Apera', 'Apera', 'apera', NULL, 'Vt sing', 'Vt', 'Llevar en la espalda', 'Ripópachi apérama sunú, va a llevar el (saco de) maíz en la espalda. [fut.: aperama; pl.: pabera]', 'SRC-02', '7', '7', 'Transcrito', 'Autorizada para difusión', 'Pendiente de validación lingüística');
INSERT INTO senses VALUES ('RD-000083-S01', 'RD-000083', 1, 'Llevar en la espalda');
INSERT INTO examples VALUES ('RD-000083-E01', 'RD-000083', 1, 'Ripópachi apérama sunú, va a llevar el (saco de) maíz en la espalda. [fut.: aperama; pl.: pabera]');
INSERT INTO variants VALUES ('RD-000083-V01', 'RD-000083', 1, 'fut.: aperama; pl.: pabera');
INSERT INTO lexical_entries VALUES ('RD-000084', 'Apurá', 'Apurá', 'apura', NULL, 'Vi', 'Vi', 'Hacer olas (el agua)', '', 'SRC-02', '7', '7', 'Transcrito', 'Autorizada para difusión', 'Pendiente de validación lingüística');
INSERT INTO senses VALUES ('RD-000084-S01', 'RD-000084', 1, 'Hacer olas (el agua)');
INSERT INTO lexical_entries VALUES ('RD-000085', 'Apurí', 'Apurí', 'apuri', NULL, 'S', 'S', 'Un árbol de la barranca', '', 'SRC-02', '7', '7', 'Transcrito', 'Autorizada para difusión', 'Pendiente de validación lingüística');
INSERT INTO senses VALUES ('RD-000085-S01', 'RD-000085', 1, 'Un árbol de la barranca');
INSERT INTO lexical_entries VALUES ('RD-000086', 'Aqué', '1Aqué', 'aque', '1', 'Vi', 'Vi', 'Tener huaraches', 'Véase acá', 'SRC-02', '7', '7', 'Transcrito', 'Autorizada para difusión', 'Pendiente de validación lingüística');
INSERT INTO senses VALUES ('RD-000086-S01', 'RD-000086', 1, 'Tener huaraches');
INSERT INTO examples VALUES ('RD-000086-E01', 'RD-000086', 1, 'Véase acá');
INSERT INTO lexical_entries VALUES ('RD-000087', 'Aqué', '2Aqué', 'aque', '2', 'Vi', 'Vi', 'Nadar', '', 'SRC-02', '7', '7', 'Transcrito', 'Autorizada para difusión', 'Pendiente de validación lingüística');
INSERT INTO senses VALUES ('RD-000087-S01', 'RD-000087', 1, 'Nadar');
INSERT INTO lexical_entries VALUES ('RD-000088', 'Aquibi', 'Aquibi', 'aquibi', NULL, 'Vi sing', 'Vi', 'Desaparecer', '[pl.: mo''huibi]', 'SRC-02', '7', '7', 'Transcrito', 'Autorizada para difusión', 'Pendiente de validación lingüística');
INSERT INTO senses VALUES ('RD-000088-S01', 'RD-000088', 1, 'Desaparecer');
INSERT INTO examples VALUES ('RD-000088-E01', 'RD-000088', 1, '[pl.: mo''huibi]');
INSERT INTO variants VALUES ('RD-000088-V01', 'RD-000088', 1, 'pl.: mo''huibi');
INSERT INTO lexical_entries VALUES ('RD-000089', 'Arara', 'Arara', 'arara', NULL, 'S', 'S', 'Arado', '', 'SRC-02', '7', '7', 'Transcrito', 'Autorizada para difusión', 'Pendiente de validación lingüística');
INSERT INTO senses VALUES ('RD-000089-S01', 'RD-000089', 1, 'Arado');
INSERT INTO lexical_entries VALUES ('RD-000090', 'Aré', 'Aré', 'are', NULL, 'Vt', 'Vt', 'Descornar', 'Echi toro tamí chi''iburi; ma huaminá arémani, ese toro me acorneó; ya voy a descornarlo.', 'SRC-02', '7', '7', 'Transcrito', 'Autorizada para difusión', 'Pendiente de validación lingüística');
INSERT INTO senses VALUES ('RD-000090-S01', 'RD-000090', 1, 'Descornar');
INSERT INTO examples VALUES ('RD-000090-E01', 'RD-000090', 1, 'Echi toro tamí chi''iburi; ma huaminá arémani, ese toro me acorneó; ya voy a descornarlo.');
INSERT INTO lexical_entries VALUES ('RD-000091', 'Arí', 'Arí', 'ari', NULL, 'Adv', 'Adv', 'Tarde', 'Jipi arí, hoy en la tarde, enseguida', 'SRC-02', '7', '7', 'Transcrito', 'Autorizada para difusión', 'Pendiente de validación lingüística');
INSERT INTO senses VALUES ('RD-000091-S01', 'RD-000091', 1, 'Tarde');
INSERT INTO examples VALUES ('RD-000091-E01', 'RD-000091', 1, 'Jipi arí, hoy en la tarde, enseguida');
INSERT INTO lexical_entries VALUES ('RD-000092', 'Arí biché', 'Arí biché', 'ari biche', NULL, '', 'Sin clasificar', 'Entonces', '', 'SRC-02', '7', '7', 'Transcrito', 'Autorizada para difusión', 'Pendiente de validación lingüística');
INSERT INTO senses VALUES ('RD-000092-S01', 'RD-000092', 1, 'Entonces');
INSERT INTO lexical_entries VALUES ('RD-000093', 'Ariché', 'Ariché', 'ariche', NULL, 'Vi', 'Vi', 'Tardar, dilatar', '', 'SRC-02', '7', '7', 'Transcrito', 'Autorizada para difusión', 'Pendiente de validación lingüística');
INSERT INTO senses VALUES ('RD-000093-S01', 'RD-000093', 1, 'Tardar, dilatar');
INSERT INTO lexical_entries VALUES ('RD-000094', 'Arigá', 'Arigá', 'ariga', NULL, '', 'Sin clasificar', 'A pesar de, de todos modos', 'Arigá ruráachi nochabo, a pesar del frío vamos a trabajar. Arigá ''huérari, urgente Ariga ''huérari ju, es menester', 'SRC-02', '7', '7', 'Transcrito', 'Autorizada para difusión', 'Pendiente de validación lingüística');
INSERT INTO senses VALUES ('RD-000094-S01', 'RD-000094', 1, 'A pesar de, de todos modos');
INSERT INTO examples VALUES ('RD-000094-E01', 'RD-000094', 1, 'Arigá ruráachi nochabo, a pesar del frío vamos a trabajar. Arigá ''huérari, urgente Ariga ''huérari ju, es menester');
INSERT INTO lexical_entries VALUES ('RD-000095', 'Arihua', 'Arihua', 'arihua', NULL, 'Vi', 'Vi', 'Ser tarde, atardecer', 'Ma arihua, terico chonama, ya es tarde, pronto va a obscurecer.', 'SRC-02', '7', '7', 'Transcrito', 'Autorizada para difusión', 'Pendiente de validación lingüística');
INSERT INTO senses VALUES ('RD-000095-S01', 'RD-000095', 1, 'Ser tarde, atardecer');
INSERT INTO examples VALUES ('RD-000095-E01', 'RD-000095', 1, 'Ma arihua, terico chonama, ya es tarde, pronto va a obscurecer.');
INSERT INTO lexical_entries VALUES ('RD-000096', 'Arihuá', 'Arihuá', 'arihua', NULL, 'S', 'S', 'Alma', '', 'SRC-02', '7', '7', 'Transcrito', 'Autorizada para difusión', 'Pendiente de validación lingüística');
INSERT INTO senses VALUES ('RD-000096-S01', 'RD-000096', 1, 'Alma');
INSERT INTO lexical_entries VALUES ('RD-000097', 'Arihué', 'Arihué', 'arihue', NULL, 'Vt', 'Vt', 'Dejar', 'Rijoy huaminá arihueri binoy upira, el hombre dejó a su esposa. Echo''ná bitichí arihueri ripurá, dejó el hacha en la casa. ¡Arihué! ¡Quetasi namó orá!, ¡Déjalo! iNo le hagas nada! [pp.: arihuérami; fut.: arihuema]', 'SRC-02', '7', '7', 'Transcrito', 'Autorizada para difusión', 'Pendiente de validación lingüística');
INSERT INTO senses VALUES ('RD-000097-S01', 'RD-000097', 1, 'Dejar');
INSERT INTO examples VALUES ('RD-000097-E01', 'RD-000097', 1, 'Rijoy huaminá arihueri binoy upira, el hombre dejó a su esposa. Echo''ná bitichí arihueri ripurá, dejó el hacha en la casa. ¡Arihué! ¡Quetasi namó orá!, ¡Déjalo! iNo le hagas nada! [pp.: arihuérami; fut.: arihuema]');
INSERT INTO variants VALUES ('RD-000097-V01', 'RD-000097', 1, 'pp.: arihuérami; fut.: arihuema');
INSERT INTO lexical_entries VALUES ('RD-000098', 'Arimuri', 'Arimuri', 'arimuri', NULL, 'S', 'S', 'Almud', '', 'SRC-02', '8', '8', 'Transcrito', 'Autorizada para difusión', 'Pendiente de validación lingüística');
INSERT INTO senses VALUES ('RD-000098-S01', 'RD-000098', 1, 'Almud');
INSERT INTO lexical_entries VALUES ('RD-000099', 'A''rínaromí', 'A''rínaromí', 'a''rinaromi', NULL, 'Adv', 'Adv', 'Al poco rato', 'Maparimi cu simiri, que ayó, pe a''rínaromí échico nahuarí, a poco de haberse ido usted, llegó él.', 'SRC-02', '8', '8', 'Transcrito', 'Autorizada para difusión', 'Pendiente de validación lingüística');
INSERT INTO senses VALUES ('RD-000099-S01', 'RD-000099', 1, 'Al poco rato');
INSERT INTO examples VALUES ('RD-000099-E01', 'RD-000099', 1, 'Maparimi cu simiri, que ayó, pe a''rínaromí échico nahuarí, a poco de haberse ido usted, llegó él.');
INSERT INTO lexical_entries VALUES ('RD-000100', 'Ariósibá', 'Ariósibá', 'ariosiba', NULL, 'Interj', 'Interj', '¡Adiós!', '', 'SRC-02', '8', '8', 'Transcrito', 'Autorizada para difusión', 'Pendiente de validación lingüística');
INSERT INTO senses VALUES ('RD-000100-S01', 'RD-000100', 1, '¡Adiós!');
INSERT INTO lexical_entries VALUES ('RD-000101', 'Arirí', 'Arirí', 'ariri', NULL, 'Interj', 'Interj', 'iAy!', '', 'SRC-02', '8', '8', 'Transcrito', 'Autorizada para difusión', 'Pendiente de validación lingüística');
INSERT INTO senses VALUES ('RD-000101-S01', 'RD-000101', 1, 'iAy!');
INSERT INTO lexical_entries VALUES ('RD-000102', 'Aró', 'Aró', 'aro', NULL, 'Vi', 'Vi', 'Marchitarse', '', 'SRC-02', '8', '8', 'Transcrito', 'Autorizada para difusión', 'Pendiente de validación lingüística');
INSERT INTO senses VALUES ('RD-000102-S01', 'RD-000102', 1, 'Marchitarse');
INSERT INTO lexical_entries VALUES ('RD-000103', 'Asahua', 'Asahua', 'asahua', NULL, 'Vy', 'V', 'Acudir', '', 'SRC-02', '8', '8', 'Transcrito', 'Autorizada para difusión', 'Pendiente de validación lingüística');
INSERT INTO senses VALUES ('RD-000103-S01', 'RD-000103', 1, 'Acudir');
INSERT INTO lexical_entries VALUES ('RD-000104', 'Asapa', 'Asapa', 'asapa', NULL, 'Vt', 'Vt', 'Sacudir', 'Cará asápari quimá, mapujiti hue napisóori. Sacudió bien la cobija, porque tenía mucho polvo.', 'SRC-02', '8', '8', 'Transcrito', 'Autorizada para difusión', 'Pendiente de validación lingüística');
INSERT INTO senses VALUES ('RD-000104-S01', 'RD-000104', 1, 'Sacudir');
INSERT INTO examples VALUES ('RD-000104-E01', 'RD-000104', 1, 'Cará asápari quimá, mapujiti hue napisóori. Sacudió bien la cobija, porque tenía mucho polvo.');
INSERT INTO lexical_entries VALUES ('RD-000105', 'Asayé', 'Asayé', 'asaye', NULL, 'S pl', 'S', 'Enemigos', '[sing.: sayé]', 'SRC-02', '8', '8', 'Transcrito', 'Autorizada para difusión', 'Pendiente de validación lingüística');
INSERT INTO senses VALUES ('RD-000105-S01', 'RD-000105', 1, 'Enemigos');
INSERT INTO examples VALUES ('RD-000105-E01', 'RD-000105', 1, '[sing.: sayé]');
INSERT INTO variants VALUES ('RD-000105-V01', 'RD-000105', 1, 'sing.: sayé');
INSERT INTO lexical_entries VALUES ('RD-000106', 'Asé', 'Asé', 'ase', NULL, 'Vt', 'Vt', 'Montar (un animal)', 'Cahué asigá cu simiri. Montando el caballo, se fué. Que cho binéami ju aserihua. Todavía no está entrenado a ser montado. Asigá montando', 'SRC-02', '8', '8', 'Transcrito', 'Autorizada para difusión', 'Pendiente de validación lingüística');
INSERT INTO senses VALUES ('RD-000106-S01', 'RD-000106', 1, 'Montar (un animal)');
INSERT INTO examples VALUES ('RD-000106-E01', 'RD-000106', 1, 'Cahué asigá cu simiri. Montando el caballo, se fué. Que cho binéami ju aserihua. Todavía no está entrenado a ser montado. Asigá montando');
INSERT INTO lexical_entries VALUES ('RD-000107', 'Así', 'Así', 'asi', NULL, 'Adv', 'Adv', 'También', 'Binoy upira así simiri. Su esposa también se fue.', 'SRC-02', '8', '8', 'Transcrito', 'Autorizada para difusión', 'Pendiente de validación lingüística');
INSERT INTO senses VALUES ('RD-000107-S01', 'RD-000107', 1, 'También');
INSERT INTO examples VALUES ('RD-000107-E01', 'RD-000107', 1, 'Binoy upira así simiri. Su esposa también se fue.');
INSERT INTO lexical_entries VALUES ('RD-000108', 'Asibá', 'Asibá', 'asiba', NULL, 'Imper', 'Imper', 'Siéntate', 'Mami risiri inaria, echo''ná ritérari moba asibá. Ya te cansaste de andar, siéntate allí sobre la piedra.', 'SRC-02', '8', '8', 'Transcrito', 'Autorizada para difusión', 'Pendiente de validación lingüística');
INSERT INTO senses VALUES ('RD-000108-S01', 'RD-000108', 1, 'Siéntate');
INSERT INTO examples VALUES ('RD-000108-E01', 'RD-000108', 1, 'Mami risiri inaria, echo''ná ritérari moba asibá. Ya te cansaste de andar, siéntate allí sobre la piedra.');
INSERT INTO lexical_entries VALUES ('RD-000109', 'Asiba', 'Asiba', 'asiba', NULL, 'Vi sing', 'Vi', 'Sentarse', 'Pachá asíbaga, huarú co''huari. Sentándose adentro, comió mucho. Echo''ná escuélachi asíbami rihuárini. Le ví sentado allí, en la escuela.', 'SRC-02', '8', '8', 'Transcrito', 'Autorizada para difusión', 'Pendiente de validación lingüística');
INSERT INTO senses VALUES ('RD-000109-S01', 'RD-000109', 1, 'Sentarse');
INSERT INTO examples VALUES ('RD-000109-E01', 'RD-000109', 1, 'Pachá asíbaga, huarú co''huari. Sentándose adentro, comió mucho. Echo''ná escuélachi asíbami rihuárini. Le ví sentado allí, en la escuela.');
INSERT INTO lexical_entries VALUES ('RD-000110', 'Asiba', 'Asiba', 'asiba', NULL, '', 'Sin clasificar', 'Quedarse (cosa)', 'Echi huarú rité ripana jonsa cabótasa, huami ri’ré asíbari. Esa piedra rodó desde arriba y se quedó allí abajo. [pl.: muchiba] asináari vi quería sentarse', 'SRC-02', '8', '8', 'Transcrito', 'Autorizada para difusión', 'Pendiente de validación lingüística');
INSERT INTO senses VALUES ('RD-000110-S01', 'RD-000110', 1, 'Quedarse (cosa)');
INSERT INTO examples VALUES ('RD-000110-E01', 'RD-000110', 1, 'Echi huarú rité ripana jonsa cabótasa, huami ri’ré asíbari. Esa piedra rodó desde arriba y se quedó allí abajo. [pl.: muchiba] asináari vi quería sentarse');
INSERT INTO variants VALUES ('RD-000110-V01', 'RD-000110', 1, 'pl.: muchiba');
INSERT INTO lexical_entries VALUES ('RD-000111', 'Asira', 'Asira', 'asira', NULL, 'Vi', 'Vi', 'Estar sentado (haciendo algo)', 'Oserí ''nénia asírari. Estaba sentado leyendo.', 'SRC-02', '8', '8', 'Transcrito', 'Autorizada para difusión', 'Pendiente de validación lingüística');
INSERT INTO senses VALUES ('RD-000111-S01', 'RD-000111', 1, 'Estar sentado (haciendo algo)');
INSERT INTO examples VALUES ('RD-000111-E01', 'RD-000111', 1, 'Oserí ''nénia asírari. Estaba sentado leyendo.');
INSERT INTO lexical_entries VALUES ('RD-000112', 'Asisi', 'Asisi', 'asisi', NULL, 'Vi', 'Vi', 'Levantarse (de estar acostado)', '', 'SRC-02', '8', '8', 'Transcrito', 'Autorizada para difusión', 'Pendiente de validación lingüística');
INSERT INTO senses VALUES ('RD-000112-S01', 'RD-000112', 1, 'Levantarse (de estar acostado)');
INSERT INTO lexical_entries VALUES ('RD-000113', 'Atá', 'Atá', 'ata', NULL, 'S', 'S', 'Arco (para flechas)', '', 'SRC-02', '8', '8', 'Transcrito', 'Autorizada para difusión', 'Pendiente de validación lingüística');
INSERT INTO senses VALUES ('RD-000113-S01', 'RD-000113', 1, 'Arco (para flechas)');
INSERT INTO lexical_entries VALUES ('RD-000114', 'Atachó', 'Atachó', 'atacho', NULL, 'Vi', 'Vi', 'Pudrirse (mazorcas)', 'Atachórami podridas (mazorcas)', 'SRC-02', '8', '8', 'Transcrito', 'Autorizada para difusión', 'Pendiente de validación lingüística');
INSERT INTO senses VALUES ('RD-000114-S01', 'RD-000114', 1, 'Pudrirse (mazorcas)');
INSERT INTO examples VALUES ('RD-000114-E01', 'RD-000114', 1, 'Atachórami podridas (mazorcas)');
INSERT INTO lexical_entries VALUES ('RD-000115', 'Atahuépata', 'Atahuépata', 'atahuepata', NULL, 'Vt', 'Vt', 'Podar', '', 'SRC-02', '8', '8', 'Transcrito', 'Autorizada para difusión', 'Pendiente de validación lingüística');
INSERT INTO senses VALUES ('RD-000115-S01', 'RD-000115', 1, 'Podar');
INSERT INTO lexical_entries VALUES ('RD-000116', 'Até', 'Até', 'ate', NULL, 'Vi', 'Vi', 'Tener arco', '[pp.: atéami]', 'SRC-02', '8', '8', 'Transcrito', 'Autorizada para difusión', 'Pendiente de validación lingüística');
INSERT INTO senses VALUES ('RD-000116-S01', 'RD-000116', 1, 'Tener arco');
INSERT INTO examples VALUES ('RD-000116-E01', 'RD-000116', 1, '[pp.: atéami]');
INSERT INTO variants VALUES ('RD-000116-V01', 'RD-000116', 1, 'pp.: atéami');
INSERT INTO lexical_entries VALUES ('RD-000117', 'Atí', 'Atí', 'ati', NULL, 'Vi', 'Vi', 'Sing estar, estar sentado', '[pl.: muchuhui]', 'SRC-02', '8', '8', 'Transcrito', 'Autorizada para difusión', 'Pendiente de validación lingüística');
INSERT INTO senses VALUES ('RD-000117-S01', 'RD-000117', 1, 'Sing estar, estar sentado');
INSERT INTO examples VALUES ('RD-000117-E01', 'RD-000117', 1, '[pl.: muchuhui]');
INSERT INTO variants VALUES ('RD-000117-V01', 'RD-000117', 1, 'pl.: muchuhui');
INSERT INTO lexical_entries VALUES ('RD-000118', 'Atisi', 'Atisi', 'atisi', NULL, 'Vi', 'Vi', 'Estornudar', '', 'SRC-02', '8', '8', 'Transcrito', 'Autorizada para difusión', 'Pendiente de validación lingüística');
INSERT INTO senses VALUES ('RD-000118-S01', 'RD-000118', 1, 'Estornudar');
INSERT INTO lexical_entries VALUES ('RD-000119', 'Auché', 'Auché', 'auche', NULL, 'Adv', 'Adv', 'Otro', 'Auché baisá niráa, tres tantos. Auché biré, otro. Auché biréana, en otra parte. Auché biréara oméachi, el próximo domingo. Auché jaré, otros. Auché pe ocuá, otro poco. Auché siné, otra vez.', 'SRC-02', '8', '8', 'Transcrito', 'Autorizada para difusión', 'Pendiente de validación lingüística');
INSERT INTO senses VALUES ('RD-000119-S01', 'RD-000119', 1, 'Otro');
INSERT INTO examples VALUES ('RD-000119-E01', 'RD-000119', 1, 'Auché baisá niráa, tres tantos. Auché biré, otro. Auché biréana, en otra parte. Auché biréara oméachi, el próximo domingo. Auché jaré, otros. Auché pe ocuá, otro poco. Auché siné, otra vez.');
INSERT INTO lexical_entries VALUES ('RD-000120', 'Auchecho', 'Auchecho', 'auchecho', NULL, '', 'Sin clasificar', '', 'Auchecho siné, otra vez. Auchecho siné aní, repetir. Auchecho siné cu ‘ya, reponer.', 'SRC-02', '8', '9', 'Transcrito', 'Autorizada para difusión', 'Pendiente de validación lingüística');
INSERT INTO examples VALUES ('RD-000120-E01', 'RD-000120', 1, 'Auchecho siné, otra vez. Auchecho siné aní, repetir. Auchecho siné cu ‘ya, reponer.');
INSERT INTO lexical_entries VALUES ('RD-000121', 'Ayá', 'Ayá', 'aya', NULL, '', 'Sin clasificar', 'Dando [Gerundio de ‘ya]', 'Jena’í iyénari biré óhuami carúmati ohuáami ayá. Aquí andaba un médico dándonos medicinas de todas clases.', 'SRC-02', '9', '9', 'Transcrito', 'Autorizada para difusión', 'Pendiente de validación lingüística');
INSERT INTO senses VALUES ('RD-000121-S01', 'RD-000121', 1, 'Dando [Gerundio de ‘ya]');
INSERT INTO examples VALUES ('RD-000121-E01', 'RD-000121', 1, 'Jena’í iyénari biré óhuami carúmati ohuáami ayá. Aquí andaba un médico dándonos medicinas de todas clases.');
INSERT INTO lexical_entries VALUES ('RD-000122', 'A’yapi', 'A’yapi', 'a''yapi', NULL, '', 'Sin clasificar', 'Uno tras otro', 'Maparí nachútari sunú, a’yapi sísari echi pagótuami. Cuando hicieron distribución del maíz, la gente llegaba una tras otra.', 'SRC-02', '9', '9', 'Transcrito', 'Autorizada para difusión', 'Pendiente de validación lingüística');
INSERT INTO senses VALUES ('RD-000122-S01', 'RD-000122', 1, 'Uno tras otro');
INSERT INTO examples VALUES ('RD-000122-E01', 'RD-000122', 1, 'Maparí nachútari sunú, a’yapi sísari echi pagótuami. Cuando hicieron distribución del maíz, la gente llegaba una tras otra.');
INSERT INTO lexical_entries VALUES ('RD-000123', 'Ayena', 'Ayena', 'ayena', NULL, 'Adv', 'Adv', 'Sí', '¿Acha atí mujé onorá? Ayena, echo''ná pachá atí. ¿Está tu papá? Sí, está allí adentro.', 'SRC-02', '9', '9', 'Transcrito', 'Autorizada para difusión', 'Pendiente de validación lingüística');
INSERT INTO senses VALUES ('RD-000123-S01', 'RD-000123', 1, 'Sí');
INSERT INTO examples VALUES ('RD-000123-E01', 'RD-000123', 1, '¿Acha atí mujé onorá? Ayena, echo''ná pachá atí. ¿Está tu papá? Sí, está allí adentro.');
INSERT INTO lexical_entries VALUES ('RD-000124', 'Ayena cho', 'Ayena cho', 'ayena cho', NULL, 'Adv', 'Adv', 'También, aún, sí', 'Ayena cho nayúnari echi jaré cúuchi. Aún los niños se enfermaron. Nijé onorá ayena cho nahuari. Mi papá también vino. Ayénasí, ayena así sí también.', 'SRC-02', '9', '9', 'Transcrito', 'Autorizada para difusión', 'Pendiente de validación lingüística');
INSERT INTO senses VALUES ('RD-000124-S01', 'RD-000124', 1, 'También, aún, sí');
INSERT INTO examples VALUES ('RD-000124-E01', 'RD-000124', 1, 'Ayena cho nayúnari echi jaré cúuchi. Aún los niños se enfermaron. Nijé onorá ayena cho nahuari. Mi papá también vino. Ayénasí, ayena así sí también.');
INSERT INTO lexical_entries VALUES ('RD-000125', 'Ba''arí', 'Ba''arí', 'ba''ari', NULL, 'Adv', 'Adv', 'Mañana.', 'Ba''arí bi''yá mañana temprano. Ba''arí piché hasta mañana', 'SRC-02', '9', '9', 'Transcrito', 'Autorizada para difusión', 'Pendiente de validación lingüística');
INSERT INTO senses VALUES ('RD-000125-S01', 'RD-000125', 1, 'Mañana.');
INSERT INTO examples VALUES ('RD-000125-E01', 'RD-000125', 1, 'Ba''arí bi''yá mañana temprano. Ba''arí piché hasta mañana');
INSERT INTO lexical_entries VALUES ('RD-000126', 'Ba''arínara', 'Ba''arínara', 'ba''arinara', NULL, '', 'Sin clasificar', 'Al siguiente día (en el pasado) por la mañana', 'Maparí huarú quipari, ba''arínara huabé ruráari. Al día siguiente de la gran nevada hizo mucho frío.', 'SRC-02', '9', '9', 'Transcrito', 'Autorizada para difusión', 'Pendiente de validación lingüística');
INSERT INTO senses VALUES ('RD-000126-S01', 'RD-000126', 1, 'Al siguiente día (en el pasado) por la mañana');
INSERT INTO examples VALUES ('RD-000126-E01', 'RD-000126', 1, 'Maparí huarú quipari, ba''arínara huabé ruráari. Al día siguiente de la gran nevada hizo mucho frío.');
INSERT INTO lexical_entries VALUES ('RD-000127', 'Bacá', 'Bacá', 'baca', NULL, 'S', 'S', 'Carrizo', 'Huaminá tu bacochi hue nirú bacá. Allá abajo, en el río, hay mucho carrizo. Echi jaré rarámuri echi bacá nihuá cuseri. Los tarahumaras hacen flautas del carrizo.', 'SRC-02', '9', '9', 'Transcrito', 'Autorizada para difusión', 'Pendiente de validación lingüística');
INSERT INTO senses VALUES ('RD-000127-S01', 'RD-000127', 1, 'Carrizo');
INSERT INTO examples VALUES ('RD-000127-E01', 'RD-000127', 1, 'Huaminá tu bacochi hue nirú bacá. Allá abajo, en el río, hay mucho carrizo. Echi jaré rarámuri echi bacá nihuá cuseri. Los tarahumaras hacen flautas del carrizo.');
INSERT INTO lexical_entries VALUES ('RD-000128', 'Bacahuá', 'Bacahuá', 'bacahua', NULL, 'S', 'S', 'Hoja de la mazorca (seca)', '''Huisa, bacahuá napabusa, huaminánomí tamari nihuabo. En la pizca juntamos las hojas de las mazorcas; después haremos tamales.', 'SRC-02', '9', '9', 'Transcrito', 'Autorizada para difusión', 'Pendiente de validación lingüística');
INSERT INTO senses VALUES ('RD-000128-S01', 'RD-000128', 1, 'Hoja de la mazorca (seca)');
INSERT INTO examples VALUES ('RD-000128-E01', 'RD-000128', 1, '''Huisa, bacahuá napabusa, huaminánomí tamari nihuabo. En la pizca juntamos las hojas de las mazorcas; después haremos tamales.');
INSERT INTO lexical_entries VALUES ('RD-000129', 'Bacamú', 'Bacamú', 'bacamu', NULL, 'Vi', 'Vi', 'Infectarse (llaga), hincharse (con pus)', 'Chabé jonsa huabé cháanari, jipi ma bacamuri. Desde hace algún tiempo le salió un grano, ahora ya se hinchó con pus.', 'SRC-02', '9', '9', 'Transcrito', 'Autorizada para difusión', 'Pendiente de validación lingüística');
INSERT INTO senses VALUES ('RD-000129-S01', 'RD-000129', 1, 'Infectarse (llaga), hincharse (con pus)');
INSERT INTO examples VALUES ('RD-000129-E01', 'RD-000129', 1, 'Chabé jonsa huabé cháanari, jipi ma bacamuri. Desde hace algún tiempo le salió un grano, ahora ya se hinchó con pus.');
INSERT INTO lexical_entries VALUES ('RD-000130', 'Bacánuhui', 'Bacánuhui', 'bacanuhui', NULL, 'S', 'S', 'Tipo de mata que crece en las barrancas. (ellos usan las raíces bien machucadas con un poco de agua para curarse cuando están "fuera de sí".).', '', 'SRC-02', '9', '9', 'Transcrito', 'Autorizada para difusión', 'Pendiente de validación lingüística');
INSERT INTO senses VALUES ('RD-000130-S01', 'RD-000130', 1, 'Tipo de mata que crece en las barrancas. (ellos usan las raíces bien machucadas con un poco de agua para curarse cuando están "fuera de sí".).');
INSERT INTO lexical_entries VALUES ('RD-000131', 'Bacarachi', 'Bacarachi', 'bacarachi', NULL, 'S', 'S', 'Tipo de víbora chica con rayas blancas', '', 'SRC-02', '9', '9', 'Transcrito', 'Autorizada para difusión', 'Pendiente de validación lingüística');
INSERT INTO senses VALUES ('RD-000131-S01', 'RD-000131', 1, 'Tipo de víbora chica con rayas blancas');
INSERT INTO lexical_entries VALUES ('RD-000132', 'Bacarí', 'Bacarí', 'bacari', NULL, 'Vi', 'Vi', 'Tener enfermedad venérea', '', 'SRC-02', '9', '9', 'Transcrito', 'Autorizada para difusión', 'Pendiente de validación lingüística');
INSERT INTO senses VALUES ('RD-000132-S01', 'RD-000132', 1, 'Tener enfermedad venérea');
INSERT INTO lexical_entries VALUES ('RD-000133', 'Bacó', 'Bacó', 'baco', NULL, 'Vi', 'Vi', 'Ponerse amarillo (las matas de maíz por haber llovido)', 'Chabé biréara michá huarú ucuri sinibí rahué, echijiti pachí ma bacori. Hace un mes llovió mucho todos los días, por eso las matas de maíz se pusieron amarillas.', 'SRC-02', '9', '9', 'Transcrito', 'Autorizada para difusión', 'Pendiente de validación lingüística');
INSERT INTO senses VALUES ('RD-000133-S01', 'RD-000133', 1, 'Ponerse amarillo (las matas de maíz por haber llovido)');
INSERT INTO examples VALUES ('RD-000133-E01', 'RD-000133', 1, 'Chabé biréara michá huarú ucuri sinibí rahué, echijiti pachí ma bacori. Hace un mes llovió mucho todos los días, por eso las matas de maíz se pusieron amarillas.');
INSERT INTO lexical_entries VALUES ('RD-000134', 'Bacochi', 'Bacochi', 'bacochi', NULL, 'S', 'S', 'Río', 'Huamina ri''reti urí, huabé ri''ré bacochi ju. Allá en el fondo de la barranca, muy abajo, está el río.', 'SRC-02', '10', '10', 'Transcrito', 'Autorizada para difusión', 'Pendiente de validación lingüística');
INSERT INTO senses VALUES ('RD-000134-S01', 'RD-000134', 1, 'Río');
INSERT INTO examples VALUES ('RD-000134-E01', 'RD-000134', 1, 'Huamina ri''reti urí, huabé ri''ré bacochi ju. Allá en el fondo de la barranca, muy abajo, está el río.');
INSERT INTO lexical_entries VALUES ('RD-000135', 'Bacúi', 'Bacúi', 'bacui', NULL, 'S', 'S', 'Otate', '', 'SRC-02', '10', '10', 'Transcrito', 'Autorizada para difusión', 'Pendiente de validación lingüística');
INSERT INTO senses VALUES ('RD-000135-S01', 'RD-000135', 1, 'Otate');
INSERT INTO lexical_entries VALUES ('RD-000136', 'Bacúu', 'Bacúu', 'bacuu', NULL, 'S', 'S', 'Palo semejante al carrizo', '', 'SRC-02', '10', '10', 'Transcrito', 'Autorizada para difusión', 'Pendiente de validación lingüística');
INSERT INTO senses VALUES ('RD-000136-S01', 'RD-000136', 1, 'Palo semejante al carrizo');
INSERT INTO lexical_entries VALUES ('RD-000137', 'Bacha', '1Bacha', 'bacha', '1', 'Adv', 'Adv', 'Primeramente, adelante, enfrente', 'Mapari mitebo biré oco, bachá niráa chutabo echi ripurá. Cuando tumbamos un pino, primeramente amolamos el hacha. Bachá huiríami, primogénito. Bachá niráa, de antemano. Bachá simí, avanza, precede', 'SRC-02', '10', '10', 'Transcrito', 'Autorizada para difusión', 'Pendiente de validación lingüística');
INSERT INTO senses VALUES ('RD-000137-S01', 'RD-000137', 1, 'Primeramente, adelante, enfrente');
INSERT INTO examples VALUES ('RD-000137-E01', 'RD-000137', 1, 'Mapari mitebo biré oco, bachá niráa chutabo echi ripurá. Cuando tumbamos un pino, primeramente amolamos el hacha. Bachá huiríami, primogénito. Bachá niráa, de antemano. Bachá simí, avanza, precede');
INSERT INTO lexical_entries VALUES ('RD-000138', 'Bachá', '2Bachá', 'bacha', '2', 'Vipl', 'Vi', 'Meter (a la cárcel), poner (adentro)', '[pp.: bachárami] Bachánari. Quisieron ponerlo preso. Bachara asari, estaba preso, estaba encerrado', 'SRC-02', '10', '10', 'Transcrito', 'Autorizada para difusión', 'Pendiente de validación lingüística');
INSERT INTO senses VALUES ('RD-000138-S01', 'RD-000138', 1, 'Meter (a la cárcel), poner (adentro)');
INSERT INTO examples VALUES ('RD-000138-E01', 'RD-000138', 1, '[pp.: bachárami] Bachánari. Quisieron ponerlo preso. Bachara asari, estaba preso, estaba encerrado');
INSERT INTO variants VALUES ('RD-000138-V01', 'RD-000138', 1, 'pp.: bachárami');
INSERT INTO lexical_entries VALUES ('RD-000139', 'Bacháami', 'Bacháami', 'bachaami', NULL, 'Adv', 'Adv', 'Ante, delante, por delante, enfrente de', 'Bacháami echi siríami yuhua huiribámani. Voy a comparecer delante del gobernador. Bacháami huiriami aparecer delante de, comparecer. Bacháami jaba comparecen.', 'SRC-02', '10', '10', 'Transcrito', 'Autorizada para difusión', 'Pendiente de validación lingüística');
INSERT INTO senses VALUES ('RD-000139-S01', 'RD-000139', 1, 'Ante, delante, por delante, enfrente de');
INSERT INTO examples VALUES ('RD-000139-E01', 'RD-000139', 1, 'Bacháami echi siríami yuhua huiribámani. Voy a comparecer delante del gobernador. Bacháami huiriami aparecer delante de, comparecer. Bacháami jaba comparecen.');
INSERT INTO lexical_entries VALUES ('RD-000140', 'Bachagóachi', 'Bachagóachi', 'bachagoachi', NULL, 'S', 'S', 'Parte gruesa del hueso que fue roto', '', 'SRC-02', '10', '10', 'Transcrito', 'Autorizada para difusión', 'Pendiente de validación lingüística');
INSERT INTO senses VALUES ('RD-000140-S01', 'RD-000140', 1, 'Parte gruesa del hueso que fue roto');
INSERT INTO lexical_entries VALUES ('RD-000141', 'Bachagochi', 'Bachagochi', 'bachagochi', NULL, 'S', 'S', 'Hueso del tobillo', '', 'SRC-02', '10', '10', 'Transcrito', 'Autorizada para difusión', 'Pendiente de validación lingüística');
INSERT INTO senses VALUES ('RD-000141-S01', 'RD-000141', 1, 'Hueso del tobillo');
INSERT INTO lexical_entries VALUES ('RD-000142', 'Bachahuara', 'Bachahuara', 'bachahuara', NULL, 'Vi', 'Vi', 'Ir adelante.', 'Bachahuárari ichayá. Se apuró a sembrar primero. (lit.: adelante sembró) Nijeni hue jiyahua, echijiti bachahuáramani. Tengo mucha prisa; por eso voy adelante.', 'SRC-02', '10', '10', 'Transcrito', 'Autorizada para difusión', 'Pendiente de validación lingüística');
INSERT INTO senses VALUES ('RD-000142-S01', 'RD-000142', 1, 'Ir adelante.');
INSERT INTO examples VALUES ('RD-000142-E01', 'RD-000142', 1, 'Bachahuárari ichayá. Se apuró a sembrar primero. (lit.: adelante sembró) Nijeni hue jiyahua, echijiti bachahuáramani. Tengo mucha prisa; por eso voy adelante.');
INSERT INTO lexical_entries VALUES ('RD-000143', 'Bachari', 'Bachari', 'bachari', NULL, 'Vt', 'Vt', 'Pret hacer preso', '', 'SRC-02', '10', '10', 'Transcrito', 'Autorizada para difusión', 'Pendiente de validación lingüística');
INSERT INTO senses VALUES ('RD-000143-S01', 'RD-000143', 1, 'Pret hacer preso');
INSERT INTO lexical_entries VALUES ('RD-000144', 'Baché', 'Baché', 'bache', NULL, 'Vi', 'Vi', 'Apuntar bien jugando cuatro (tirando al hoyo)', '¡Gará baché! ¡Apúntelo bien!', 'SRC-02', '10', '10', 'Transcrito', 'Autorizada para difusión', 'Pendiente de validación lingüística');
INSERT INTO senses VALUES ('RD-000144-S01', 'RD-000144', 1, 'Apuntar bien jugando cuatro (tirando al hoyo)');
INSERT INTO examples VALUES ('RD-000144-E01', 'RD-000144', 1, '¡Gará baché! ¡Apúntelo bien!');
INSERT INTO lexical_entries VALUES ('RD-000145', 'Bachéi', 'Bachéi', 'bachei', NULL, 'Vi', 'Vi', 'Tener hermano mayor', 'Nijeni quetasi bachéi, mapujiti nijé binoy bachá huiríami ju. No tengo hermano mayor, porque yo soy el primero.', 'SRC-02', '10', '10', 'Transcrito', 'Autorizada para difusión', 'Pendiente de validación lingüística');
INSERT INTO senses VALUES ('RD-000145-S01', 'RD-000145', 1, 'Tener hermano mayor');
INSERT INTO examples VALUES ('RD-000145-E01', 'RD-000145', 1, 'Nijeni quetasi bachéi, mapujiti nijé binoy bachá huiríami ju. No tengo hermano mayor, porque yo soy el primero.');
INSERT INTO lexical_entries VALUES ('RD-000146', 'Bachi', '1Bachi', 'bachi', '1', 'S', 'S', 'Hermano mayor', 'Nijeni bachirúami ju, mapujítini bachá ochérami ju. Yo soy el primogénito, porque nací primero. Nijé bachirá mi hermano mayor.', 'SRC-02', '10', '10', 'Transcrito', 'Autorizada para difusión', 'Pendiente de validación lingüística');
INSERT INTO senses VALUES ('RD-000146-S01', 'RD-000146', 1, 'Hermano mayor');
INSERT INTO examples VALUES ('RD-000146-E01', 'RD-000146', 1, 'Nijeni bachirúami ju, mapujítini bachá ochérami ju. Yo soy el primogénito, porque nací primero. Nijé bachirá mi hermano mayor.');
INSERT INTO lexical_entries VALUES ('RD-000147', 'Bachi', '2Bachi', 'bachi', '2', 'S', 'S', 'Calabaza.', 'Bachí sihuará, flor de calabaza', 'SRC-02', '10', '10', 'Transcrito', 'Autorizada para difusión', 'Pendiente de validación lingüística');
INSERT INTO senses VALUES ('RD-000147-S01', 'RD-000147', 1, 'Calabaza.');
INSERT INTO examples VALUES ('RD-000147-E01', 'RD-000147', 1, 'Bachí sihuará, flor de calabaza');
INSERT INTO lexical_entries VALUES ('RD-000148', 'Bachima', 'Bachima', 'bachima', NULL, 'Vt', 'Vt', 'Rociar', '', 'SRC-02', '10', '10', 'Transcrito', 'Autorizada para difusión', 'Pendiente de validación lingüística');
INSERT INTO senses VALUES ('RD-000148-S01', 'RD-000148', 1, 'Rociar');
INSERT INTO lexical_entries VALUES ('RD-000149', 'Bachirúami', 'Bachirúami', 'bachiruami', NULL, 'Adj', 'Adj', 'Primogénito, hermano mayor', '', 'SRC-02', '10', '10', 'Transcrito', 'Autorizada para difusión', 'Pendiente de validación lingüística');
INSERT INTO senses VALUES ('RD-000149-S01', 'RD-000149', 1, 'Primogénito, hermano mayor');
INSERT INTO lexical_entries VALUES ('RD-000150', 'Ba''hué', 'Ba''hué', 'ba''hue', NULL, 'Vi', 'Vi', 'Hay agua', 'Echo''ná huabé huaquichéami ju, quetasi ba''hué. Allí está muy seco, no hay agua. [pret.: ba''huéari; fut.: ba''huérama]', 'SRC-02', '10', '10', 'Transcrito', 'Autorizada para difusión', 'Pendiente de validación lingüística');
INSERT INTO senses VALUES ('RD-000150-S01', 'RD-000150', 1, 'Hay agua');
INSERT INTO examples VALUES ('RD-000150-E01', 'RD-000150', 1, 'Echo''ná huabé huaquichéami ju, quetasi ba''hué. Allí está muy seco, no hay agua. [pret.: ba''huéari; fut.: ba''huérama]');
INSERT INTO variants VALUES ('RD-000150-V01', 'RD-000150', 1, 'pret.: ba''huéari; fut.: ba''huérama');
INSERT INTO lexical_entries VALUES ('RD-000151', 'Ba''huí', 'Ba''huí', 'ba''hui', NULL, 'S', 'S', 'Agua', 'Ba''huí túmani. Voy a traer agua. Ba''huí bají toma agua. Ba''huí huichirachi cascada. Ba''huí machina mana agua (p.ej.: de manantial). Ba''huí ro''hué riega. Ba''huí tuma trae agua. Huasí ba''huira jugo de fruta. Ba''huichí vi caer el sereno Jipi ma bará ju. Sinibí rahué bi''yá hue ba''huichí. Ahora es el tiempo de aguas. Todos los días, temprano, cae mucho sereno.', 'SRC-02', '10', '11', 'Transcrito', 'Autorizada para difusión', 'Pendiente de validación lingüística');
INSERT INTO senses VALUES ('RD-000151-S01', 'RD-000151', 1, 'Agua');
INSERT INTO examples VALUES ('RD-000151-E01', 'RD-000151', 1, 'Ba''huí túmani. Voy a traer agua. Ba''huí bají toma agua. Ba''huí huichirachi cascada. Ba''huí machina mana agua (p.ej.: de manantial). Ba''huí ro''hué riega. Ba''huí tuma trae agua. Huasí ba''huira jugo de fruta. Ba''huichí vi caer el sereno Jipi ma bará ju. Sinibí rahué bi''yá hue ba''huichí. Ahora es el tiempo de aguas. Todos los días, temprano, cae mucho sereno.');
INSERT INTO lexical_entries VALUES ('RD-000152', 'Bahuirá', 'Bahuirá', 'bahuira', NULL, 'Vt', 'Vt', 'Herrar', 'Ma bahuirabo echi huáasi, mapujiti nijé bucura ju. Ya vamos a herrar esa vaca,porque es mía.', 'SRC-02', '11', '11', 'Transcrito', 'Autorizada para difusión', 'Pendiente de validación lingüística');
INSERT INTO senses VALUES ('RD-000152-S01', 'RD-000152', 1, 'Herrar');
INSERT INTO examples VALUES ('RD-000152-E01', 'RD-000152', 1, 'Ma bahuirabo echi huáasi, mapujiti nijé bucura ju. Ya vamos a herrar esa vaca,porque es mía.');
INSERT INTO lexical_entries VALUES ('RD-000153', 'Ba''huira', 'Ba''huira', 'ba''huira', NULL, 'S', 'S', 'Jugo, caldo', 'Je''ná masana hue huaquichéami ju. Tasi te ba''huira. Esta manzana está muy seca. No tiene jugo. Masana ba''huira jugo de manzana.', 'SRC-02', '11', '11', 'Transcrito', 'Autorizada para difusión', 'Pendiente de validación lingüística');
INSERT INTO senses VALUES ('RD-000153-S01', 'RD-000153', 1, 'Jugo, caldo');
INSERT INTO examples VALUES ('RD-000153-E01', 'RD-000153', 1, 'Je''ná masana hue huaquichéami ju. Tasi te ba''huira. Esta manzana está muy seca. No tiene jugo. Masana ba''huira jugo de manzana.');
INSERT INTO lexical_entries VALUES ('RD-000154', 'Ba''huirá', 'Ba''huirá', 'ba''huira', NULL, 'Vi', 'Vi', 'Hacer caldo, echar agua a un líquido', 'Co''orí hue ba''huirari. Echó mucha agua al esquiate.', 'SRC-02', '11', '11', 'Transcrito', 'Autorizada para difusión', 'Pendiente de validación lingüística');
INSERT INTO senses VALUES ('RD-000154-S01', 'RD-000154', 1, 'Hacer caldo, echar agua a un líquido');
INSERT INTO examples VALUES ('RD-000154-E01', 'RD-000154', 1, 'Co''orí hue ba''huirari. Echó mucha agua al esquiate.');
INSERT INTO lexical_entries VALUES ('RD-000155', 'Baisá', 'Baisá', 'baisa', NULL, 'Adv', 'Adv', 'Tercero', '', 'SRC-02', '11', '11', 'Transcrito', 'Autorizada para difusión', 'Pendiente de validación lingüística');
INSERT INTO senses VALUES ('RD-000155-S01', 'RD-000155', 1, 'Tercero');
INSERT INTO lexical_entries VALUES ('RD-000156', 'Baisá macoy', 'Baisá macoy', 'baisa macoy', NULL, 'Adj', 'Adj', 'Treinta', '', 'SRC-02', '11', '11', 'Transcrito', 'Autorizada para difusión', 'Pendiente de validación lingüística');
INSERT INTO senses VALUES ('RD-000156-S01', 'RD-000156', 1, 'Treinta');
INSERT INTO lexical_entries VALUES ('RD-000157', 'Bajácami', 'Bajácami', 'bajacami', NULL, 'Pp', 'Pp', 'Hinchado', 'Huarú bajácami ju ramichí; ne huabé ocorá. Tengo muy hinchada la encía, porque la muela me duele mucho.', 'SRC-02', '11', '11', 'Transcrito', 'Autorizada para difusión', 'Pendiente de validación lingüística');
INSERT INTO senses VALUES ('RD-000157-S01', 'RD-000157', 1, 'Hinchado');
INSERT INTO examples VALUES ('RD-000157-E01', 'RD-000157', 1, 'Huarú bajácami ju ramichí; ne huabé ocorá. Tengo muy hinchada la encía, porque la muela me duele mucho.');
INSERT INTO lexical_entries VALUES ('RD-000158', 'Bají', 'Bají', 'baji', NULL, 'Vi', 'Vi', 'Tomar, beber (tesgüino, agua)', 'Echo''ná huarú maní suguí. Ba''arí bajima huareco. Allí hay mucho tesgüino. Tal vez van a tomar mañana. Bajimani ba''huí. Voy a tomar agua.', 'SRC-02', '11', '11', 'Transcrito', 'Autorizada para difusión', 'Pendiente de validación lingüística');
INSERT INTO senses VALUES ('RD-000158-S01', 'RD-000158', 1, 'Tomar, beber (tesgüino, agua)');
INSERT INTO examples VALUES ('RD-000158-E01', 'RD-000158', 1, 'Echo''ná huarú maní suguí. Ba''arí bajima huareco. Allí hay mucho tesgüino. Tal vez van a tomar mañana. Bajimani ba''huí. Voy a tomar agua.');
INSERT INTO lexical_entries VALUES ('RD-000159', 'Bajíami', 'Bajíami', 'bajiami', NULL, 'S', 'S', 'Curandero (que toma tesgüino)', '', 'SRC-02', '11', '11', 'Transcrito', 'Autorizada para difusión', 'Pendiente de validación lingüística');
INSERT INTO senses VALUES ('RD-000159-S01', 'RD-000159', 1, 'Curandero (que toma tesgüino)');
INSERT INTO lexical_entries VALUES ('RD-000160', 'Bajíbachami', 'Bajíbachami', 'bajibachami', NULL, 'Pp', 'Pp', 'Hinchado por desnutrición', 'Echi tohui bajíbachami ju. Ne buchuhuí bajínari. Ese niño está hinchado por desnutrición. Se le hinchó todo el cuerpo.', 'SRC-02', '11', '11', 'Transcrito', 'Autorizada para difusión', 'Pendiente de validación lingüística');
INSERT INTO senses VALUES ('RD-000160-S01', 'RD-000160', 1, 'Hinchado por desnutrición');
INSERT INTO examples VALUES ('RD-000160-E01', 'RD-000160', 1, 'Echi tohui bajíbachami ju. Ne buchuhuí bajínari. Ese niño está hinchado por desnutrición. Se le hinchó todo el cuerpo.');
INSERT INTO lexical_entries VALUES ('RD-000161', 'Bajichahua', 'Bajichahua', 'bajichahua', NULL, 'Vi', 'Vi', 'Hacer norte (viento frío del norte)', '', 'SRC-02', '11', '11', 'Transcrito', 'Autorizada para difusión', 'Pendiente de validación lingüística');
INSERT INTO senses VALUES ('RD-000161-S01', 'RD-000161', 1, 'Hacer norte (viento frío del norte)');
INSERT INTO lexical_entries VALUES ('RD-000162', 'Bajicháhuari', 'Bajicháhuari', 'bajichahuari', NULL, 'S', 'S', 'Norte (viento frío del norte)', 'Jipi ne huabé simírami ruráami icá. Hue bajicháhuari ju. Ahora está muy helado el aire. Es un norte.', 'SRC-02', '11', '11', 'Transcrito', 'Autorizada para difusión', 'Pendiente de validación lingüística');
INSERT INTO senses VALUES ('RD-000162-S01', 'RD-000162', 1, 'Norte (viento frío del norte)');
INSERT INTO examples VALUES ('RD-000162-E01', 'RD-000162', 1, 'Jipi ne huabé simírami ruráami icá. Hue bajicháhuari ju. Ahora está muy helado el aire. Es un norte.');
INSERT INTO lexical_entries VALUES ('RD-000163', 'Bajichi', 'Bajichi', 'bajichi', NULL, 'S', 'S', 'Pozo, ojo de agua, manantial.', 'Chabénara huaminá huaquicheri echo''ná bajichi; chopi jipi auchecho cu bajítari mapujiti ma gará ucú. Hace tiempo se secó allí donde salió agua; pero ya sale otra vez porque llueve bastante ahora.', 'SRC-02', '11', '11', 'Transcrito', 'Autorizada para difusión', 'Pendiente de validación lingüística');
INSERT INTO senses VALUES ('RD-000163-S01', 'RD-000163', 1, 'Pozo, ojo de agua, manantial.');
INSERT INTO examples VALUES ('RD-000163-E01', 'RD-000163', 1, 'Chabénara huaminá huaquicheri echo''ná bajichi; chopi jipi auchecho cu bajítari mapujiti ma gará ucú. Hace tiempo se secó allí donde salió agua; pero ya sale otra vez porque llueve bastante ahora.');
INSERT INTO lexical_entries VALUES ('RD-000164', 'Bajíhuachi', 'Bajíhuachi', 'bajihuachi', NULL, 'S', 'S', 'Tiempo de tomar tesgüino', 'Suguí bajíhuachi jaré rarámuri huabé nacohua. Algunos tarahumaras pelean mucho cuando es tiempo de tomar tesgüino.', 'SRC-02', '11', '11', 'Transcrito', 'Autorizada para difusión', 'Pendiente de validación lingüística');
INSERT INTO senses VALUES ('RD-000164-S01', 'RD-000164', 1, 'Tiempo de tomar tesgüino');
INSERT INTO examples VALUES ('RD-000164-E01', 'RD-000164', 1, 'Suguí bajíhuachi jaré rarámuri huabé nacohua. Algunos tarahumaras pelean mucho cuando es tiempo de tomar tesgüino.');
INSERT INTO lexical_entries VALUES ('RD-000165', 'Bajíhuami', 'Bajíhuami', 'bajihuami', NULL, 'Adj', 'Adj', 'Potable (bebida)', '¿Acha bajíhuami ju? ¿Se puede tomar? (es potable). Ba''huí bajíhuami agua potable.', 'SRC-02', '12', '12', 'Transcrito', 'Autorizada para difusión', 'Pendiente de validación lingüística');
INSERT INTO senses VALUES ('RD-000165-S01', 'RD-000165', 1, 'Potable (bebida)');
INSERT INTO examples VALUES ('RD-000165-E01', 'RD-000165', 1, '¿Acha bajíhuami ju? ¿Se puede tomar? (es potable). Ba''huí bajíhuami agua potable.');
INSERT INTO lexical_entries VALUES ('RD-000166', 'Bajina', 'Bajina', 'bajina', NULL, 'Vi', 'Vi', 'Hincharse.', 'Hue ocorá ramichí, huarú bajínari nijé banarachi. Me duele mucho la muela, y se me hinchó mucho la mejilla. [pret.: bajínari; fut.: bajínama]', 'SRC-02', '12', '12', 'Transcrito', 'Autorizada para difusión', 'Pendiente de validación lingüística');
INSERT INTO senses VALUES ('RD-000166-S01', 'RD-000166', 1, 'Hincharse.');
INSERT INTO examples VALUES ('RD-000166-E01', 'RD-000166', 1, 'Hue ocorá ramichí, huarú bajínari nijé banarachi. Me duele mucho la muela, y se me hinchó mucho la mejilla. [pret.: bajínari; fut.: bajínama]');
INSERT INTO variants VALUES ('RD-000166-V01', 'RD-000166', 1, 'pret.: bajínari; fut.: bajínama');
INSERT INTO lexical_entries VALUES ('RD-000167', 'Bajira', 'Bajira', 'bajira', NULL, 'Vt', 'Vt', 'Hacer tomar o beber.', 'Nijeni quetasi naquiri bajínara, chopi jaré rijoy tamí bajírari. Yo no quería tomar tesgüino, pero algunos hombres me hicieron tomarlo a la fuerza.', 'SRC-02', '12', '12', 'Transcrito', 'Autorizada para difusión', 'Pendiente de validación lingüística');
INSERT INTO senses VALUES ('RD-000167-S01', 'RD-000167', 1, 'Hacer tomar o beber.');
INSERT INTO examples VALUES ('RD-000167-E01', 'RD-000167', 1, 'Nijeni quetasi naquiri bajínara, chopi jaré rijoy tamí bajírari. Yo no quería tomar tesgüino, pero algunos hombres me hicieron tomarlo a la fuerza.');
INSERT INTO lexical_entries VALUES ('RD-000168', 'Bajita', 'Bajita', 'bajita', NULL, 'Vi', 'Vi', 'Salir agua', '[pret.: bajítari; fut.: bajítama]', 'SRC-02', '12', '12', 'Transcrito', 'Autorizada para difusión', 'Pendiente de validación lingüística');
INSERT INTO senses VALUES ('RD-000168-S01', 'RD-000168', 1, 'Salir agua');
INSERT INTO examples VALUES ('RD-000168-E01', 'RD-000168', 1, '[pret.: bajítari; fut.: bajítama]');
INSERT INTO variants VALUES ('RD-000168-V01', 'RD-000168', 1, 'pret.: bajítari; fut.: bajítama');
INSERT INTO lexical_entries VALUES ('RD-000169', 'Bajuhua', 'Bajuhua', 'bajuhua', NULL, 'Vi', 'Vi', 'Ir a la tesgüinada (a tomar)', 'Echi rijoy hue ra''iri suguí, echijiti ma simea bajuhua. A ese hombre le gusta mucho e l tesgüino; por eso se irá a l a tesgüinada.', 'SRC-02', '12', '12', 'Transcrito', 'Autorizada para difusión', 'Pendiente de validación lingüística');
INSERT INTO senses VALUES ('RD-000169-S01', 'RD-000169', 1, 'Ir a la tesgüinada (a tomar)');
INSERT INTO examples VALUES ('RD-000169-E01', 'RD-000169', 1, 'Echi rijoy hue ra''iri suguí, echijiti ma simea bajuhua. A ese hombre le gusta mucho e l tesgüino; por eso se irá a l a tesgüinada.');
INSERT INTO lexical_entries VALUES ('RD-000170', 'Bajuré', 'Bajuré', 'bajure', NULL, 'Vi', 'Vi', 'Invitar a la casa o al trabajo (a tomar tesgüino)', 'Jaré rarámuri huicabé bajuresa nochara. Algunos tarahumaras invitan a muchos a tomar tesgüino, pero los ponen a trabajar antes.', 'SRC-02', '12', '12', 'Transcrito', 'Autorizada para difusión', 'Pendiente de validación lingüística');
INSERT INTO senses VALUES ('RD-000170-S01', 'RD-000170', 1, 'Invitar a la casa o al trabajo (a tomar tesgüino)');
INSERT INTO examples VALUES ('RD-000170-E01', 'RD-000170', 1, 'Jaré rarámuri huicabé bajuresa nochara. Algunos tarahumaras invitan a muchos a tomar tesgüino, pero los ponen a trabajar antes.');
INSERT INTO lexical_entries VALUES ('RD-000171', 'Bajurí', 'Bajurí', 'bajuri', NULL, 'S', 'S', 'Nutria', 'Echi bajurí biré namuti ju, ri''ré ba''huichí iyénami. La nutria es un animal que puede nadar en el agua.', 'SRC-02', '12', '12', 'Transcrito', 'Autorizada para difusión', 'Pendiente de validación lingüística');
INSERT INTO senses VALUES ('RD-000171-S01', 'RD-000171', 1, 'Nutria');
INSERT INTO examples VALUES ('RD-000171-E01', 'RD-000171', 1, 'Echi bajurí biré namuti ju, ri''ré ba''huichí iyénami. La nutria es un animal que puede nadar en el agua.');
INSERT INTO lexical_entries VALUES ('RD-000172', 'Bamiba', 'Bamiba', 'bamiba', NULL, 'Vi', 'Vi', 'Hacer un año', 'Ma biré bamiba maparí mucuri nijé onorá. Ya hace un año que murió mi papá.', 'SRC-02', '12', '12', 'Transcrito', 'Autorizada para difusión', 'Pendiente de validación lingüística');
INSERT INTO senses VALUES ('RD-000172-S01', 'RD-000172', 1, 'Hacer un año');
INSERT INTO examples VALUES ('RD-000172-E01', 'RD-000172', 1, 'Ma biré bamiba maparí mucuri nijé onorá. Ya hace un año que murió mi papá.');
INSERT INTO lexical_entries VALUES ('RD-000173', 'Bamíbari', 'Bamíbari', 'bamibari', NULL, 'S', 'S', 'Año', 'Huicabé bamíbani. Chabé bamíbari. El año pasado. Chabé biquiyá bamíbari. El año pasado.', 'SRC-02', '12', '12', 'Transcrito', 'Autorizada para difusión', 'Pendiente de validación lingüística');
INSERT INTO senses VALUES ('RD-000173-S01', 'RD-000173', 1, 'Año');
INSERT INTO examples VALUES ('RD-000173-E01', 'RD-000173', 1, 'Huicabé bamíbani. Chabé bamíbari. El año pasado. Chabé biquiyá bamíbari. El año pasado.');
INSERT INTO lexical_entries VALUES ('RD-000174', 'Baná', 'Baná', 'bana', NULL, 'S', 'S', 'Mejilla', 'Tamí banarachi cho''nari. Me pegó en la mejilla. Banachí en la mejilla. Nijé banará. Mi mejilla.', 'SRC-02', '12', '12', 'Transcrito', 'Autorizada para difusión', 'Pendiente de validación lingüística');
INSERT INTO senses VALUES ('RD-000174-S01', 'RD-000174', 1, 'Mejilla');
INSERT INTO examples VALUES ('RD-000174-E01', 'RD-000174', 1, 'Tamí banarachi cho''nari. Me pegó en la mejilla. Banachí en la mejilla. Nijé banará. Mi mejilla.');
INSERT INTO lexical_entries VALUES ('RD-000175', 'Banagá', 'Banagá', 'banaga', NULL, 'S', 'S', 'Lama, moho', 'Ba''huí hue banagué. Hay mucha lama en el agua. Jipi hue nirú banagá echo''ná comichi. Ahora hay mucha lama allí, en el arroyo. Banagué vi hay lama.', 'SRC-02', '12', '12', 'Transcrito', 'Autorizada para difusión', 'Pendiente de validación lingüística');
INSERT INTO senses VALUES ('RD-000175-S01', 'RD-000175', 1, 'Lama, moho');
INSERT INTO examples VALUES ('RD-000175-E01', 'RD-000175', 1, 'Ba''huí hue banagué. Hay mucha lama en el agua. Jipi hue nirú banagá echo''ná comichi. Ahora hay mucha lama allí, en el arroyo. Banagué vi hay lama.');
INSERT INTO lexical_entries VALUES ('RD-000176', 'Banásani', 'Banásani', 'banasani', NULL, 'S', 'S', 'Víbora venenosa de menos de un metro, un poco negra, que no tiene cascabel, y vive en la barranca.', '', 'SRC-02', '12', '12', 'Transcrito', 'Autorizada para difusión', 'Pendiente de validación lingüística');
INSERT INTO senses VALUES ('RD-000176-S01', 'RD-000176', 1, 'Víbora venenosa de menos de un metro, un poco negra, que no tiene cascabel, y vive en la barranca.');
INSERT INTO lexical_entries VALUES ('RD-000177', 'Bané', 'Bané', 'bane', NULL, 'Vi', 'Vi', 'Tener mejillas.', 'O''huari banéami ju. Tiene mejillas gordas. Banéami pp que tiene mejillas', 'SRC-02', '12', '12', 'Transcrito', 'Autorizada para difusión', 'Pendiente de validación lingüística');
INSERT INTO senses VALUES ('RD-000177-S01', 'RD-000177', 1, 'Tener mejillas.');
INSERT INTO examples VALUES ('RD-000177-E01', 'RD-000177', 1, 'O''huari banéami ju. Tiene mejillas gordas. Banéami pp que tiene mejillas');
INSERT INTO lexical_entries VALUES ('RD-000178', 'Ba''nésara', 'Ba''nésara', 'ba''nesara', NULL, 'Vi', 'Vi', 'Gastarse la cobija', '', 'SRC-02', '12', '12', 'Transcrito', 'Autorizada para difusión', 'Pendiente de validación lingüística');
INSERT INTO senses VALUES ('RD-000178-S01', 'RD-000178', 1, 'Gastarse la cobija');
INSERT INTO lexical_entries VALUES ('RD-000179', 'Ba''nésuri', 'Ba''nésuri', 'ba''nesuri', NULL, 'S', 'S', 'Una cobija gastada.', 'Nijé quimara ma ba''nésuri ju. Mi cobija ya está gastada.', 'SRC-02', '12', '12', 'Transcrito', 'Autorizada para difusión', 'Pendiente de validación lingüística');
INSERT INTO senses VALUES ('RD-000179-S01', 'RD-000179', 1, 'Una cobija gastada.');
INSERT INTO examples VALUES ('RD-000179-E01', 'RD-000179', 1, 'Nijé quimara ma ba''nésuri ju. Mi cobija ya está gastada.');
INSERT INTO lexical_entries VALUES ('RD-000180', 'Banihuá', 'Banihuá', 'banihua', NULL, 'S', 'S', 'Cierta hierba que produce semillas manchadas de rojo y negro. Las muelen con agua y se ponen en una hueja cerca de la cruz cuando bailan matachines. Lo rocían sobre las chivas para curarlas, y para protegerlas contra las enfermedades.', '', 'SRC-02', '13', '13', 'Transcrito', 'Autorizada para difusión', 'Pendiente de validación lingüística');
INSERT INTO senses VALUES ('RD-000180-S01', 'RD-000180', 1, 'Cierta hierba que produce semillas manchadas de rojo y negro. Las muelen con agua y se ponen en una hueja cerca de la cruz cuando bailan matachines. Lo rocían sobre las chivas para curarlas, y para protegerlas contra las enfermedades.');
INSERT INTO lexical_entries VALUES ('RD-000181', 'Banihuí', 'Banihuí', 'banihui', NULL, 'Vi', 'Vi', 'Crecer larga y enredada (mata)', 'I''huéari banihuiri bachí. Creció larga la mata de calabaza.', 'SRC-02', '13', '13', 'Transcrito', 'Autorizada para difusión', 'Pendiente de validación lingüística');
INSERT INTO senses VALUES ('RD-000181-S01', 'RD-000181', 1, 'Crecer larga y enredada (mata)');
INSERT INTO examples VALUES ('RD-000181-E01', 'RD-000181', 1, 'I''huéari banihuiri bachí. Creció larga la mata de calabaza.');
INSERT INTO lexical_entries VALUES ('RD-000182', 'Banira', 'Banira', 'banira', NULL, 'Vt', 'Vt', 'Arrastrar, llevar (jalando con mecate).', 'Huíiga baníramani cahué. Voy a llevar el caballo jalandolo. Rojuá baníraga ipó achámani. Arrastrando ramas de encino, voy a echarlas en el barbecho para quemarlas ahí. [pret.: banírari; fut.: banírama, banagá]', 'SRC-02', '13', '13', 'Transcrito', 'Autorizada para difusión', 'Pendiente de validación lingüística');
INSERT INTO senses VALUES ('RD-000182-S01', 'RD-000182', 1, 'Arrastrar, llevar (jalando con mecate).');
INSERT INTO examples VALUES ('RD-000182-E01', 'RD-000182', 1, 'Huíiga baníramani cahué. Voy a llevar el caballo jalandolo. Rojuá baníraga ipó achámani. Arrastrando ramas de encino, voy a echarlas en el barbecho para quemarlas ahí. [pret.: banírari; fut.: banírama, banagá]');
INSERT INTO variants VALUES ('RD-000182-V01', 'RD-000182', 1, 'pret.: banírari; fut.: banírama, banagá');
INSERT INTO lexical_entries VALUES ('RD-000183', 'Banisú', 'Banisú', 'banisu', NULL, 'Vt', 'Vt', 'Jalar (estirando)', 'Nijeni que omérari banisúhua echi cahué mapujiti hue aparú. No pude jalar ese caballo, porque está muy bravo.', 'SRC-02', '13', '13', 'Transcrito', 'Autorizada para difusión', 'Pendiente de validación lingüística');
INSERT INTO senses VALUES ('RD-000183-S01', 'RD-000183', 1, 'Jalar (estirando)');
INSERT INTO examples VALUES ('RD-000183-E01', 'RD-000183', 1, 'Nijeni que omérari banisúhua echi cahué mapujiti hue aparú. No pude jalar ese caballo, porque está muy bravo.');
INSERT INTO lexical_entries VALUES ('RD-000184', 'Bapá', 'Bapá', 'bapa', NULL, 'Vt', 'Vt', 'Apedrear', '', 'SRC-02', '13', '13', 'Transcrito', 'Autorizada para difusión', 'Pendiente de validación lingüística');
INSERT INTO senses VALUES ('RD-000184-S01', 'RD-000184', 1, 'Apedrear');
INSERT INTO lexical_entries VALUES ('RD-000185', 'Baquí', 'Baquí', 'baqui', NULL, 'Vi', 'Vi', 'Entrar (solo)', 'Echi binériami ma baquiri pachá escuélachi, chopi echi jaré cúrohui que cho mo''huiri. El maestro ya entró a la escuela; pero los niños no han entrado todavía. [fut.: baquiméa; pl.: mo''hui]', 'SRC-02', '13', '13', 'Transcrito', 'Autorizada para difusión', 'Pendiente de validación lingüística');
INSERT INTO senses VALUES ('RD-000185-S01', 'RD-000185', 1, 'Entrar (solo)');
INSERT INTO examples VALUES ('RD-000185-E01', 'RD-000185', 1, 'Echi binériami ma baquiri pachá escuélachi, chopi echi jaré cúrohui que cho mo''huiri. El maestro ya entró a la escuela; pero los niños no han entrado todavía. [fut.: baquiméa; pl.: mo''hui]');
INSERT INTO variants VALUES ('RD-000185-V01', 'RD-000185', 1, 'fut.: baquiméa; pl.: mo''hui');
INSERT INTO lexical_entries VALUES ('RD-000186', 'Baquirini', 'Baquirini', 'baquirini', NULL, 'S', 'S', 'Padrino, madrina', 'Echi rijoy nijé baquirínahuara ju. Échico tamí rihuarari. Ese hombre es mi padrino. El me puso mi nombre. Nijé baquirínahuara, mi padrino, mi madrina.', 'SRC-02', '13', '13', 'Transcrito', 'Autorizada para difusión', 'Pendiente de validación lingüística');
INSERT INTO senses VALUES ('RD-000186-S01', 'RD-000186', 1, 'Padrino, madrina');
INSERT INTO examples VALUES ('RD-000186-E01', 'RD-000186', 1, 'Echi rijoy nijé baquirínahuara ju. Échico tamí rihuarari. Ese hombre es mi padrino. El me puso mi nombre. Nijé baquirínahuara, mi padrino, mi madrina.');
INSERT INTO lexical_entries VALUES ('RD-000187', 'Bará', 'Bará', 'bara', NULL, 'S', 'S', 'El tiempo de lluvias', 'Jipi ma bará ju; hue nirú pachí. Ya es tiempo de lluvias; hay muchos elotes. Que ''me ayó barásama. Pronto llegará el tiempo de lluvias.', 'SRC-02', '13', '13', 'Transcrito', 'Autorizada para difusión', 'Pendiente de validación lingüística');
INSERT INTO senses VALUES ('RD-000187-S01', 'RD-000187', 1, 'El tiempo de lluvias');
INSERT INTO examples VALUES ('RD-000187-E01', 'RD-000187', 1, 'Jipi ma bará ju; hue nirú pachí. Ya es tiempo de lluvias; hay muchos elotes. Que ''me ayó barásama. Pronto llegará el tiempo de lluvias.');
INSERT INTO lexical_entries VALUES ('RD-000188', 'Baraché', 'Baraché', 'barache', NULL, 'Vi', 'Vi', 'Tener sed', '', 'SRC-02', '13', '13', 'Transcrito', 'Autorizada para difusión', 'Pendiente de validación lingüística');
INSERT INTO senses VALUES ('RD-000188-S01', 'RD-000188', 1, 'Tener sed');
INSERT INTO lexical_entries VALUES ('RD-000189', 'Ba''raguéchuri', 'Ba''raguéchuri', 'ba''raguechuri', NULL, 'S', 'S', 'Huérfano', '', 'SRC-02', '13', '13', 'Transcrito', 'Autorizada para difusión', 'Pendiente de validación lingüística');
INSERT INTO senses VALUES ('RD-000189-S01', 'RD-000189', 1, 'Huérfano');
INSERT INTO lexical_entries VALUES ('RD-000190', 'Barami', 'Barami', 'barami', NULL, 'Vi', 'Vi', 'Tener sed', 'Huabeni barami, mapujiti quetasi te ba''huí. Tengo mucha sed, porque no hay agua. [fut.: barámama]', 'SRC-02', '13', '13', 'Transcrito', 'Autorizada para difusión', 'Pendiente de validación lingüística');
INSERT INTO senses VALUES ('RD-000190-S01', 'RD-000190', 1, 'Tener sed');
INSERT INTO examples VALUES ('RD-000190-E01', 'RD-000190', 1, 'Huabeni barami, mapujiti quetasi te ba''huí. Tengo mucha sed, porque no hay agua. [fut.: barámama]');
INSERT INTO variants VALUES ('RD-000190-V01', 'RD-000190', 1, 'fut.: barámama');
INSERT INTO lexical_entries VALUES ('RD-000191', 'Barasa', 'Barasa', 'barasa', NULL, 'Vi', 'Vi', 'Llegar e l tiempo de lluvias', '', 'SRC-02', '13', '13', 'Transcrito', 'Autorizada para difusión', 'Pendiente de validación lingüística');
INSERT INTO senses VALUES ('RD-000191-S01', 'RD-000191', 1, 'Llegar e l tiempo de lluvias');
INSERT INTO lexical_entries VALUES ('RD-000192', 'Baré', 'Baré', 'bare', NULL, 'S', 'S', 'Cura', '', 'SRC-02', '13', '13', 'Transcrito', 'Autorizada para difusión', 'Pendiente de validación lingüística');
INSERT INTO senses VALUES ('RD-000192-S01', 'RD-000192', 1, 'Cura');
INSERT INTO lexical_entries VALUES ('RD-000193', 'Barí', 'Barí', 'bari', NULL, 'S', 'S', 'Quiote', 'Urí nirúami barí o''huari ju. E l quiote del maguey de l a barranca está muy grande. Me barirá, quiote de maguey. Barí sihuará, la flor de maguey.', 'SRC-02', '13', '14', 'Transcrito', 'Autorizada para difusión', 'Pendiente de validación lingüística');
INSERT INTO senses VALUES ('RD-000193-S01', 'RD-000193', 1, 'Quiote');
INSERT INTO examples VALUES ('RD-000193-E01', 'RD-000193', 1, 'Urí nirúami barí o''huari ju. E l quiote del maguey de l a barranca está muy grande. Me barirá, quiote de maguey. Barí sihuará, la flor de maguey.');
INSERT INTO lexical_entries VALUES ('RD-000194', 'Barosi', 'Barosi', 'barosi', NULL, 'Adj', 'Adj', 'Pardo', '', 'SRC-02', '14', '14', 'Transcrito', 'Autorizada para difusión', 'Pendiente de validación lingüística');
INSERT INTO senses VALUES ('RD-000194-S01', 'RD-000194', 1, 'Pardo');
INSERT INTO lexical_entries VALUES ('RD-000195', 'Basá', 'Basá', 'basa', NULL, 'Vt', 'Vt', 'Apedrear', 'Tamí basari. Me apedreó. Basáqueni. Le dí una pedrada. Basagá .Pegándole con piedras', 'SRC-02', '14', '14', 'Transcrito', 'Autorizada para difusión', 'Pendiente de validación lingüística');
INSERT INTO senses VALUES ('RD-000195-S01', 'RD-000195', 1, 'Apedrear');
INSERT INTO examples VALUES ('RD-000195-E01', 'RD-000195', 1, 'Tamí basari. Me apedreó. Basáqueni. Le dí una pedrada. Basagá .Pegándole con piedras');
INSERT INTO lexical_entries VALUES ('RD-000196', 'Basachí', 'Basachí', 'basachi', NULL, 'S', 'S', 'Coyote.', 'Ma hui’rique chona, basachí tamí iquímire. Ya está muy oscuro, me puede morder el coyote. Basachí huichira. Piel de coyote', 'SRC-02', '14', '14', 'Transcrito', 'Autorizada para difusión', 'Pendiente de validación lingüística');
INSERT INTO senses VALUES ('RD-000196-S01', 'RD-000196', 1, 'Coyote.');
INSERT INTO examples VALUES ('RD-000196-E01', 'RD-000196', 1, 'Ma hui’rique chona, basachí tamí iquímire. Ya está muy oscuro, me puede morder el coyote. Basachí huichira. Piel de coyote');
INSERT INTO lexical_entries VALUES ('RD-000197', 'Basaroa', 'Basaroa', 'basaroa', NULL, 'Vi', 'Vi', 'Pasear', '', 'SRC-02', '14', '14', 'Transcrito', 'Autorizada para difusión', 'Pendiente de validación lingüística');
INSERT INTO senses VALUES ('RD-000197-S01', 'RD-000197', 1, 'Pasear');
INSERT INTO lexical_entries VALUES ('RD-000198', 'Basi', 'Basi', 'basi', NULL, 'S', 'S', 'Taza, vaso', '', 'SRC-02', '14', '14', 'Transcrito', 'Autorizada para difusión', 'Pendiente de validación lingüística');
INSERT INTO senses VALUES ('RD-000198-S01', 'RD-000198', 1, 'Taza, vaso');
INSERT INTO lexical_entries VALUES ('RD-000199', 'Basiahui', 'Basiahui', 'basiahui', NULL, 'S', 'S', 'Triguillo (la semilla con que hacen fermentar el tesgüino)', 'Echi jaré rarámuri basiahui usuga napabú, echi suguí nasóhuaga nihuabia. Los tarahumaras juntan triguillo arrancandolo y lo mezclan para hacer el tesguino.', 'SRC-02', '14', '14', 'Transcrito', 'Autorizada para difusión', 'Pendiente de validación lingüística');
INSERT INTO senses VALUES ('RD-000199-S01', 'RD-000199', 1, 'Triguillo (la semilla con que hacen fermentar el tesgüino)');
INSERT INTO examples VALUES ('RD-000199-E01', 'RD-000199', 1, 'Echi jaré rarámuri basiahui usuga napabú, echi suguí nasóhuaga nihuabia. Los tarahumaras juntan triguillo arrancandolo y lo mezclan para hacer el tesguino.');
INSERT INTO lexical_entries VALUES ('RD-000200', 'Basibú', 'Basibú', 'basibu', NULL, 'Vt', 'Vt', 'Apedrear', 'Riteti basibubo. Vamos a apedrearle. Basibúrami pp apedreado.', 'SRC-02', '14', '14', 'Transcrito', 'Autorizada para difusión', 'Pendiente de validación lingüística');
INSERT INTO senses VALUES ('RD-000200-S01', 'RD-000200', 1, 'Apedrear');
INSERT INTO examples VALUES ('RD-000200-E01', 'RD-000200', 1, 'Riteti basibubo. Vamos a apedrearle. Basibúrami pp apedreado.');
INSERT INTO lexical_entries VALUES ('RD-000201', 'Basigó', '1Basigó', 'basigo', '1', 'Vi', 'Vi', 'Lavarse (la cara)', '¡Hue ochoréami jumi; gará basigó! ¡Estás muy mugroso; lávate bien la cara! Basigora vt le lava la cara.', 'SRC-02', '14', '14', 'Transcrito', 'Autorizada para difusión', 'Pendiente de validación lingüística');
INSERT INTO senses VALUES ('RD-000201-S01', 'RD-000201', 1, 'Lavarse (la cara)');
INSERT INTO examples VALUES ('RD-000201-E01', 'RD-000201', 1, '¡Hue ochoréami jumi; gará basigó! ¡Estás muy mugroso; lávate bien la cara! Basigora vt le lava la cara.');
INSERT INTO lexical_entries VALUES ('RD-000202', 'Basigó', '2Basigó', 'basigo', '2', 'S', 'S', 'Hierba que sirve para calmar el dolor de muelas', 'Basigochi s lugar donde crece basigó.', 'SRC-02', '14', '14', 'Transcrito', 'Autorizada para difusión', 'Pendiente de validación lingüística');
INSERT INTO senses VALUES ('RD-000202-S01', 'RD-000202', 1, 'Hierba que sirve para calmar el dolor de muelas');
INSERT INTO examples VALUES ('RD-000202-E01', 'RD-000202', 1, 'Basigochi s lugar donde crece basigó.');
INSERT INTO lexical_entries VALUES ('RD-000203', 'Basoná', '1Basoná', 'basona', '1', 'S', 'S', 'Pato', 'Echo''ná hui''ré ba''huichí hue ''yena basoná. Allí donde está ancho el agua están los patos', 'SRC-02', '14', '14', 'Transcrito', 'Autorizada para difusión', 'Pendiente de validación lingüística');
INSERT INTO senses VALUES ('RD-000203-S01', 'RD-000203', 1, 'Pato');
INSERT INTO examples VALUES ('RD-000203-E01', 'RD-000203', 1, 'Echo''ná hui''ré ba''huichí hue ''yena basoná. Allí donde está ancho el agua están los patos');
INSERT INTO lexical_entries VALUES ('RD-000204', 'Basoná', '2Basoná', 'basona', '2', 'Vt', 'Vt', 'Derretir', 'Ma quetasi te ba''huí, quiparí basunabo. Ya no tenemos agua; vamos a derretir nieve', 'SRC-02', '14', '14', 'Transcrito', 'Autorizada para difusión', 'Pendiente de validación lingüística');
INSERT INTO senses VALUES ('RD-000204-S01', 'RD-000204', 1, 'Derretir');
INSERT INTO examples VALUES ('RD-000204-E01', 'RD-000204', 1, 'Ma quetasi te ba''huí, quiparí basunabo. Ya no tenemos agua; vamos a derretir nieve');
INSERT INTO lexical_entries VALUES ('RD-000205', 'Basori', 'Basori', 'basori', NULL, 'S', 'S', 'Pozole (frijol cocido con nixtamal)', '', 'SRC-02', '14', '14', 'Transcrito', 'Autorizada para difusión', 'Pendiente de validación lingüística');
INSERT INTO senses VALUES ('RD-000205-S01', 'RD-000205', 1, 'Pozole (frijol cocido con nixtamal)');
INSERT INTO lexical_entries VALUES ('RD-000206', 'Basú', 'Basú', 'basu', NULL, 'Vi', 'Vi', 'Cocer, hervir', 'Muní basúmani. Voy a cocer frijol.', 'SRC-02', '14', '14', 'Transcrito', 'Autorizada para difusión', 'Pendiente de validación lingüística');
INSERT INTO senses VALUES ('RD-000206-S01', 'RD-000206', 1, 'Cocer, hervir');
INSERT INTO examples VALUES ('RD-000206-E01', 'RD-000206', 1, 'Muní basúmani. Voy a cocer frijol.');
INSERT INTO lexical_entries VALUES ('RD-000207', 'Basú', 'Basú', 'basu', NULL, '', 'Sin clasificar', 'Derretir', 'Ma cu basuri quiparí. Ya se derritió la nieve.', 'SRC-02', '14', '14', 'Transcrito', 'Autorizada para difusión', 'Pendiente de validación lingüística');
INSERT INTO senses VALUES ('RD-000207-S01', 'RD-000207', 1, 'Derretir');
INSERT INTO examples VALUES ('RD-000207-E01', 'RD-000207', 1, 'Ma cu basuri quiparí. Ya se derritió la nieve.');
INSERT INTO lexical_entries VALUES ('RD-000208', 'Batagá', 'Batagá', 'bataga', NULL, 'S', 'S', 'Mata de la barranca que produce las semillas que usan para hacer soguillas.', '', 'SRC-02', '14', '14', 'Transcrito', 'Autorizada para difusión', 'Pendiente de validación lingüística');
INSERT INTO senses VALUES ('RD-000208-S01', 'RD-000208', 1, 'Mata de la barranca que produce las semillas que usan para hacer soguillas.');
INSERT INTO lexical_entries VALUES ('RD-000209', 'Batárahua', 'Batárahua', 'batarahua', NULL, 'Vi', 'Vi', 'Tener tesgüino (en su casa)', '', 'SRC-02', '14', '14', 'Transcrito', 'Autorizada para difusión', 'Pendiente de validación lingüística');
INSERT INTO senses VALUES ('RD-000209-S01', 'RD-000209', 1, 'Tener tesgüino (en su casa)');
INSERT INTO lexical_entries VALUES ('RD-000210', 'Batari', 'Batari', 'batari', NULL, 'S', 'S', 'Tesgüino', 'Batari bajíboruhua. Dicen que van a tomar tesgüino.', 'SRC-02', '14', '14', 'Transcrito', 'Autorizada para difusión', 'Pendiente de validación lingüística');
INSERT INTO senses VALUES ('RD-000210-S01', 'RD-000210', 1, 'Tesgüino');
INSERT INTO examples VALUES ('RD-000210-E01', 'RD-000210', 1, 'Batari bajíboruhua. Dicen que van a tomar tesgüino.');
INSERT INTO lexical_entries VALUES ('RD-000211', 'Batú', '1Batú', 'batu', '1', 'S', 'S', 'Mapache (mamífero)', '', 'SRC-02', '14', '14', 'Transcrito', 'Autorizada para difusión', 'Pendiente de validación lingüística');
INSERT INTO senses VALUES ('RD-000211-S01', 'RD-000211', 1, 'Mapache (mamífero)');
INSERT INTO lexical_entries VALUES ('RD-000212', 'Batú', '2Batú', 'batu', '2', 'Vt', 'Vt', 'Moler (en metate)', 'Matachí batúmani. Voy a moler en el metate.', 'SRC-02', '14', '14', 'Transcrito', 'Autorizada para difusión', 'Pendiente de validación lingüística');
INSERT INTO senses VALUES ('RD-000212-S01', 'RD-000212', 1, 'Moler (en metate)');
INSERT INTO examples VALUES ('RD-000212-E01', 'RD-000212', 1, 'Matachí batúmani. Voy a moler en el metate.');
INSERT INTO lexical_entries VALUES ('RD-000213', 'Batusí', 'Batusí', 'batusi', NULL, 'S', 'S', 'Masa', 'A nirú batusí mapu rimé nihuabo. Hay masa para que hagamos tortillas.', 'SRC-02', '14', '14', 'Transcrito', 'Autorizada para difusión', 'Pendiente de validación lingüística');
INSERT INTO senses VALUES ('RD-000213-S01', 'RD-000213', 1, 'Masa');
INSERT INTO examples VALUES ('RD-000213-E01', 'RD-000213', 1, 'A nirú batusí mapu rimé nihuabo. Hay masa para que hagamos tortillas.');
INSERT INTO lexical_entries VALUES ('RD-000214', 'Bayé', 'Bayé', 'baye', NULL, 'Vi', 'Vi', 'Llamar', 'Nijeni naquiri bayéranara. Yo quería llamarle. Bayérami pp llamado; invitado.', 'SRC-02', '14', '14', 'Transcrito', 'Autorizada para difusión', 'Pendiente de validación lingüística');
INSERT INTO senses VALUES ('RD-000214-S01', 'RD-000214', 1, 'Llamar');
INSERT INTO examples VALUES ('RD-000214-E01', 'RD-000214', 1, 'Nijeni naquiri bayéranara. Yo quería llamarle. Bayérami pp llamado; invitado.');
INSERT INTO lexical_entries VALUES ('RD-000215', 'Bayeba', 'Bayeba', 'bayeba', NULL, 'Vt', 'Vt', 'Guiar, llevar', '', 'SRC-02', '15', '15', 'Transcrito', 'Autorizada para difusión', 'Pendiente de validación lingüística');
INSERT INTO senses VALUES ('RD-000215-S01', 'RD-000215', 1, 'Guiar, llevar');
INSERT INTO lexical_entries VALUES ('RD-000216', 'Bayena', 'Bayena', 'bayena', NULL, 'S', 'S', 'Sanguijuela', 'Maparí cúrohui ba''huichí ''yena, echi bayena hue uchupa echi cúrohui ronórachi. Cuando los muchachos andan en el agua, las sanguijuelas les chupan . En los pies.', 'SRC-02', '15', '15', 'Transcrito', 'Autorizada para difusión', 'Pendiente de validación lingüística');
INSERT INTO senses VALUES ('RD-000216-S01', 'RD-000216', 1, 'Sanguijuela');
INSERT INTO examples VALUES ('RD-000216-E01', 'RD-000216', 1, 'Maparí cúrohui ba''huichí ''yena, echi bayena hue uchupa echi cúrohui ronórachi. Cuando los muchachos andan en el agua, las sanguijuelas les chupan . En los pies.');
INSERT INTO lexical_entries VALUES ('RD-000217', 'Bayera', 'Bayera', 'bayera', NULL, 'Vt', 'Vt', 'Invitar', '', 'SRC-02', '15', '15', 'Transcrito', 'Autorizada para difusión', 'Pendiente de validación lingüística');
INSERT INTO senses VALUES ('RD-000217-S01', 'RD-000217', 1, 'Invitar');
INSERT INTO lexical_entries VALUES ('RD-000218', 'Ba''yó', 'Ba''yó', 'ba''yo', NULL, 'Vi', 'Vi', 'Parecer bonito, estar bonito', 'Hue ba''yó je''ná. Esto está muy bonito. Hue ba''yórarini sihuáchari. Me parecieron bonitas las flores.', 'SRC-02', '15', '15', 'Transcrito', 'Autorizada para difusión', 'Pendiente de validación lingüística');
INSERT INTO senses VALUES ('RD-000218-S01', 'RD-000218', 1, 'Parecer bonito, estar bonito');
INSERT INTO examples VALUES ('RD-000218-E01', 'RD-000218', 1, 'Hue ba''yó je''ná. Esto está muy bonito. Hue ba''yórarini sihuáchari. Me parecieron bonitas las flores.');
INSERT INTO lexical_entries VALUES ('RD-000219', 'Ba''yóami', 'Ba''yóami', 'ba''yoami', NULL, 'Adj', 'Adj', 'Bello, chulo, hermoso, lindo, bonito', '', 'SRC-02', '15', '15', 'Transcrito', 'Autorizada para difusión', 'Pendiente de validación lingüística');
INSERT INTO senses VALUES ('RD-000219-S01', 'RD-000219', 1, 'Bello, chulo, hermoso, lindo, bonito');
INSERT INTO lexical_entries VALUES ('RD-000220', 'Ba''yora', 'Ba''yora', 'ba''yora', NULL, 'Vt', 'Vt', 'Hacer bonito', '', 'SRC-02', '15', '15', 'Transcrito', 'Autorizada para difusión', 'Pendiente de validación lingüística');
INSERT INTO senses VALUES ('RD-000220-S01', 'RD-000220', 1, 'Hacer bonito');
INSERT INTO lexical_entries VALUES ('RD-000221', 'Ba''yórata', 'Ba''yórata', 'ba''yorata', NULL, 'Vt', 'Vt', 'Adornar', '[fut.: ba''yóratama]', 'SRC-02', '15', '15', 'Transcrito', 'Autorizada para difusión', 'Pendiente de validación lingüística');
INSERT INTO senses VALUES ('RD-000221-S01', 'RD-000221', 1, 'Adornar');
INSERT INTO examples VALUES ('RD-000221-E01', 'RD-000221', 1, '[fut.: ba''yóratama]');
INSERT INTO variants VALUES ('RD-000221-V01', 'RD-000221', 1, 'fut.: ba''yóratama');
INSERT INTO lexical_entries VALUES ('RD-000222', 'Ba''yori', 'Ba''yori', 'ba''yori', NULL, 'Vi', 'Vi', 'Gustar (una cosa)', '', 'SRC-02', '15', '15', 'Transcrito', 'Autorizada para difusión', 'Pendiente de validación lingüística');
INSERT INTO senses VALUES ('RD-000222-S01', 'RD-000222', 1, 'Gustar (una cosa)');
INSERT INTO lexical_entries VALUES ('RD-000223', 'Bicá', 'Bicá', 'bica', NULL, 'Vi', 'Vi', 'Pudrir', 'Ma biquiyari bachí. Ya se pudrió la calabaza. Chabé mucuri burito; ma huaminá biquiyari. Hace días que se murió el burro; ya se pudrió. [pret.: biquiyari; fut.: bicamea; pp.: bicáami]', 'SRC-02', '15', '15', 'Transcrito', 'Autorizada para difusión', 'Pendiente de validación lingüística');
INSERT INTO senses VALUES ('RD-000223-S01', 'RD-000223', 1, 'Pudrir');
INSERT INTO examples VALUES ('RD-000223-E01', 'RD-000223', 1, 'Ma biquiyari bachí. Ya se pudrió la calabaza. Chabé mucuri burito; ma huaminá biquiyari. Hace días que se murió el burro; ya se pudrió. [pret.: biquiyari; fut.: bicamea; pp.: bicáami]');
INSERT INTO variants VALUES ('RD-000223-V01', 'RD-000223', 1, 'pret.: biquiyari; fut.: bicamea; pp.: bicáami');
INSERT INTO lexical_entries VALUES ('RD-000224', 'Bicáami', 'Bicáami', 'bicaami', NULL, '', 'Sin clasificar', 'Podrido', '', 'SRC-02', '15', '15', 'Transcrito', 'Autorizada para difusión', 'Pendiente de validación lingüística');
INSERT INTO senses VALUES ('RD-000224-S01', 'RD-000224', 1, 'Podrido');
INSERT INTO lexical_entries VALUES ('RD-000225', 'Bicajuca', 'Bicajuca', 'bicajuca', NULL, 'Vi', 'Vi', 'Oler mal', 'Hue cha bicajuca. Huele muy mal', 'SRC-02', '15', '15', 'Transcrito', 'Autorizada para difusión', 'Pendiente de validación lingüística');
INSERT INTO senses VALUES ('RD-000225-S01', 'RD-000225', 1, 'Oler mal');
INSERT INTO examples VALUES ('RD-000225-E01', 'RD-000225', 1, 'Hue cha bicajuca. Huele muy mal');
INSERT INTO lexical_entries VALUES ('RD-000226', 'Bicamú', 'Bicamú', 'bicamu', NULL, 'Vi', 'Vi', 'Salir pus', 'Hue cháanari; ma bicamiru. Se infectó; ya salió pus', 'SRC-02', '15', '15', 'Transcrito', 'Autorizada para difusión', 'Pendiente de validación lingüística');
INSERT INTO senses VALUES ('RD-000226-S01', 'RD-000226', 1, 'Salir pus');
INSERT INTO examples VALUES ('RD-000226-E01', 'RD-000226', 1, 'Hue cháanari; ma bicamiru. Se infectó; ya salió pus');
INSERT INTO lexical_entries VALUES ('RD-000227', 'Bicaná', 'Bicaná', 'bicana', NULL, 'Adv', 'Adv', 'En tres partes', '', 'SRC-02', '15', '15', 'Transcrito', 'Autorizada para difusión', 'Pendiente de validación lingüística');
INSERT INTO senses VALUES ('RD-000227-S01', 'RD-000227', 1, 'En tres partes');
INSERT INTO lexical_entries VALUES ('RD-000228', 'Bichabú', 'Bichabú', 'bichabu', NULL, 'Vt', 'Vt', 'Capar (animal)', 'Toro bachabubo. Vamos a capar a un toro.', 'SRC-02', '15', '15', 'Transcrito', 'Autorizada para difusión', 'Pendiente de validación lingüística');
INSERT INTO senses VALUES ('RD-000228-S01', 'RD-000228', 1, 'Capar (animal)');
INSERT INTO examples VALUES ('RD-000228-E01', 'RD-000228', 1, 'Toro bachabubo. Vamos a capar a un toro.');
INSERT INTO lexical_entries VALUES ('RD-000229', 'Biche: ari biché', 'Biche: ari biché', 'biche: ari biche', NULL, '', 'Sin clasificar', 'Entonces, y.', '', 'SRC-02', '15', '15', 'Transcrito', 'Autorizada para difusión', 'Pendiente de validación lingüística');
INSERT INTO senses VALUES ('RD-000229-S01', 'RD-000229', 1, 'Entonces, y.');
INSERT INTO lexical_entries VALUES ('RD-000230', 'Bichí', 'Bichí', 'bichi', NULL, 'Vi', 'Vi', 'Raspar, quitar la piel', 'Buhuichí i''mérini; hui''ré bichírini ronochí. Me caí en el camino; me raspé mucho (a lo largo) la pierna.', 'SRC-02', '15', '15', 'Transcrito', 'Autorizada para difusión', 'Pendiente de validación lingüística');
INSERT INTO senses VALUES ('RD-000230-S01', 'RD-000230', 1, 'Raspar, quitar la piel');
INSERT INTO examples VALUES ('RD-000230-E01', 'RD-000230', 1, 'Buhuichí i''mérini; hui''ré bichírini ronochí. Me caí en el camino; me raspé mucho (a lo largo) la pierna.');
INSERT INTO lexical_entries VALUES ('RD-000231', 'Bichihuá', 'Bichihuá', 'bichihua', NULL, 'S', 'S', 'Verdad', 'A bichihuá ju mapu ma nochama molinchi. Es verdad que ya van a trabajar en el molino.', 'SRC-02', '15', '15', 'Transcrito', 'Autorizada para difusión', 'Pendiente de validación lingüística');
INSERT INTO senses VALUES ('RD-000231-S01', 'RD-000231', 1, 'Verdad');
INSERT INTO examples VALUES ('RD-000231-E01', 'RD-000231', 1, 'A bichihuá ju mapu ma nochama molinchi. Es verdad que ya van a trabajar en el molino.');
INSERT INTO lexical_entries VALUES ('RD-000232', 'Bichíhuaga ané', 'Bichíhuaga ané', 'bichihuaga ane', NULL, '', 'Sin clasificar', 'Jurar, prometer', '[fut.: bichíhuaga animea]', 'SRC-02', '15', '15', 'Transcrito', 'Autorizada para difusión', 'Pendiente de validación lingüística');
INSERT INTO senses VALUES ('RD-000232-S01', 'RD-000232', 1, 'Jurar, prometer');
INSERT INTO examples VALUES ('RD-000232-E01', 'RD-000232', 1, '[fut.: bichíhuaga animea]');
INSERT INTO variants VALUES ('RD-000232-V01', 'RD-000232', 1, 'fut.: bichíhuaga animea');
INSERT INTO lexical_entries VALUES ('RD-000233', 'Bichíhuaga aní', 'Bichíhuaga aní', 'bichihuaga ani', NULL, '', 'Sin clasificar', 'Afirmar, comprometer', '', 'SRC-02', '15', '15', 'Transcrito', 'Autorizada para difusión', 'Pendiente de validación lingüística');
INSERT INTO senses VALUES ('RD-000233-S01', 'RD-000233', 1, 'Afirmar, comprometer');
INSERT INTO lexical_entries VALUES ('RD-000234', 'Bichíhuami', 'Bichíhuami', 'bichihuami', NULL, 'Adj', 'Adj', 'Verdadero', '', 'SRC-02', '15', '15', 'Transcrito', 'Autorizada para difusión', 'Pendiente de validación lingüística');
INSERT INTO senses VALUES ('RD-000234-S01', 'RD-000234', 1, 'Verdadero');
INSERT INTO lexical_entries VALUES ('RD-000235', 'Bichíhuari', 'Bichíhuari', 'bichihuari', NULL, 'S', 'S', 'La verdad.', '', 'SRC-02', '15', '15', 'Transcrito', 'Autorizada para difusión', 'Pendiente de validación lingüística');
INSERT INTO senses VALUES ('RD-000235-S01', 'RD-000235', 1, 'La verdad.');
INSERT INTO lexical_entries VALUES ('RD-000236', 'Bichíhuari', 'Bichíhuari', 'bichihuari', NULL, 'Adv', 'Adv', 'Cierto, verdad', '', 'SRC-02', '15', '15', 'Transcrito', 'Autorizada para difusión', 'Pendiente de validación lingüística');
INSERT INTO senses VALUES ('RD-000236-S01', 'RD-000236', 1, 'Cierto, verdad');
INSERT INTO lexical_entries VALUES ('RD-000237', 'Bichii', 'Bichii', 'bichii', NULL, 'Vi', 'Vi', 'Creer', '', 'SRC-02', '15', '15', 'Transcrito', 'Autorizada para difusión', 'Pendiente de validación lingüística');
INSERT INTO senses VALUES ('RD-000237-S01', 'RD-000237', 1, 'Creer');
INSERT INTO lexical_entries VALUES ('RD-000238', 'Bichíirata', 'Bichíirata', 'bichiirata', NULL, 'Vi', 'Vi', 'Convencer, dar fe', '', 'SRC-02', '15', '15', 'Transcrito', 'Autorizada para difusión', 'Pendiente de validación lingüística');
INSERT INTO senses VALUES ('RD-000238-S01', 'RD-000238', 1, 'Convencer, dar fe');
INSERT INTO lexical_entries VALUES ('RD-000239', 'Bichina', 'Bichina', 'bichina', NULL, 'Vt', 'Vt', 'Quitar (la cáscara), pelar, deshojar (mazorca)', '[fut.: bichinama].', 'SRC-02', '15', '15', 'Transcrito', 'Autorizada para difusión', 'Pendiente de validación lingüística');
INSERT INTO senses VALUES ('RD-000239-S01', 'RD-000239', 1, 'Quitar (la cáscara), pelar, deshojar (mazorca)');
INSERT INTO examples VALUES ('RD-000239-E01', 'RD-000239', 1, '[fut.: bichinama].');
INSERT INTO variants VALUES ('RD-000239-V01', 'RD-000239', 1, 'fut.: bichinama');
INSERT INTO lexical_entries VALUES ('RD-000240', 'Bisú', 'Bisú', 'bisu', NULL, 'Vt', 'Vt', 'Despellejar', 'Bichiri vi pret se le hizo una matadura en el lomo del animal.', 'SRC-02', '15', '15', 'Transcrito', 'Autorizada para difusión', 'Pendiente de validación lingüística');
INSERT INTO senses VALUES ('RD-000240-S01', 'RD-000240', 1, 'Despellejar');
INSERT INTO examples VALUES ('RD-000240-E01', 'RD-000240', 1, 'Bichiri vi pret se le hizo una matadura en el lomo del animal.');
INSERT INTO lexical_entries VALUES ('RD-000241', 'Bichíyami', 'Bichíyami', 'bichiyami', NULL, 'S', 'S', 'Creyente', '', 'SRC-02', '15', '15', 'Transcrito', 'Autorizada para difusión', 'Pendiente de validación lingüística');
INSERT INTO senses VALUES ('RD-000241-S01', 'RD-000241', 1, 'Creyente');
INSERT INTO lexical_entries VALUES ('RD-000242', 'Bihuá', 'Bihuá', 'bihua', NULL, 'Vi', 'Vi', 'Estar duro', 'Ocuá tarari jonsa quetasi ucuri, echijiti hue bihuá huasarahua. Desde hace dos semanas no ha llovido, por eso está muy dura (la tierra) para barbechar. [pret.: bihuáari; fut.: bihuama]', 'SRC-02', '16', '16', 'Transcrito', 'Autorizada para difusión', 'Pendiente de validación lingüística');
INSERT INTO senses VALUES ('RD-000242-S01', 'RD-000242', 1, 'Estar duro');
INSERT INTO examples VALUES ('RD-000242-E01', 'RD-000242', 1, 'Ocuá tarari jonsa quetasi ucuri, echijiti hue bihuá huasarahua. Desde hace dos semanas no ha llovido, por eso está muy dura (la tierra) para barbechar. [pret.: bihuáari; fut.: bihuama]');
INSERT INTO variants VALUES ('RD-000242-V01', 'RD-000242', 1, 'pret.: bihuáari; fut.: bihuama');
INSERT INTO lexical_entries VALUES ('RD-000243', 'Bi''huá', 'Bi''huá', 'bi''hua', NULL, 'Vt', 'Vt', 'Limpiar', 'Sipée huabé napisóami ju. ¡Gará cu bi''huá! El espejo tiene mucho polvo. ¡Limpialo bien!', 'SRC-02', '16', '16', 'Transcrito', 'Autorizada para difusión', 'Pendiente de validación lingüística');
INSERT INTO senses VALUES ('RD-000243-S01', 'RD-000243', 1, 'Limpiar');
INSERT INTO examples VALUES ('RD-000243-E01', 'RD-000243', 1, 'Sipée huabé napisóami ju. ¡Gará cu bi''huá! El espejo tiene mucho polvo. ¡Limpialo bien!');
INSERT INTO lexical_entries VALUES ('RD-000244', 'Bihuachébana', 'Bihuachébana', 'bihuachebana', NULL, 'Vt', 'Vt', 'Endurecer', 'Ma bihuacheri bachí. Ya se endurecieron las calabazas. Jena''í ri''narátachi quetasi bihuárachi ju, gará bihuachébanabo, cusí chípérami jiti.Aquí, el patio no está duro. Vamos a endurecerlo con un palo ancho. Bihuaché vi endurecerse.', 'SRC-02', '16', '16', 'Transcrito', 'Autorizada para difusión', 'Pendiente de validación lingüística');
INSERT INTO senses VALUES ('RD-000244-S01', 'RD-000244', 1, 'Endurecer');
INSERT INTO examples VALUES ('RD-000244-E01', 'RD-000244', 1, 'Ma bihuacheri bachí. Ya se endurecieron las calabazas. Jena''í ri''narátachi quetasi bihuárachi ju, gará bihuachébanabo, cusí chípérami jiti.Aquí, el patio no está duro. Vamos a endurecerlo con un palo ancho. Bihuaché vi endurecerse.');
INSERT INTO lexical_entries VALUES ('RD-000245', 'Bihuara', 'Bihuara', 'bihuara', NULL, 'Vt', 'Vt', 'Hacer duro', 'Bihuará vi endurecerse.', 'SRC-02', '16', '16', 'Transcrito', 'Autorizada para difusión', 'Pendiente de validación lingüística');
INSERT INTO senses VALUES ('RD-000245-S01', 'RD-000245', 1, 'Hacer duro');
INSERT INTO examples VALUES ('RD-000245-E01', 'RD-000245', 1, 'Bihuará vi endurecerse.');
INSERT INTO lexical_entries VALUES ('RD-000246', 'Bihuárami', 'Bihuárami', 'bihuarami', NULL, 'Adv', 'Adv', 'Duro', '', 'SRC-02', '16', '16', 'Transcrito', 'Autorizada para difusión', 'Pendiente de validación lingüística');
INSERT INTO senses VALUES ('RD-000246-S01', 'RD-000246', 1, 'Duro');
INSERT INTO lexical_entries VALUES ('RD-000247', 'Bi''huí', 'Bi''huí', 'bi''hui', NULL, 'Vi', 'Vi', 'Limpiarse, volverse blanco', 'Jabón jiti huichogá, gará bi''huimea. Lavándolo con jabón, se limpiará bien. ¿Acha gará bi''huiri huichohua? ¿se limpió bien al lavarlo?', 'SRC-02', '16', '16', 'Transcrito', 'Autorizada para difusión', 'Pendiente de validación lingüística');
INSERT INTO senses VALUES ('RD-000247-S01', 'RD-000247', 1, 'Limpiarse, volverse blanco');
INSERT INTO examples VALUES ('RD-000247-E01', 'RD-000247', 1, 'Jabón jiti huichogá, gará bi''huimea. Lavándolo con jabón, se limpiará bien. ¿Acha gará bi''huiri huichohua? ¿se limpió bien al lavarlo?');
INSERT INTO lexical_entries VALUES ('RD-000248', 'Bi’huíami', 'Bi’huíami', 'bi''huiami', NULL, 'Adj', 'Adj', 'Claro, limpio', '', 'SRC-02', '16', '16', 'Transcrito', 'Autorizada para difusión', 'Pendiente de validación lingüística');
INSERT INTO senses VALUES ('RD-000248-S01', 'RD-000248', 1, 'Claro, limpio');
INSERT INTO lexical_entries VALUES ('RD-000249', 'Bi''líami', 'Bi''líami', 'bi''liami', NULL, 'Pp', 'Pp', 'Chueco, torcido', 'Bi''lícami pp que ha sido torcido', 'SRC-02', '16', '16', 'Transcrito', 'Autorizada para difusión', 'Pendiente de validación lingüística');
INSERT INTO senses VALUES ('RD-000249-S01', 'RD-000249', 1, 'Chueco, torcido');
INSERT INTO examples VALUES ('RD-000249-E01', 'RD-000249', 1, 'Bi''lícami pp que ha sido torcido');
INSERT INTO lexical_entries VALUES ('RD-000250', 'Bilini', 'Bilini', 'bilini', NULL, 'S', 'S', 'Fierro (de lumbre)', 'Echi rijoy gará machí na''ayá bilini, sorá yuhua. Ese hombre sabe hacer lumbre con un fierro y yesca.', 'SRC-02', '16', '16', 'Transcrito', 'Autorizada para difusión', 'Pendiente de validación lingüística');
INSERT INTO senses VALUES ('RD-000250-S01', 'RD-000250', 1, 'Fierro (de lumbre)');
INSERT INTO examples VALUES ('RD-000250-E01', 'RD-000250', 1, 'Echi rijoy gará machí na''ayá bilini, sorá yuhua. Ese hombre sabe hacer lumbre con un fierro y yesca.');
INSERT INTO lexical_entries VALUES ('RD-000251', 'Bimó', 'Bimó', 'bimo', NULL, 'S', 'S', 'Neblina, polvo', '', 'SRC-02', '16', '16', 'Transcrito', 'Autorizada para difusión', 'Pendiente de validación lingüística');
INSERT INTO senses VALUES ('RD-000251-S01', 'RD-000251', 1, 'Neblina, polvo');
INSERT INTO lexical_entries VALUES ('RD-000252', 'Bimoré', 'Bimoré', 'bimore', NULL, 'Vi', 'Vi', 'Haber neblina, haber polvo, haber humo', 'Jipi rahue biyá hue bimoréari, nijeni mayé mapu quetasi ucumea. Hoy, temprano, había mucha neblina; creo que no va a llover [pret.: bimoréari; fut.: bimorema]. Bimoréami, que hay neblina', 'SRC-02', '16', '16', 'Transcrito', 'Autorizada para difusión', 'Pendiente de validación lingüística');
INSERT INTO senses VALUES ('RD-000252-S01', 'RD-000252', 1, 'Haber neblina, haber polvo, haber humo');
INSERT INTO examples VALUES ('RD-000252-E01', 'RD-000252', 1, 'Jipi rahue biyá hue bimoréari, nijeni mayé mapu quetasi ucumea. Hoy, temprano, había mucha neblina; creo que no va a llover [pret.: bimoréari; fut.: bimorema]. Bimoréami, que hay neblina');
INSERT INTO variants VALUES ('RD-000252-V01', 'RD-000252', 1, 'pret.: bimoréari; fut.: bimorema');
INSERT INTO lexical_entries VALUES ('RD-000253', 'Bimorí', 'Bimorí', 'bimori', NULL, 'S', 'S', 'Niebla, polvo', 'Bimorítari, en la niebla', 'SRC-02', '16', '16', 'Transcrito', 'Autorizada para difusión', 'Pendiente de validación lingüística');
INSERT INTO senses VALUES ('RD-000253-S01', 'RD-000253', 1, 'Niebla, polvo');
INSERT INTO examples VALUES ('RD-000253-E01', 'RD-000253', 1, 'Bimorítari, en la niebla');
INSERT INTO lexical_entries VALUES ('RD-000254', 'Biné', 'Biné', 'bine', NULL, 'Vi', 'Vi', 'Aprender, estudiar', 'Chabé nijeni bineri oserí ''nénia. Hace tiempo aprendí a leer.', 'SRC-02', '16', '16', 'Transcrito', 'Autorizada para difusión', 'Pendiente de validación lingüística');
INSERT INTO senses VALUES ('RD-000254-S01', 'RD-000254', 1, 'Aprender, estudiar');
INSERT INTO examples VALUES ('RD-000254-E01', 'RD-000254', 1, 'Chabé nijeni bineri oserí ''nénia. Hace tiempo aprendí a leer.');
INSERT INTO lexical_entries VALUES ('RD-000255', 'Binéami', 'Binéami', 'bineami', NULL, 'S', 'S', 'El que aprende, discípulo', '', 'SRC-02', '16', '16', 'Transcrito', 'Autorizada para difusión', 'Pendiente de validación lingüística');
INSERT INTO senses VALUES ('RD-000255-S01', 'RD-000255', 1, 'El que aprende, discípulo');
INSERT INTO lexical_entries VALUES ('RD-000256', 'Bi''nera', 'Bi''nera', 'bi''nera', NULL, 'Vi', 'Vi', 'Apartarse solo', '', 'SRC-02', '16', '16', 'Transcrito', 'Autorizada para difusión', 'Pendiente de validación lingüística');
INSERT INTO senses VALUES ('RD-000256-S01', 'RD-000256', 1, 'Apartarse solo');
INSERT INTO lexical_entries VALUES ('RD-000257', 'Binera', 'Binera', 'binera', NULL, 'Vt', 'Vt', 'Enseñar, instruir', 'Nijé onorá tamí binérari. Mi padre me enseñó.', 'SRC-02', '16', '16', 'Transcrito', 'Autorizada para difusión', 'Pendiente de validación lingüística');
INSERT INTO senses VALUES ('RD-000257-S01', 'RD-000257', 1, 'Enseñar, instruir');
INSERT INTO examples VALUES ('RD-000257-E01', 'RD-000257', 1, 'Nijé onorá tamí binérari. Mi padre me enseñó.');
INSERT INTO lexical_entries VALUES ('RD-000258', 'Binera', 'Binera', 'binera', NULL, '', 'Sin clasificar', 'Amansar', '[pp.: binératami]', 'SRC-02', '16', '16', 'Transcrito', 'Autorizada para difusión', 'Pendiente de validación lingüística');
INSERT INTO senses VALUES ('RD-000258-S01', 'RD-000258', 1, 'Amansar');
INSERT INTO examples VALUES ('RD-000258-E01', 'RD-000258', 1, '[pp.: binératami]');
INSERT INTO variants VALUES ('RD-000258-V01', 'RD-000258', 1, 'pp.: binératami');
INSERT INTO lexical_entries VALUES ('RD-000259', 'Bi''nérahua', 'Bi''nérahua', 'bi''nerahua', NULL, 'Vt', 'Vt', 'Apartar solo', '', 'SRC-02', '16', '16', 'Transcrito', 'Autorizada para difusión', 'Pendiente de validación lingüística');
INSERT INTO senses VALUES ('RD-000259-S01', 'RD-000259', 1, 'Apartar solo');
INSERT INTO lexical_entries VALUES ('RD-000260', 'Bi''neri', 'Bi''neri', 'bi''neri', NULL, 'Adv', 'Adv', 'Solo', 'Bi''neri cu simiri; que huesi yuhua simiri. Se fue solo; nadie iba con él. Véase a''huínari', 'SRC-02', '16', '16', 'Transcrito', 'Autorizada para difusión', 'Pendiente de validación lingüística');
INSERT INTO senses VALUES ('RD-000260-S01', 'RD-000260', 1, 'Solo');
INSERT INTO examples VALUES ('RD-000260-E01', 'RD-000260', 1, 'Bi''neri cu simiri; que huesi yuhua simiri. Se fue solo; nadie iba con él. Véase a''huínari');
INSERT INTO lexical_entries VALUES ('RD-000261', 'Binériami', 'Binériami', 'bineriami', NULL, 'S', 'S', 'Maestro, el que enseña', '', 'SRC-02', '16', '16', 'Transcrito', 'Autorizada para difusión', 'Pendiente de validación lingüística');
INSERT INTO senses VALUES ('RD-000261-S01', 'RD-000261', 1, 'Maestro, el que enseña');
INSERT INTO lexical_entries VALUES ('RD-000262', 'Bi''néripi', 'Bi''néripi', 'bi''neripi', NULL, 'Adj', 'Adj', 'Único', '', 'SRC-02', '16', '16', 'Transcrito', 'Autorizada para difusión', 'Pendiente de validación lingüística');
INSERT INTO senses VALUES ('RD-000262-S01', 'RD-000262', 1, 'Único');
INSERT INTO lexical_entries VALUES ('RD-000263', 'Biní', 'Biní', 'bini', NULL, 'S', 'S', 'Hermana menor (de mujer)', 'Queni biní, mi hermana menor (de mujer). Nijé binirá, mi hermana menor (de mujer).', 'SRC-02', '17', '17', 'Transcrito', 'Autorizada para difusión', 'Pendiente de validación lingüística');
INSERT INTO senses VALUES ('RD-000263-S01', 'RD-000263', 1, 'Hermana menor (de mujer)');
INSERT INTO examples VALUES ('RD-000263-E01', 'RD-000263', 1, 'Queni biní, mi hermana menor (de mujer). Nijé binirá, mi hermana menor (de mujer).');
INSERT INTO lexical_entries VALUES ('RD-000264', 'Binorí', 'Binorí', 'binori', NULL, 'S', 'S', 'Anzuelo', 'Nijeni simiri echo''ná tu comichi, biré táa binorica. Fui por abajo, en el arroyo, llevando un anzuelo.', 'SRC-02', '17', '17', 'Transcrito', 'Autorizada para difusión', 'Pendiente de validación lingüística');
INSERT INTO senses VALUES ('RD-000264-S01', 'RD-000264', 1, 'Anzuelo');
INSERT INTO examples VALUES ('RD-000264-E01', 'RD-000264', 1, 'Nijeni simiri echo''ná tu comichi, biré táa binorica. Fui por abajo, en el arroyo, llevando un anzuelo.');
INSERT INTO lexical_entries VALUES ('RD-000265', 'Binoy', 'Binoy', 'binoy', NULL, 'Pron', 'Pron', 'Él, ella, él mismo', 'Nijé binoy, yo mismo', 'SRC-02', '17', '17', 'Transcrito', 'Autorizada para difusión', 'Pendiente de validación lingüística');
INSERT INTO senses VALUES ('RD-000265-S01', 'RD-000265', 1, 'Él, ella, él mismo');
INSERT INTO examples VALUES ('RD-000265-E01', 'RD-000265', 1, 'Nijé binoy, yo mismo');
INSERT INTO lexical_entries VALUES ('RD-000266', 'Biquiyá', 'Biquiyá', 'biquiya', NULL, 'Adj', 'Adj', 'Tres', '', 'SRC-02', '17', '17', 'Transcrito', 'Autorizada para difusión', 'Pendiente de validación lingüística');
INSERT INTO senses VALUES ('RD-000266-S01', 'RD-000266', 1, 'Tres');
INSERT INTO lexical_entries VALUES ('RD-000267', 'Biré', 'Biré', 'bire', NULL, 'Adj', 'Adj', 'Uno', 'Biré ciento, cien. Biré macori, un puñado de maíz', 'SRC-02', '17', '17', 'Transcrito', 'Autorizada para difusión', 'Pendiente de validación lingüística');
INSERT INTO senses VALUES ('RD-000267-S01', 'RD-000267', 1, 'Uno');
INSERT INTO examples VALUES ('RD-000267-E01', 'RD-000267', 1, 'Biré ciento, cien. Biré macori, un puñado de maíz');
INSERT INTO lexical_entries VALUES ('RD-000268', 'Biréana', 'Biréana', 'bireana', NULL, 'Adv', 'Adv', 'En una sola parte', 'Biréana ichárini, sembré en una sola parte. Ma quetasi te na''ibi; auché biréana simiri. Ya no está aquí; se fue a otra parte. Auché biréana, en otra parte, en alguna parte. Biréana burí, una yunta (de bueyes). Biréana busugachi, tuerto. Biréana huabé rocóhuachi, charco. Biréana ipó ichihuami, milpa. Biréana sobácohuachi, atascadero', 'SRC-02', '17', '17', 'Transcrito', 'Autorizada para difusión', 'Pendiente de validación lingüística');
INSERT INTO senses VALUES ('RD-000268-S01', 'RD-000268', 1, 'En una sola parte');
INSERT INTO examples VALUES ('RD-000268-E01', 'RD-000268', 1, 'Biréana ichárini, sembré en una sola parte. Ma quetasi te na''ibi; auché biréana simiri. Ya no está aquí; se fue a otra parte. Auché biréana, en otra parte, en alguna parte. Biréana burí, una yunta (de bueyes). Biréana busugachi, tuerto. Biréana huabé rocóhuachi, charco. Biréana ipó ichihuami, milpa. Biréana sobácohuachi, atascadero');
INSERT INTO lexical_entries VALUES ('RD-000269', 'Biréanomí', 'Biréanomí', 'bireanomi', NULL, '', 'Sin clasificar', 'Una parte (desconocida), alguna parte', 'Biréanomí siméani, voy a alguna parte', 'SRC-02', '17', '17', 'Transcrito', 'Autorizada para difusión', 'Pendiente de validación lingüística');
INSERT INTO senses VALUES ('RD-000269-S01', 'RD-000269', 1, 'Una parte (desconocida), alguna parte');
INSERT INTO examples VALUES ('RD-000269-E01', 'RD-000269', 1, 'Biréanomí siméani, voy a alguna parte');
INSERT INTO lexical_entries VALUES ('RD-000270', 'Birénapi', 'Birénapi', 'birenapi', NULL, 'Adv', 'Adv', 'En una sola parte', 'Birénapi nochabo, vamos a trabajar en una sola parte.', 'SRC-02', '17', '17', 'Transcrito', 'Autorizada para difusión', 'Pendiente de validación lingüística');
INSERT INTO senses VALUES ('RD-000270-S01', 'RD-000270', 1, 'En una sola parte');
INSERT INTO examples VALUES ('RD-000270-E01', 'RD-000270', 1, 'Birénapi nochabo, vamos a trabajar en una sola parte.');
INSERT INTO lexical_entries VALUES ('RD-000271', 'Birepi', 'Birepi', 'birepi', NULL, 'Adv', 'Adv', 'Sólo uno', '¿Chú quipi riioy siri? Birepi nahuari, ¿Cuántos hombres vinieron? Llegó sólo uno.', 'SRC-02', '17', '17', 'Transcrito', 'Autorizada para difusión', 'Pendiente de validación lingüística');
INSERT INTO senses VALUES ('RD-000271-S01', 'RD-000271', 1, 'Sólo uno');
INSERT INTO examples VALUES ('RD-000271-E01', 'RD-000271', 1, '¿Chú quipi riioy siri? Birepi nahuari, ¿Cuántos hombres vinieron? Llegó sólo uno.');
INSERT INTO lexical_entries VALUES ('RD-000272', 'Birétari', 'Birétari', 'biretari', NULL, 'S', 'S', 'Alguien', '', 'SRC-02', '17', '17', 'Transcrito', 'Autorizada para difusión', 'Pendiente de validación lingüística');
INSERT INTO senses VALUES ('RD-000272-S01', 'RD-000272', 1, 'Alguien');
INSERT INTO lexical_entries VALUES ('RD-000273', 'Bi''rí', 'Bi''rí', 'bi''ri', NULL, 'Vi', 'Vi', 'Torcerse', 'Ma bi''riri tabla, ya se torció la tabla.', 'SRC-02', '17', '17', 'Transcrito', 'Autorizada para difusión', 'Pendiente de validación lingüística');
INSERT INTO senses VALUES ('RD-000273-S01', 'RD-000273', 1, 'Torcerse');
INSERT INTO examples VALUES ('RD-000273-E01', 'RD-000273', 1, 'Ma bi''riri tabla, ya se torció la tabla.');
INSERT INTO lexical_entries VALUES ('RD-000274', 'Birichí', 'Birichí', 'birichi', NULL, 'Vi', 'Vi', 'Encender lumbre con pedernal', '', 'SRC-02', '17', '17', 'Transcrito', 'Autorizada para difusión', 'Pendiente de validación lingüística');
INSERT INTO senses VALUES ('RD-000274-S01', 'RD-000274', 1, 'Encender lumbre con pedernal');
INSERT INTO lexical_entries VALUES ('RD-000275', 'Birina', 'Birina', 'birina', NULL, 'S', 'S', 'Pedernal', '', 'SRC-02', '17', '17', 'Transcrito', 'Autorizada para difusión', 'Pendiente de validación lingüística');
INSERT INTO senses VALUES ('RD-000275-S01', 'RD-000275', 1, 'Pedernal');
INSERT INTO lexical_entries VALUES ('RD-000276', 'Bi''rina', 'Bi''rina', 'bi''rina', NULL, 'Vt', 'Vt', 'Torcer, exprimir', 'Huíi bi''rinabo. Vamos a hacer (torcer) un mecate. Bo''osari bi''rinabo. Vamos a hacer hilo (torciendo la lana). [fut.: bi''rinama]. Bi''riná, torcer, dar vueltas (a alguna cosa)', 'SRC-02', '17', '17', 'Transcrito', 'Autorizada para difusión', 'Pendiente de validación lingüística');
INSERT INTO senses VALUES ('RD-000276-S01', 'RD-000276', 1, 'Torcer, exprimir');
INSERT INTO examples VALUES ('RD-000276-E01', 'RD-000276', 1, 'Huíi bi''rinabo. Vamos a hacer (torcer) un mecate. Bo''osari bi''rinabo. Vamos a hacer hilo (torciendo la lana). [fut.: bi''rinama]. Bi''riná, torcer, dar vueltas (a alguna cosa)');
INSERT INTO variants VALUES ('RD-000276-V01', 'RD-000276', 1, 'fut.: bi''rinama');
INSERT INTO lexical_entries VALUES ('RD-000277', 'Bisiruta', 'Bisiruta', 'bisiruta', NULL, 'Vi', 'Vi', 'Rasparse', '', 'SRC-02', '17', '17', 'Transcrito', 'Autorizada para difusión', 'Pendiente de validación lingüística');
INSERT INTO senses VALUES ('RD-000277-S01', 'RD-000277', 1, 'Rasparse');
INSERT INTO lexical_entries VALUES ('RD-000278', 'Bisó', 'Bisó', 'biso', NULL, 'Vi', 'Vi', 'Salir pus', 'Bisoná, bisonta vt hacer salir pus', 'SRC-02', '17', '17', 'Transcrito', 'Autorizada para difusión', 'Pendiente de validación lingüística');
INSERT INTO senses VALUES ('RD-000278-S01', 'RD-000278', 1, 'Salir pus');
INSERT INTO examples VALUES ('RD-000278-E01', 'RD-000278', 1, 'Bisoná, bisonta vt hacer salir pus');
INSERT INTO lexical_entries VALUES ('RD-000279', 'Bisú', 'Bisú', 'bisu', NULL, 'Vi', 'Vi', 'Despellejar', 'Maparí mi mi''risá echi huasi, hue yáati bisubo. Ya matando esa vaca, inmediatamente vamos a despellejarla.', 'SRC-02', '17', '17', 'Transcrito', 'Autorizada para difusión', 'Pendiente de validación lingüística');
INSERT INTO senses VALUES ('RD-000279-S01', 'RD-000279', 1, 'Despellejar');
INSERT INTO examples VALUES ('RD-000279-E01', 'RD-000279', 1, 'Maparí mi mi''risá echi huasi, hue yáati bisubo. Ya matando esa vaca, inmediatamente vamos a despellejarla.');
INSERT INTO lexical_entries VALUES ('RD-000280', 'Bité', '1Bité', 'bite', '1', 'Vi', 'Vi', 'Sing habitar, morar, vivir', '¿Cumi bité?, ¿Dónde vives? Echo''ná basigóchi ni bité. Vivo allí, en Basigochi. [pret.: bitéeri; fut.: bitérama; pl.: piré]', 'SRC-02', '17', '18', 'Transcrito', 'Autorizada para difusión', 'Pendiente de validación lingüística');
INSERT INTO senses VALUES ('RD-000280-S01', 'RD-000280', 1, 'Sing habitar, morar, vivir');
INSERT INTO examples VALUES ('RD-000280-E01', 'RD-000280', 1, '¿Cumi bité?, ¿Dónde vives? Echo''ná basigóchi ni bité. Vivo allí, en Basigochi. [pret.: bitéeri; fut.: bitérama; pl.: piré]');
INSERT INTO variants VALUES ('RD-000280-V01', 'RD-000280', 1, 'pret.: bitéeri; fut.: bitérama; pl.: piré');
INSERT INTO lexical_entries VALUES ('RD-000281', 'Bité', '2Bité', 'bite', '2', 'Vi', 'Vi', 'Estar pesado', 'Ne huabé bité, quetásini omero o''huicha. Está muy pesado. No puedo levantarlo. [pret.: bitéari; fut.: bitítama]', 'SRC-02', '18', '18', 'Transcrito', 'Autorizada para difusión', 'Pendiente de validación lingüística');
INSERT INTO senses VALUES ('RD-000281-S01', 'RD-000281', 1, 'Estar pesado');
INSERT INTO examples VALUES ('RD-000281-E01', 'RD-000281', 1, 'Ne huabé bité, quetásini omero o''huicha. Está muy pesado. No puedo levantarlo. [pret.: bitéari; fut.: bitítama]');
INSERT INTO variants VALUES ('RD-000281-V01', 'RD-000281', 1, 'pret.: bitéari; fut.: bitítama');
INSERT INTO lexical_entries VALUES ('RD-000282', 'Bitéami', 'Bitéami', 'biteami', NULL, 'Adj sin', 'Adj', 'Morador, que vive', 'Echi rijoy jena''í samichí bitéami ju. Ese hombre vive aquí en samachique. Huanihuí jena''í piréami napahuima. Pasado mañana se juntarán los que viven aquí. [pl.: piréami]', 'SRC-02', '18', '18', 'Transcrito', 'Autorizada para difusión', 'Pendiente de validación lingüística');
INSERT INTO senses VALUES ('RD-000282-S01', 'RD-000282', 1, 'Morador, que vive');
INSERT INTO examples VALUES ('RD-000282-E01', 'RD-000282', 1, 'Echi rijoy jena''í samichí bitéami ju. Ese hombre vive aquí en samachique. Huanihuí jena''í piréami napahuima. Pasado mañana se juntarán los que viven aquí. [pl.: piréami]');
INSERT INTO variants VALUES ('RD-000282-V01', 'RD-000282', 1, 'pl.: piréami');
INSERT INTO lexical_entries VALUES ('RD-000283', 'Biteba', 'Biteba', 'biteba', NULL, 'Vi', 'Vi', 'Pasar la noche, pernoctar', 'Echo''ná cahuichí bitébari. Allí, en el campo, pasó la noche. [fut.: bitebama] Véase chi''reba', 'SRC-02', '18', '18', 'Transcrito', 'Autorizada para difusión', 'Pendiente de validación lingüística');
INSERT INTO senses VALUES ('RD-000283-S01', 'RD-000283', 1, 'Pasar la noche, pernoctar');
INSERT INTO examples VALUES ('RD-000283-E01', 'RD-000283', 1, 'Echo''ná cahuichí bitébari. Allí, en el campo, pasó la noche. [fut.: bitebama] Véase chi''reba');
INSERT INTO variants VALUES ('RD-000283-V01', 'RD-000283', 1, 'fut.: bitebama');
INSERT INTO lexical_entries VALUES ('RD-000284', 'Bitechi', 'Bitechi', 'bitechi', NULL, 'S', 'S', 'Casa', 'Nijé bitérachi, mi casa. Queni bitechi, mi casa', 'SRC-02', '18', '18', 'Transcrito', 'Autorizada para difusión', 'Pendiente de validación lingüística');
INSERT INTO senses VALUES ('RD-000284-S01', 'RD-000284', 1, 'Casa');
INSERT INTO examples VALUES ('RD-000284-E01', 'RD-000284', 1, 'Nijé bitérachi, mi casa. Queni bitechi, mi casa');
INSERT INTO lexical_entries VALUES ('RD-000285', 'Bití', 'Bití', 'biti', NULL, 'Vi pl', 'Vi', 'Estar acostados (varios)', 'Ri''ré huichí bitir, se acostaron en la tierra. Hui''rique rocogó bitíbari cochiboa, ya muy de noche se acostaron a dormir. [sing.: bu''huí; fut.: bitimea]. Bitibama, se acostarán. Bitisí ¡acuéstense!', 'SRC-02', '18', '18', 'Transcrito', 'Autorizada para difusión', 'Pendiente de validación lingüística');
INSERT INTO senses VALUES ('RD-000285-S01', 'RD-000285', 1, 'Estar acostados (varios)');
INSERT INTO examples VALUES ('RD-000285-E01', 'RD-000285', 1, 'Ri''ré huichí bitir, se acostaron en la tierra. Hui''rique rocogó bitíbari cochiboa, ya muy de noche se acostaron a dormir. [sing.: bu''huí; fut.: bitimea]. Bitibama, se acostarán. Bitisí ¡acuéstense!');
INSERT INTO variants VALUES ('RD-000285-V01', 'RD-000285', 1, 'sing.: bu''huí; fut.: bitimea');
INSERT INTO lexical_entries VALUES ('RD-000286', 'Bitiba', 'Bitiba', 'bitiba', NULL, 'Vi', 'Vi', 'Echarse (animales), están acostándose', '', 'SRC-02', '18', '18', 'Transcrito', 'Autorizada para difusión', 'Pendiente de validación lingüística');
INSERT INTO senses VALUES ('RD-000286-S01', 'RD-000286', 1, 'Echarse (animales), están acostándose');
INSERT INTO lexical_entries VALUES ('RD-000287', 'Bitichí', 'Bitichí', 'bitichi', NULL, 'S', 'S', 'Casa, habitación', 'Echo''ná bitichí iyénasí simiri, iba hacia la casa.', 'SRC-02', '18', '18', 'Transcrito', 'Autorizada para difusión', 'Pendiente de validación lingüística');
INSERT INTO senses VALUES ('RD-000287-S01', 'RD-000287', 1, 'Casa, habitación');
INSERT INTO examples VALUES ('RD-000287-E01', 'RD-000287', 1, 'Echo''ná bitichí iyénasí simiri, iba hacia la casa.');
INSERT INTO lexical_entries VALUES ('RD-000288', 'Bitira', 'Bitira', 'bitira', NULL, 'Vi', 'Vi', 'Andar (como borracho)', 'Capilata bitira, se revuelve (el caballo). Bitíra,echarse (de un lado al otro).', 'SRC-02', '18', '18', 'Transcrito', 'Autorizada para difusión', 'Pendiente de validación lingüística');
INSERT INTO senses VALUES ('RD-000288-S01', 'RD-000288', 1, 'Andar (como borracho)');
INSERT INTO examples VALUES ('RD-000288-E01', 'RD-000288', 1, 'Capilata bitira, se revuelve (el caballo). Bitíra,echarse (de un lado al otro).');
INSERT INTO lexical_entries VALUES ('RD-000289', 'Bitórata', 'Bitórata', 'bitorata', NULL, 'Vt', 'Vt', 'Hacer cajetes', '', 'SRC-02', '18', '18', 'Transcrito', 'Autorizada para difusión', 'Pendiente de validación lingüística');
INSERT INTO senses VALUES ('RD-000289-S01', 'RD-000289', 1, 'Hacer cajetes');
INSERT INTO lexical_entries VALUES ('RD-000290', 'Bitori', 'Bitori', 'bitori', NULL, 'S', 'S', 'Cajete, plato, cazuela', 'Bitórachi, en el cajete', 'SRC-02', '18', '18', 'Transcrito', 'Autorizada para difusión', 'Pendiente de validación lingüística');
INSERT INTO senses VALUES ('RD-000290-S01', 'RD-000290', 1, 'Cajete, plato, cazuela');
INSERT INTO examples VALUES ('RD-000290-E01', 'RD-000290', 1, 'Bitórachi, en el cajete');
INSERT INTO lexical_entries VALUES ('RD-000291', 'Bi''yá', 'Bi''yá', 'bi''ya', NULL, 'Adv', 'Adv', 'Temprano', 'Bi''yá rocogó, en la madrugada. Bi''yá chónachi, temprano (todavía está obscuro). Bi''yábijí, hoy temprano (todavía). Biyá chi''rásiachi, madrugada.', 'SRC-02', '18', '18', 'Transcrito', 'Autorizada para difusión', 'Pendiente de validación lingüística');
INSERT INTO senses VALUES ('RD-000291-S01', 'RD-000291', 1, 'Temprano');
INSERT INTO examples VALUES ('RD-000291-E01', 'RD-000291', 1, 'Bi''yá rocogó, en la madrugada. Bi''yá chónachi, temprano (todavía está obscuro). Bi''yábijí, hoy temprano (todavía). Biyá chi''rásiachi, madrugada.');
INSERT INTO lexical_entries VALUES ('RD-000292', 'Bocohuí', 'Bocohuí', 'bocohui', NULL, 'Vi', 'Vi', 'Ocultarse, ponerse el sol', 'Ma bocohuiri rayénari. Ya se puso el sol.', 'SRC-02', '18', '18', 'Transcrito', 'Autorizada para difusión', 'Pendiente de validación lingüística');
INSERT INTO senses VALUES ('RD-000292-S01', 'RD-000292', 1, 'Ocultarse, ponerse el sol');
INSERT INTO examples VALUES ('RD-000292-E01', 'RD-000292', 1, 'Ma bocohuiri rayénari. Ya se puso el sol.');
INSERT INTO lexical_entries VALUES ('RD-000293', 'Bocuirachi', 'Bocuirachi', 'bocuirachi', NULL, 'S', 'S', 'Cascada, salto de agua', '', 'SRC-02', '18', '18', 'Transcrito', 'Autorizada para difusión', 'Pendiente de validación lingüística');
INSERT INTO senses VALUES ('RD-000293-S01', 'RD-000293', 1, 'Cascada, salto de agua');
INSERT INTO lexical_entries VALUES ('RD-000294', 'Bocháami', 'Bocháami', 'bochaami', NULL, 'Pp', 'Pp', 'Preñada, encinta', '', 'SRC-02', '18', '18', 'Transcrito', 'Autorizada para difusión', 'Pendiente de validación lingüística');
INSERT INTO senses VALUES ('RD-000294-S01', 'RD-000294', 1, 'Preñada, encinta');
INSERT INTO lexical_entries VALUES ('RD-000295', 'Bo''huá', 'Bo''huá', 'bo''hua', NULL, 'S', 'S', 'Oveja, borrego', 'Bo''huá bo''huara, lana de borrego.', 'SRC-02', '18', '18', 'Transcrito', 'Autorizada para difusión', 'Pendiente de validación lingüística');
INSERT INTO senses VALUES ('RD-000295-S01', 'RD-000295', 1, 'Oveja, borrego');
INSERT INTO examples VALUES ('RD-000295-E01', 'RD-000295', 1, 'Bo''huá bo''huara, lana de borrego.');
INSERT INTO lexical_entries VALUES ('RD-000296', 'Bo''hué', 'Bo''hué', 'bo''hue', NULL, 'Vi', 'Vi', 'Tener lana, pelo', 'Hue bo''huéami ju echi bo''huá, ma siquiboa. Tiene mucha lana ese borrego; vamos a trasquilarlo. Pp.: bo''huéamil.', 'SRC-02', '18', '18', 'Transcrito', 'Autorizada para difusión', 'Pendiente de validación lingüística');
INSERT INTO senses VALUES ('RD-000296-S01', 'RD-000296', 1, 'Tener lana, pelo');
INSERT INTO examples VALUES ('RD-000296-E01', 'RD-000296', 1, 'Hue bo''huéami ju echi bo''huá, ma siquiboa. Tiene mucha lana ese borrego; vamos a trasquilarlo. Pp.: bo''huéamil.');
INSERT INTO lexical_entries VALUES ('RD-000297', 'Bo''huí', 'Bo''huí', 'bo''hui', NULL, 'Vi', 'Vi', 'Postrarse', '', 'SRC-02', '18', '18', 'Transcrito', 'Autorizada para difusión', 'Pendiente de validación lingüística');
INSERT INTO senses VALUES ('RD-000297-S01', 'RD-000297', 1, 'Postrarse');
INSERT INTO lexical_entries VALUES ('RD-000298', 'Bóisi', 'Bóisi', 'boisi', NULL, 'S', 'S', 'Buey', '[pl.: ibóisi]', 'SRC-02', '18', '18', 'Transcrito', 'Autorizada para difusión', 'Pendiente de validación lingüística');
INSERT INTO senses VALUES ('RD-000298-S01', 'RD-000298', 1, 'Buey');
INSERT INTO examples VALUES ('RD-000298-E01', 'RD-000298', 1, '[pl.: ibóisi]');
INSERT INTO variants VALUES ('RD-000298-V01', 'RD-000298', 1, 'pl.: ibóisi');
INSERT INTO lexical_entries VALUES ('RD-000299', 'Boioní', 'Boioní', 'boioni', NULL, 'Vi', 'Vi', 'Pasar a pie al otro lado del agua, vadear', 'Maparí huabé bu''huíbari ba''huí, nijeni arigá boioniri. Cuando estaba muy crecida el agua, yo siempre pasaba al otro lado vadeando.', 'SRC-02', '18', '19', 'Transcrito', 'Autorizada para difusión', 'Pendiente de validación lingüística');
INSERT INTO senses VALUES ('RD-000299-S01', 'RD-000299', 1, 'Pasar a pie al otro lado del agua, vadear');
INSERT INTO examples VALUES ('RD-000299-E01', 'RD-000299', 1, 'Maparí huabé bu''huíbari ba''huí, nijeni arigá boioniri. Cuando estaba muy crecida el agua, yo siempre pasaba al otro lado vadeando.');
INSERT INTO lexical_entries VALUES ('RD-000300', 'Bo''ná', 'Bo''ná', 'bo''na', NULL, 'Vt', 'Vt', 'Arrancar, desherbar', 'O''huari ochérari mocuásari, ma cáraga bo''niboa. Creció mucho la hierba, ya vamos a arrancarla. [fut.: bo nomea]. Bo''nisí ¡arráncalos!', 'SRC-02', '19', '19', 'Transcrito', 'Autorizada para difusión', 'Pendiente de validación lingüística');
INSERT INTO senses VALUES ('RD-000300-S01', 'RD-000300', 1, 'Arrancar, desherbar');
INSERT INTO examples VALUES ('RD-000300-E01', 'RD-000300', 1, 'O''huari ochérari mocuásari, ma cáraga bo''niboa. Creció mucho la hierba, ya vamos a arrancarla. [fut.: bo nomea]. Bo''nisí ¡arráncalos!');
INSERT INTO variants VALUES ('RD-000300-V01', 'RD-000300', 1, 'fut.: bo nomea');
INSERT INTO lexical_entries VALUES ('RD-000301', 'Boní', 'Boní', 'boni', NULL, 'S', 'S', 'Hermano menor', 'Queni boní cu simiri, chopi nijé binirá abijí atí. Mi hermano menor se fue, pero mi hermana menor todavía está aquí. Nijé bonirá, mi hermano menor.', 'SRC-02', '19', '19', 'Transcrito', 'Autorizada para difusión', 'Pendiente de validación lingüística');
INSERT INTO senses VALUES ('RD-000301-S01', 'RD-000301', 1, 'Hermano menor');
INSERT INTO examples VALUES ('RD-000301-E01', 'RD-000301', 1, 'Queni boní cu simiri, chopi nijé binirá abijí atí. Mi hermano menor se fue, pero mi hermana menor todavía está aquí. Nijé bonirá, mi hermano menor.');
INSERT INTO lexical_entries VALUES ('RD-000302', 'Bonirúami', 'Bonirúami', 'boniruami', NULL, 'S', 'S', 'Hermano menor', 'Bonirúami ju, él es el hermano menor', 'SRC-02', '19', '19', 'Transcrito', 'Autorizada para difusión', 'Pendiente de validación lingüística');
INSERT INTO senses VALUES ('RD-000302-S01', 'RD-000302', 1, 'Hermano menor');
INSERT INTO examples VALUES ('RD-000302-E01', 'RD-000302', 1, 'Bonirúami ju, él es el hermano menor');
INSERT INTO lexical_entries VALUES ('RD-000303', 'Bonorí', 'Bonorí', 'bonori', NULL, 'S', 'S', 'Anzuelo', '', 'SRC-02', '19', '19', 'Transcrito', 'Autorizada para difusión', 'Pendiente de validación lingüística');
INSERT INTO senses VALUES ('RD-000303-S01', 'RD-000303', 1, 'Anzuelo');
INSERT INTO lexical_entries VALUES ('RD-000304', 'Bo’ó', 'Bo’ó', 'bo''o', NULL, 'S', 'S', 'La otra banda (del arroyo)', 'Bo’ora, a la otra banda (un poco arriba)', 'SRC-02', '19', '19', 'Transcrito', 'Autorizada para difusión', 'Pendiente de validación lingüística');
INSERT INTO senses VALUES ('RD-000304-S01', 'RD-000304', 1, 'La otra banda (del arroyo)');
INSERT INTO examples VALUES ('RD-000304-E01', 'RD-000304', 1, 'Bo’ora, a la otra banda (un poco arriba)');
INSERT INTO lexical_entries VALUES ('RD-000305', 'Bo''obú', 'Bo''obú', 'bo''obu', NULL, 'Vt', 'Vt', 'Desplumar', '', 'SRC-02', '19', '19', 'Transcrito', 'Autorizada para difusión', 'Pendiente de validación lingüística');
INSERT INTO senses VALUES ('RD-000305-S01', 'RD-000305', 1, 'Desplumar');
INSERT INTO lexical_entries VALUES ('RD-000306', 'Bo''ona', 'Bo''ona', 'bo''ona', NULL, 'Adv', 'Adv', 'A la otra banda', 'Bo''onata, a la otra banda (en bordo plano)', 'SRC-02', '19', '19', 'Transcrito', 'Autorizada para difusión', 'Pendiente de validación lingüística');
INSERT INTO senses VALUES ('RD-000306-S01', 'RD-000306', 1, 'A la otra banda');
INSERT INTO examples VALUES ('RD-000306-E01', 'RD-000306', 1, 'Bo''onata, a la otra banda (en bordo plano)');
INSERT INTO lexical_entries VALUES ('RD-000307', 'Bo''orá', 'Bo''orá', 'bo''ora', NULL, 'Vt', 'Vt', 'Producir lana', '', 'SRC-02', '19', '19', 'Transcrito', 'Autorizada para difusión', 'Pendiente de validación lingüística');
INSERT INTO senses VALUES ('RD-000307-S01', 'RD-000307', 1, 'Producir lana');
INSERT INTO lexical_entries VALUES ('RD-000308', 'Bo''orusa', 'Bo''orusa', 'bo''orusa', NULL, 'Vi', 'Vi', 'Caer el pelo ( a los animales)', '', 'SRC-02', '19', '19', 'Transcrito', 'Autorizada para difusión', 'Pendiente de validación lingüística');
INSERT INTO senses VALUES ('RD-000308-S01', 'RD-000308', 1, 'Caer el pelo ( a los animales)');
INSERT INTO lexical_entries VALUES ('RD-000309', 'Bo''osari', 'Bo''osari', 'bo''osari', NULL, 'S', 'S', 'Lana', 'Bo''osari cabori, una bola de lana (para hacer cobijas). Bo''osari bi''rina, hace hilo de lana. Bo''osari rajana, carda la lana', 'SRC-02', '19', '19', 'Transcrito', 'Autorizada para difusión', 'Pendiente de validación lingüística');
INSERT INTO senses VALUES ('RD-000309-S01', 'RD-000309', 1, 'Lana');
INSERT INTO examples VALUES ('RD-000309-E01', 'RD-000309', 1, 'Bo''osari cabori, una bola de lana (para hacer cobijas). Bo''osari bi''rina, hace hilo de lana. Bo''osari rajana, carda la lana');
INSERT INTO lexical_entries VALUES ('RD-000310', 'Boquírachi', 'Boquírachi', 'boquirachi', NULL, 'S', 'S', 'Salto de agua', '', 'SRC-02', '19', '19', 'Transcrito', 'Autorizada para difusión', 'Pendiente de validación lingüística');
INSERT INTO senses VALUES ('RD-000310-S01', 'RD-000310', 1, 'Salto de agua');
INSERT INTO lexical_entries VALUES ('RD-000311', 'Boriba', 'Boriba', 'boriba', NULL, 'Vi', 'Vi', 'Correr el agua (en una corriente)', 'Maparí huarú bu''huíbari ba''huí, ne huabé boríbari. Cuando creció mucho el arroyo, corrió mucha agua.', 'SRC-02', '19', '19', 'Transcrito', 'Autorizada para difusión', 'Pendiente de validación lingüística');
INSERT INTO senses VALUES ('RD-000311-S01', 'RD-000311', 1, 'Correr el agua (en una corriente)');
INSERT INTO examples VALUES ('RD-000311-E01', 'RD-000311', 1, 'Maparí huarú bu''huíbari ba''huí, ne huabé boríbari. Cuando creció mucho el arroyo, corrió mucha agua.');
INSERT INTO lexical_entries VALUES ('RD-000312', 'Borogá', 'Borogá', 'boroga', NULL, 'Pp', 'Pp', 'Amarrado', 'Huíiti borogá cu tori. Amarrado con mecate, lo llevó. Borogá tobóa. Vamos a llevarlo amarrado. Véase buré', 'SRC-02', '19', '19', 'Transcrito', 'Autorizada para difusión', 'Pendiente de validación lingüística');
INSERT INTO senses VALUES ('RD-000312-S01', 'RD-000312', 1, 'Amarrado');
INSERT INTO examples VALUES ('RD-000312-E01', 'RD-000312', 1, 'Huíiti borogá cu tori. Amarrado con mecate, lo llevó. Borogá tobóa. Vamos a llevarlo amarrado. Véase buré');
INSERT INTO lexical_entries VALUES ('RD-000313', 'Bosá', 'Bosá', 'bosa', NULL, 'Vi sing', 'Vi', 'Llenarse, hartarse, (comiendo)', 'Huarúni bosari mapujiti huarú co''huari rimé. Me llené, porque comí muchas tortillas. [pl.: posá].', 'SRC-02', '19', '19', 'Transcrito', 'Autorizada para difusión', 'Pendiente de validación lingüística');
INSERT INTO senses VALUES ('RD-000313-S01', 'RD-000313', 1, 'Llenarse, hartarse, (comiendo)');
INSERT INTO examples VALUES ('RD-000313-E01', 'RD-000313', 1, 'Huarúni bosari mapujiti huarú co''huari rimé. Me llené, porque comí muchas tortillas. [pl.: posá].');
INSERT INTO variants VALUES ('RD-000313-V01', 'RD-000313', 1, 'pl.: posá');
INSERT INTO lexical_entries VALUES ('RD-000314', 'Bosahua', 'Bosahua', 'bosahua', NULL, 'Vi', 'Vi', 'Llenarse.', '', 'SRC-02', '19', '19', 'Transcrito', 'Autorizada para difusión', 'Pendiente de validación lingüística');
INSERT INTO senses VALUES ('RD-000314-S01', 'RD-000314', 1, 'Llenarse.');
INSERT INTO lexical_entries VALUES ('RD-000315', 'Bosasa riruta', 'Bosasa riruta', 'bosasa riruta', NULL, 'Vi', 'Vi', 'Eructar', '', 'SRC-02', '19', '19', 'Transcrito', 'Autorizada para difusión', 'Pendiente de validación lingüística');
INSERT INTO senses VALUES ('RD-000315-S01', 'RD-000315', 1, 'Eructar');
INSERT INTO lexical_entries VALUES ('RD-000316', 'Bosohuá', 'Bosohuá', 'bosohua', NULL, 'Vi', 'Vi', 'Estar lleno', 'Mani gará bosohuá. Ya estoy bien lleno (satisfecho).', 'SRC-02', '19', '19', 'Transcrito', 'Autorizada para difusión', 'Pendiente de validación lingüística');
INSERT INTO senses VALUES ('RD-000316-S01', 'RD-000316', 1, 'Estar lleno');
INSERT INTO examples VALUES ('RD-000316-E01', 'RD-000316', 1, 'Mani gará bosohuá. Ya estoy bien lleno (satisfecho).');
INSERT INTO lexical_entries VALUES ('RD-000317', 'Botá', 'Botá', 'bota', NULL, 'Vi', 'Vi', '1. Soltarse 2. Desatarse', '', 'SRC-02', '19', '19', 'Transcrito', 'Autorizada para difusión', 'Pendiente de validación lingüística');
INSERT INTO senses VALUES ('RD-000317-S01', 'RD-000317', 1, 'Soltarse');
INSERT INTO senses VALUES ('RD-000317-S02', 'RD-000317', 2, 'Desatarse');
INSERT INTO lexical_entries VALUES ('RD-000318', 'Botana', 'Botana', 'botana', NULL, 'Vt', 'Vt', 'Soltar, desamarrar, desatar', '[fut.: botonama]', 'SRC-02', '19', '19', 'Transcrito', 'Autorizada para difusión', 'Pendiente de validación lingüística');
INSERT INTO senses VALUES ('RD-000318-S01', 'RD-000318', 1, 'Soltar, desamarrar, desatar');
INSERT INTO examples VALUES ('RD-000318-E01', 'RD-000318', 1, '[fut.: botonama]');
INSERT INTO variants VALUES ('RD-000318-V01', 'RD-000318', 1, 'fut.: botonama');
INSERT INTO lexical_entries VALUES ('RD-000319', 'Botobú', 'Botobú', 'botobu', NULL, 'Vt', 'Vt', 'Hundir, sumergir.', 'B’huichí botoburi. Lo hundió en el agua.', 'SRC-02', '19', '19', 'Transcrito', 'Autorizada para difusión', 'Pendiente de validación lingüística');
INSERT INTO senses VALUES ('RD-000319-S01', 'RD-000319', 1, 'Hundir, sumergir.');
INSERT INTO examples VALUES ('RD-000319-E01', 'RD-000319', 1, 'B’huichí botoburi. Lo hundió en el agua.');
INSERT INTO lexical_entries VALUES ('RD-000320', 'Botuhuí', 'Botuhuí', 'botuhui', NULL, 'Vi', 'Vi', 'Hundirse, zambullir Cara.', '', 'SRC-02', '19', '19', 'Transcrito', 'Autorizada para difusión', 'Pendiente de validación lingüística');
INSERT INTO senses VALUES ('RD-000320-S01', 'RD-000320', 1, 'Hundirse, zambullir Cara.');
INSERT INTO lexical_entries VALUES ('RD-000321', 'Bucura', 'Bucura', 'bucura', NULL, 'Adj', 'Adj', 'Poseedor (de un animal)', 'Nijé bucura cahué ju. Es mi caballo. ¿Chigá bucura ju? ¿Quién es el dueño? (del animal). Si''nu bucura, bestia ajena.', 'SRC-02', '19', '20', 'Transcrito', 'Autorizada para difusión', 'Pendiente de validación lingüística');
INSERT INTO senses VALUES ('RD-000321-S01', 'RD-000321', 1, 'Poseedor (de un animal)');
INSERT INTO examples VALUES ('RD-000321-E01', 'RD-000321', 1, 'Nijé bucura cahué ju. Es mi caballo. ¿Chigá bucura ju? ¿Quién es el dueño? (del animal). Si''nu bucura, bestia ajena.');
INSERT INTO lexical_entries VALUES ('RD-000322', 'Bucurí', 'Bucurí', 'bucuri', NULL, 'Adv', 'Adv', 'Hace poco, nuevamente, hace rato', 'Bucurí cu nahuari. Hace poco volvió. Bucuripi, hace poquito, hace ratito. Bucurí, nihuá renueva. Bucurí nihuárami, recién hecho. Bucurí simíri, apenas salió.', 'SRC-02', '20', '20', 'Transcrito', 'Autorizada para difusión', 'Pendiente de validación lingüística');
INSERT INTO senses VALUES ('RD-000322-S01', 'RD-000322', 1, 'Hace poco, nuevamente, hace rato');
INSERT INTO examples VALUES ('RD-000322-E01', 'RD-000322', 1, 'Bucurí cu nahuari. Hace poco volvió. Bucuripi, hace poquito, hace ratito. Bucurí, nihuá renueva. Bucurí nihuárami, recién hecho. Bucurí simíri, apenas salió.');
INSERT INTO lexical_entries VALUES ('RD-000323', 'Buchí', 'Buchí', 'buchi', NULL, 'Vi', 'Vi', 'Contener', 'Ocuá litro buchí. Contiene dos litros.', 'SRC-02', '20', '20', 'Transcrito', 'Autorizada para difusión', 'Pendiente de validación lingüística');
INSERT INTO senses VALUES ('RD-000323-S01', 'RD-000323', 1, 'Contener');
INSERT INTO examples VALUES ('RD-000323-E01', 'RD-000323', 1, 'Ocuá litro buchí. Contiene dos litros.');
INSERT INTO lexical_entries VALUES ('RD-000324', 'Buchíami', 'Buchíami', 'buchiami', NULL, 'Adj', 'Adj', 'Lleno', '', 'SRC-02', '20', '20', 'Transcrito', 'Autorizada para difusión', 'Pendiente de validación lingüística');
INSERT INTO senses VALUES ('RD-000324-S01', 'RD-000324', 1, 'Lleno');
INSERT INTO lexical_entries VALUES ('RD-000325', 'Buchihua', 'Buchihua', 'buchihua', NULL, 'Vt', 'Vt', 'Llenar', 'Mani buchíhuari. Ya lo llené.', 'SRC-02', '20', '20', 'Transcrito', 'Autorizada para difusión', 'Pendiente de validación lingüística');
INSERT INTO senses VALUES ('RD-000325-S01', 'RD-000325', 1, 'Llenar');
INSERT INTO examples VALUES ('RD-000325-E01', 'RD-000325', 1, 'Mani buchíhuari. Ya lo llené.');
INSERT INTO lexical_entries VALUES ('RD-000326', 'Bucuríhuami', 'Bucuríhuami', 'bucurihuami', NULL, 'Adj', 'Adj', 'Nuevo, fresco.', 'Bucuríhuami cu nihuari. Lo hizo de nuevo.', 'SRC-02', '20', '20', 'Transcrito', 'Autorizada para difusión', 'Pendiente de validación lingüística');
INSERT INTO senses VALUES ('RD-000326-S01', 'RD-000326', 1, 'Nuevo, fresco.');
INSERT INTO examples VALUES ('RD-000326-E01', 'RD-000326', 1, 'Bucuríhuami cu nihuari. Lo hizo de nuevo.');
INSERT INTO lexical_entries VALUES ('RD-000327', 'Buchuhuí', 'Buchuhuí', 'buchuhui', NULL, 'Vi', 'Vi', 'Estar lleno', 'Ne buchubuí ju. Está lleno.', 'SRC-02', '20', '20', 'Transcrito', 'Autorizada para difusión', 'Pendiente de validación lingüística');
INSERT INTO senses VALUES ('RD-000327-S01', 'RD-000327', 1, 'Estar lleno');
INSERT INTO examples VALUES ('RD-000327-E01', 'RD-000327', 1, 'Ne buchubuí ju. Está lleno.');
INSERT INTO lexical_entries VALUES ('RD-000328', 'Buchuhuí', 'Buchuhuí', 'buchuhui', NULL, 'Adv', 'Adv', 'Completamente.', 'Buchuhuí ratáraga nayuri. Enfermarse con mucha calentura', 'SRC-02', '20', '20', 'Transcrito', 'Autorizada para difusión', 'Pendiente de validación lingüística');
INSERT INTO senses VALUES ('RD-000328-S01', 'RD-000328', 1, 'Completamente.');
INSERT INTO examples VALUES ('RD-000328-E01', 'RD-000328', 1, 'Buchuhuí ratáraga nayuri. Enfermarse con mucha calentura');
INSERT INTO lexical_entries VALUES ('RD-000329', 'Buchuhuíana', 'Buchuhuíana', 'buchuhuiana', NULL, 'Adv', 'Adv', 'En todas partes', '', 'SRC-02', '20', '20', 'Transcrito', 'Autorizada para difusión', 'Pendiente de validación lingüística');
INSERT INTO senses VALUES ('RD-000329-S01', 'RD-000329', 1, 'En todas partes');
INSERT INTO lexical_entries VALUES ('RD-000330', 'buhué', '1buhué', 'buhue', '1', 'Vt', 'Vt', 'Esperar', 'Echo''ná buhuichí nijeni mi buhuema. Allá, en el camino, te voy a esperar. Buhuesi! Imper pl éspérense!', 'SRC-02', '20', '20', 'Transcrito', 'Autorizada para difusión', 'Pendiente de validación lingüística');
INSERT INTO senses VALUES ('RD-000330-S01', 'RD-000330', 1, 'Esperar');
INSERT INTO examples VALUES ('RD-000330-E01', 'RD-000330', 1, 'Echo''ná buhuichí nijeni mi buhuema. Allá, en el camino, te voy a esperar. Buhuesi! Imper pl éspérense!');
INSERT INTO lexical_entries VALUES ('RD-000331', 'buhué', '2buhué', 'buhue', '2', 'S', 'S', 'Camino', 'Nijé buhuirá. Mi camino', 'SRC-02', '20', '20', 'Transcrito', 'Autorizada para difusión', 'Pendiente de validación lingüística');
INSERT INTO senses VALUES ('RD-000331-S01', 'RD-000331', 1, 'Camino');
INSERT INTO examples VALUES ('RD-000331-E01', 'RD-000331', 1, 'Nijé buhuirá. Mi camino');
INSERT INTO lexical_entries VALUES ('RD-000332', 'Bu''huí', 'Bu''huí', 'bu''hui', NULL, 'Vi', 'Vi', 'Acostarse (solo)', 'Hui''rique rocogó ju; m a bu''huíbari. Es muy noche; ya se acostó. Pachá carírari bu''huí. Está acostado adentro de la casa. [pl.: bití; fut.: bu’huimea, bu’huibamina]', 'SRC-02', '20', '20', 'Transcrito', 'Autorizada para difusión', 'Pendiente de validación lingüística');
INSERT INTO senses VALUES ('RD-000332-S01', 'RD-000332', 1, 'Acostarse (solo)');
INSERT INTO examples VALUES ('RD-000332-E01', 'RD-000332', 1, 'Hui''rique rocogó ju; m a bu''huíbari. Es muy noche; ya se acostó. Pachá carírari bu''huí. Está acostado adentro de la casa. [pl.: bití; fut.: bu’huimea, bu’huibamina]');
INSERT INTO variants VALUES ('RD-000332-V01', 'RD-000332', 1, 'pl.: bití; fut.: bu’huimea, bu’huibamina');
INSERT INTO lexical_entries VALUES ('RD-000333', 'Buhuichí', 'Buhuichí', 'buhuichi', NULL, '', 'Sin clasificar', 'En el camino', 'Buhuichí bu''huíbari biré ocó huaquichéami. Se cayó un pino seco en el camino.', 'SRC-02', '20', '20', 'Transcrito', 'Autorizada para difusión', 'Pendiente de validación lingüística');
INSERT INTO senses VALUES ('RD-000333-S01', 'RD-000333', 1, 'En el camino');
INSERT INTO examples VALUES ('RD-000333-E01', 'RD-000333', 1, 'Buhuichí bu''huíbari biré ocó huaquichéami. Se cayó un pino seco en el camino.');
INSERT INTO lexical_entries VALUES ('RD-000334', 'Bu''huiba', 'Bu''huiba', 'bu''huiba', NULL, 'Vi', 'Vi', '1. Acostarse, caerse 2 . Echarse (un animal) 3. Derribarse (persona)', '[fut.: Bu''huibama]', 'SRC-02', '20', '20', 'Transcrito', 'Autorizada para difusión', 'Pendiente de validación lingüística');
INSERT INTO senses VALUES ('RD-000334-S01', 'RD-000334', 1, 'Acostarse, caerse 2 . Echarse (un animal)');
INSERT INTO senses VALUES ('RD-000334-S02', 'RD-000334', 2, 'Derribarse (persona)');
INSERT INTO examples VALUES ('RD-000334-E01', 'RD-000334', 1, '[fut.: Bu''huibama]');
INSERT INTO variants VALUES ('RD-000334-V01', 'RD-000334', 1, 'fut.: Bu''huibama');
INSERT INTO lexical_entries VALUES ('RD-000335', 'Buhuigá', 'Buhuigá', 'buhuiga', NULL, 'Vi', 'Vi', 'Estar esperando', 'Pachá buhuigá muchiri. Adentro estaban sentados, esperando.', 'SRC-02', '20', '20', 'Transcrito', 'Autorizada para difusión', 'Pendiente de validación lingüística');
INSERT INTO senses VALUES ('RD-000335-S01', 'RD-000335', 1, 'Estar esperando');
INSERT INTO examples VALUES ('RD-000335-E01', 'RD-000335', 1, 'Pachá buhuigá muchiri. Adentro estaban sentados, esperando.');
INSERT INTO lexical_entries VALUES ('RD-000336', 'Bu''huírasama', 'Bu''huírasama', 'bu''huirasama', NULL, 'Vi', 'Vi', 'Tambalearse', '', 'SRC-02', '20', '20', 'Transcrito', 'Autorizada para difusión', 'Pendiente de validación lingüística');
INSERT INTO senses VALUES ('RD-000336-S01', 'RD-000336', 1, 'Tambalearse');
INSERT INTO lexical_entries VALUES ('RD-000337', 'Bujé', 'Bujé', 'buje', NULL, 'Vi', 'Vi', 'Cobrar, quitar algo, multar', 'Tami bujeri macoy peso. Me cobró diez pesos.', 'SRC-02', '20', '20', 'Transcrito', 'Autorizada para difusión', 'Pendiente de validación lingüística');
INSERT INTO senses VALUES ('RD-000337-S01', 'RD-000337', 1, 'Cobrar, quitar algo, multar');
INSERT INTO examples VALUES ('RD-000337-E01', 'RD-000337', 1, 'Tami bujeri macoy peso. Me cobró diez pesos.');
INSERT INTO lexical_entries VALUES ('RD-000338', 'Buná', 'Buná', 'buna', NULL, 'Vi', 'Vi', '1. Agacharse 2. Inclinarse', '', 'SRC-02', '20', '20', 'Transcrito', 'Autorizada para difusión', 'Pendiente de validación lingüística');
INSERT INTO senses VALUES ('RD-000338-S01', 'RD-000338', 1, 'Agacharse');
INSERT INTO senses VALUES ('RD-000338-S02', 'RD-000338', 2, 'Inclinarse');
INSERT INTO lexical_entries VALUES ('RD-000339', 'Bunahua', 'Bunahua', 'bunahua', NULL, 'Vt', 'Vt', 'Ladear, agachar, inclinar', '', 'SRC-02', '20', '20', 'Transcrito', 'Autorizada para difusión', 'Pendiente de validación lingüística');
INSERT INTO senses VALUES ('RD-000339-S01', 'RD-000339', 1, 'Ladear, agachar, inclinar');
INSERT INTO lexical_entries VALUES ('RD-000340', 'Buqué', 'Buqué', 'buque', NULL, 'Vi sing', 'Vi', 'Tener, poseer (animal)', 'Nijeni buqué biré huáasi. Yo tengo sóla una vaca.[pl.: pugué] Nijé bucura huáasi, mi vaca Nijé pugura huáasi, mis vacas', 'SRC-02', '20', '20', 'Transcrito', 'Autorizada para difusión', 'Pendiente de validación lingüística');
INSERT INTO senses VALUES ('RD-000340-S01', 'RD-000340', 1, 'Tener, poseer (animal)');
INSERT INTO examples VALUES ('RD-000340-E01', 'RD-000340', 1, 'Nijeni buqué biré huáasi. Yo tengo sóla una vaca.[pl.: pugué] Nijé bucura huáasi, mi vaca Nijé pugura huáasi, mis vacas');
INSERT INTO variants VALUES ('RD-000340-V01', 'RD-000340', 1, 'pl.: pugué');
INSERT INTO lexical_entries VALUES ('RD-000341', 'Burá', 'Burá', 'bura', NULL, 'Vt', 'Vt', 'Hacer camino', 'Pe huaminánomí ne huarú burama jena''í. Poco más allá van a hacer un camino grande', 'SRC-02', '20', '20', 'Transcrito', 'Autorizada para difusión', 'Pendiente de validación lingüística');
INSERT INTO senses VALUES ('RD-000341-S01', 'RD-000341', 1, 'Hacer camino');
INSERT INTO examples VALUES ('RD-000341-E01', 'RD-000341', 1, 'Pe huaminánomí ne huarú burama jena''í. Poco más allá van a hacer un camino grande');
INSERT INTO lexical_entries VALUES ('RD-000342', 'Buré', 'Buré', 'bure', NULL, 'Vi', 'Vi', 'Amarrar', 'Sonó burebo, vamos a amarrar manojos de astrojo. [fut.: buréma]', 'SRC-02', '20', '20', 'Transcrito', 'Autorizada para difusión', 'Pendiente de validación lingüística');
INSERT INTO senses VALUES ('RD-000342-S01', 'RD-000342', 1, 'Amarrar');
INSERT INTO examples VALUES ('RD-000342-E01', 'RD-000342', 1, 'Sonó burebo, vamos a amarrar manojos de astrojo. [fut.: buréma]');
INSERT INTO variants VALUES ('RD-000342-V01', 'RD-000342', 1, 'fut.: buréma');
INSERT INTO lexical_entries VALUES ('RD-000343', 'Bureri', 'Bureri', 'bureri', NULL, '', 'Sin clasificar', 'Manojo', 'Biréana burí, una yunta (de bueyes)', 'SRC-02', '21', '21', 'Transcrito', 'Autorizada para difusión', 'Pendiente de validación lingüística');
INSERT INTO senses VALUES ('RD-000343-S01', 'RD-000343', 1, 'Manojo');
INSERT INTO examples VALUES ('RD-000343-E01', 'RD-000343', 1, 'Biréana burí, una yunta (de bueyes)');
INSERT INTO lexical_entries VALUES ('RD-000344', 'Burira', 'Burira', 'burira', NULL, 'Vt', 'Vt', 'Llevar preso', '[pp.: burirahuami]', 'SRC-02', '21', '21', 'Transcrito', 'Autorizada para difusión', 'Pendiente de validación lingüística');
INSERT INTO senses VALUES ('RD-000344-S01', 'RD-000344', 1, 'Llevar preso');
INSERT INTO examples VALUES ('RD-000344-E01', 'RD-000344', 1, '[pp.: burirahuami]');
INSERT INTO variants VALUES ('RD-000344-V01', 'RD-000344', 1, 'pp.: burirahuami');
INSERT INTO lexical_entries VALUES ('RD-000345', 'Burito', 'Burito', 'burito', NULL, 'S', 'S', 'Burro', '', 'SRC-02', '21', '21', 'Transcrito', 'Autorizada para difusión', 'Pendiente de validación lingüística');
INSERT INTO senses VALUES ('RD-000345-S01', 'RD-000345', 1, 'Burro');
INSERT INTO lexical_entries VALUES ('RD-000346', 'Burú', 'Burú', 'buru', NULL, 'Vi', 'Vi', 'Estar el camino (hacia e l lugar mencionado)', '¿cumi burú? ¿dónde está el camino? ¿Cum burú samichi? ¿donde está el camino hacia samachique? [pret.: burúuri]', 'SRC-02', '21', '21', 'Transcrito', 'Autorizada para difusión', 'Pendiente de validación lingüística');
INSERT INTO senses VALUES ('RD-000346-S01', 'RD-000346', 1, 'Estar el camino (hacia e l lugar mencionado)');
INSERT INTO examples VALUES ('RD-000346-E01', 'RD-000346', 1, '¿cumi burú? ¿dónde está el camino? ¿Cum burú samichi? ¿donde está el camino hacia samachique? [pret.: burúuri]');
INSERT INTO variants VALUES ('RD-000346-V01', 'RD-000346', 1, 'pret.: burúuri');
INSERT INTO lexical_entries VALUES ('RD-000347', 'Burusáagá', 'Burusáagá', 'burusaaga', NULL, '', 'Sin clasificar', 'Condicional si le amarran', '', 'SRC-02', '21', '21', 'Transcrito', 'Autorizada para difusión', 'Pendiente de validación lingüística');
INSERT INTO senses VALUES ('RD-000347-S01', 'RD-000347', 1, 'Condicional si le amarran');
INSERT INTO lexical_entries VALUES ('RD-000348', 'Burúuri', 'Burúuri', 'buruuri', NULL, '', 'Sin clasificar', '[Pretérito de burú]', 'Chabé echo''ná burúuri. Hace mucho había un camino allí.', 'SRC-02', '21', '21', 'Transcrito', 'Autorizada para difusión', 'Pendiente de validación lingüística');
INSERT INTO senses VALUES ('RD-000348-S01', 'RD-000348', 1, '[Pretérito de burú]');
INSERT INTO examples VALUES ('RD-000348-E01', 'RD-000348', 1, 'Chabé echo''ná burúuri. Hace mucho había un camino allí.');
INSERT INTO lexical_entries VALUES ('RD-000349', 'Busá', 'Busá', 'busa', NULL, 'Vi', 'Vi', 'Despertarse', 'Bi''yá bijini busureri. Muy temprano desperté. Ba''arí bi''yá nimí busurébanama. Mañana temprano te voy a despertar. [pret.: busuré; fut.: busuméa]', 'SRC-02', '21', '21', 'Transcrito', 'Autorizada para difusión', 'Pendiente de validación lingüística');
INSERT INTO senses VALUES ('RD-000349-S01', 'RD-000349', 1, 'Despertarse');
INSERT INTO examples VALUES ('RD-000349-E01', 'RD-000349', 1, 'Bi''yá bijini busureri. Muy temprano desperté. Ba''arí bi''yá nimí busurébanama. Mañana temprano te voy a despertar. [pret.: busuré; fut.: busuméa]');
INSERT INTO variants VALUES ('RD-000349-V01', 'RD-000349', 1, 'pret.: busuré; fut.: busuméa');
INSERT INTO lexical_entries VALUES ('RD-000350', 'Busé', 'Busé', 'buse', NULL, 'Vi', 'Vi', 'Tener ojos', '', 'SRC-02', '21', '21', 'Transcrito', 'Autorizada para difusión', 'Pendiente de validación lingüística');
INSERT INTO senses VALUES ('RD-000350-S01', 'RD-000350', 1, 'Tener ojos');
INSERT INTO lexical_entries VALUES ('RD-000351', 'Busí', 'Busí', 'busi', NULL, 'S', 'S', 'Ojo', '', 'SRC-02', '21', '21', 'Transcrito', 'Autorizada para difusión', 'Pendiente de validación lingüística');
INSERT INTO senses VALUES ('RD-000351-S01', 'RD-000351', 1, 'Ojo');
INSERT INTO lexical_entries VALUES ('RD-000352', 'Busugachi', 'Busugachi', 'busugachi', NULL, 'S', 'S', 'Ciego (Una persona a quien se le acabó completamente la vista)', '', 'SRC-02', '21', '21', 'Transcrito', 'Autorizada para difusión', 'Pendiente de validación lingüística');
INSERT INTO senses VALUES ('RD-000352-S01', 'RD-000352', 1, 'Ciego (Una persona a quien se le acabó completamente la vista)');
INSERT INTO lexical_entries VALUES ('RD-000353', 'Busurébana', 'Busurébana', 'busurebana', NULL, 'Vt', 'Vt', 'Despertar', '', 'SRC-02', '21', '21', 'Transcrito', 'Autorizada para difusión', 'Pendiente de validación lingüística');
INSERT INTO senses VALUES ('RD-000353-S01', 'RD-000353', 1, 'Despertar');
INSERT INTO lexical_entries VALUES ('RD-000354', 'Butuhuí', 'Butuhuí', 'butuhui', NULL, 'Vi', 'Vi', 'Hundirse', 'Butuhuisa simí. Nadar debajo del agua', 'SRC-02', '21', '21', 'Transcrito', 'Autorizada para difusión', 'Pendiente de validación lingüística');
INSERT INTO senses VALUES ('RD-000354-S01', 'RD-000354', 1, 'Hundirse');
INSERT INTO examples VALUES ('RD-000354-E01', 'RD-000354', 1, 'Butuhuisa simí. Nadar debajo del agua');
INSERT INTO lexical_entries VALUES ('RD-000355', 'buyana', '1buyana', 'buyana', '1', 'Vi pl', 'Vi', 'Salir (animales del corral)', '[pret.: buyánari]', 'SRC-02', '21', '21', 'Transcrito', 'Autorizada para difusión', 'Pendiente de validación lingüística');
INSERT INTO senses VALUES ('RD-000355-S01', 'RD-000355', 1, 'Salir (animales del corral)');
INSERT INTO examples VALUES ('RD-000355-E01', 'RD-000355', 1, '[pret.: buyánari]');
INSERT INTO variants VALUES ('RD-000355-V01', 'RD-000355', 1, 'pret.: buyánari');
INSERT INTO lexical_entries VALUES ('RD-000356', 'buyana', '2buyana', 'buyana', '2', '', 'Sin clasificar', 'Enfermar (de viruela)', '', 'SRC-02', '21', '21', 'Transcrito', 'Autorizada para difusión', 'Pendiente de validación lingüística');
INSERT INTO senses VALUES ('RD-000356-S01', 'RD-000356', 1, 'Enfermar (de viruela)');
INSERT INTO lexical_entries VALUES ('RD-000357', 'ca', '1ca', 'ca', '1', 'Vi', 'Vi', 'Llevar (en la mano)', 'Ripiyá ca simiri. Se fue llevando un cuchillo.', 'SRC-02', '21', '21', 'Transcrito', 'Autorizada para difusión', 'Pendiente de validación lingüística');
INSERT INTO senses VALUES ('RD-000357-S01', 'RD-000357', 1, 'Llevar (en la mano)');
INSERT INTO examples VALUES ('RD-000357-E01', 'RD-000357', 1, 'Ripiyá ca simiri. Se fue llevando un cuchillo.');
INSERT INTO lexical_entries VALUES ('RD-000358', 'ca', '1ca', 'ca', '1', 'Vi', 'Vi', 'Traer', 'Cusí ca nahuari. Llegó trayendo un palo. [pp: cami]', 'SRC-02', '21', '21', 'Transcrito', 'Autorizada para difusión', 'Pendiente de validación lingüística');
INSERT INTO senses VALUES ('RD-000358-S01', 'RD-000358', 1, 'Traer');
INSERT INTO examples VALUES ('RD-000358-E01', 'RD-000358', 1, 'Cusí ca nahuari. Llegó trayendo un palo. [pp: cami]');
INSERT INTO variants VALUES ('RD-000358-V01', 'RD-000358', 1, 'pp: cami');
INSERT INTO lexical_entries VALUES ('RD-000359', 'ca', '2ca', 'ca', '2', 'Vi', 'Vi', 'Hacer sombra', 'Mujemi hue nayurú; nijeni cábatama. Tú estás muy enfermo; te voy a hacer sombra.', 'SRC-02', '21', '21', 'Transcrito', 'Autorizada para difusión', 'Pendiente de validación lingüística');
INSERT INTO senses VALUES ('RD-000359-S01', 'RD-000359', 1, 'Hacer sombra');
INSERT INTO examples VALUES ('RD-000359-E01', 'RD-000359', 1, 'Mujemi hue nayurú; nijeni cábatama. Tú estás muy enfermo; te voy a hacer sombra.');
INSERT INTO lexical_entries VALUES ('RD-000360', 'Carari', 'Carari', 'carari', NULL, 'S', 'S', 'Sombra', '', 'SRC-02', '21', '21', 'Transcrito', 'Autorizada para difusión', 'Pendiente de validación lingüística');
INSERT INTO senses VALUES ('RD-000360-S01', 'RD-000360', 1, 'Sombra');
INSERT INTO lexical_entries VALUES ('RD-000361', 'Cáachi', 'Cáachi', 'caachi', NULL, 'Vi', 'Vi', 'Ser', 'Nijeni pe táa cáachi níiri. Yo era un poco chico. Ma ochérami cáachi mucumea. Ya que sea viejo, morirá. Siné cáachi. En otra ocasión, tal vez Táa cáachi. Siendo chico', 'SRC-02', '21', '21', 'Transcrito', 'Autorizada para difusión', 'Pendiente de validación lingüística');
INSERT INTO senses VALUES ('RD-000361-S01', 'RD-000361', 1, 'Ser');
INSERT INTO examples VALUES ('RD-000361-E01', 'RD-000361', 1, 'Nijeni pe táa cáachi níiri. Yo era un poco chico. Ma ochérami cáachi mucumea. Ya que sea viejo, morirá. Siné cáachi. En otra ocasión, tal vez Táa cáachi. Siendo chico');
INSERT INTO lexical_entries VALUES ('RD-000362', 'Caba', 'Caba', 'caba', NULL, 'Vi', 'Vi', 'Estar bajo a la sombra', 'Nijeni echo’ná ri’ré pachá cábama. Voy a estar allí, a la sombra.', 'SRC-02', '21', '21', 'Transcrito', 'Autorizada para difusión', 'Pendiente de validación lingüística');
INSERT INTO senses VALUES ('RD-000362-S01', 'RD-000362', 1, 'Estar bajo a la sombra');
INSERT INTO examples VALUES ('RD-000362-E01', 'RD-000362', 1, 'Nijeni echo’ná ri’ré pachá cábama. Voy a estar allí, a la sombra.');
INSERT INTO lexical_entries VALUES ('RD-000363', 'Cabí', 'Cabí', 'cabi', NULL, 'Vt', 'Vt', 'Enrollar', '¡oserí cabí! ¡enrolla el papel! Biré cabítami. Un rollo largo, una pieza entera de manta', 'SRC-02', '21', '21', 'Transcrito', 'Autorizada para difusión', 'Pendiente de validación lingüística');
INSERT INTO senses VALUES ('RD-000363-S01', 'RD-000363', 1, 'Enrollar');
INSERT INTO examples VALUES ('RD-000363-E01', 'RD-000363', 1, '¡oserí cabí! ¡enrolla el papel! Biré cabítami. Un rollo largo, una pieza entera de manta');
INSERT INTO lexical_entries VALUES ('RD-000364', 'Cabita', 'Cabita', 'cabita', NULL, 'Vi', 'Vi', 'Rodarse (una cosa larga)', '', 'SRC-02', '21', '21', 'Transcrito', 'Autorizada para difusión', 'Pendiente de validación lingüística');
INSERT INTO senses VALUES ('RD-000364-S01', 'RD-000364', 1, 'Rodarse (una cosa larga)');
INSERT INTO lexical_entries VALUES ('RD-000365', 'Cabítana', 'Cabítana', 'cabitana', NULL, 'Vt', 'Vt', 'Rodar, envolver', '', 'SRC-02', '21', '21', 'Transcrito', 'Autorizada para difusión', 'Pendiente de validación lingüística');
INSERT INTO senses VALUES ('RD-000365-S01', 'RD-000365', 1, 'Rodar, envolver');
INSERT INTO lexical_entries VALUES ('RD-000366', 'Cabó', 'Cabó', 'cabo', NULL, 'Vt', 'Vt', 'Enrollar en una bola (mecate)', 'Mani cu cabori huiya. Ya enrollé el mecate.', 'SRC-02', '21', '21', 'Transcrito', 'Autorizada para difusión', 'Pendiente de validación lingüística');
INSERT INTO senses VALUES ('RD-000366-S01', 'RD-000366', 1, 'Enrollar en una bola (mecate)');
INSERT INTO examples VALUES ('RD-000366-E01', 'RD-000366', 1, 'Mani cu cabori huiya. Ya enrollé el mecate.');
INSERT INTO lexical_entries VALUES ('RD-000367', 'Cabóchuhua', 'Cabóchuhua', 'cabochuhua', NULL, 'S', 'S', 'Pantorrilla', 'Nijé cabóchara. Mi pantorrilla.', 'SRC-02', '21', '21', 'Transcrito', 'Autorizada para difusión', 'Pendiente de validación lingüística');
INSERT INTO senses VALUES ('RD-000367-S01', 'RD-000367', 1, 'Pantorrilla');
INSERT INTO examples VALUES ('RD-000367-E01', 'RD-000367', 1, 'Nijé cabóchara. Mi pantorrilla.');
INSERT INTO lexical_entries VALUES ('RD-000368', 'Cabóochi', 'Cabóochi', 'caboochi', NULL, 'S', 'S', '1. Músculo (de la pierna o del brazo) 2. En la pantorilla', '', 'SRC-02', '22', '22', 'Transcrito', 'Autorizada para difusión', 'Pendiente de validación lingüística');
INSERT INTO senses VALUES ('RD-000368-S01', 'RD-000368', 1, 'Músculo (de la pierna o del brazo)');
INSERT INTO senses VALUES ('RD-000368-S02', 'RD-000368', 2, 'En la pantorilla');
INSERT INTO lexical_entries VALUES ('RD-000369', 'Cabora', 'Cabora', 'cabora', NULL, 'Vi pl', 'Vi', 'Ser esféricos', '[sing.: capora] Cabórami. Esféricos', 'SRC-02', '22', '22', 'Transcrito', 'Autorizada para difusión', 'Pendiente de validación lingüística');
INSERT INTO senses VALUES ('RD-000369-S01', 'RD-000369', 1, 'Ser esféricos');
INSERT INTO examples VALUES ('RD-000369-E01', 'RD-000369', 1, '[sing.: capora] Cabórami. Esféricos');
INSERT INTO variants VALUES ('RD-000369-V01', 'RD-000369', 1, 'sing.: capora');
INSERT INTO lexical_entries VALUES ('RD-000370', 'Cabósari', 'Cabósari', 'cabosari', NULL, 'S', 'S', 'Tecolote blanco (ave tamaño mediano), búho chico', '', 'SRC-02', '22', '22', 'Transcrito', 'Autorizada para difusión', 'Pendiente de validación lingüística');
INSERT INTO senses VALUES ('RD-000370-S01', 'RD-000370', 1, 'Tecolote blanco (ave tamaño mediano), búho chico');
INSERT INTO lexical_entries VALUES ('RD-000371', 'Cabú', 'Cabú', 'cabu', NULL, 'Adv', 'Adv', '¿cuándo?', '¿cabú cu nahuari? ¿cuándo viniste? Quiríbuco. Adv ¿cuándo?', 'SRC-02', '22', '22', 'Transcrito', 'Autorizada para difusión', 'Pendiente de validación lingüística');
INSERT INTO senses VALUES ('RD-000371-S01', 'RD-000371', 1, '¿cuándo?');
INSERT INTO examples VALUES ('RD-000371-E01', 'RD-000371', 1, '¿cabú cu nahuari? ¿cuándo viniste? Quiríbuco. Adv ¿cuándo?');
INSERT INTO lexical_entries VALUES ('RD-000372', 'Cachagá', 'Cachagá', 'cachaga', NULL, 'S', 'S', 'Cadera', '', 'SRC-02', '22', '22', 'Transcrito', 'Autorizada para difusión', 'Pendiente de validación lingüística');
INSERT INTO senses VALUES ('RD-000372-S01', 'RD-000372', 1, 'Cadera');
INSERT INTO lexical_entries VALUES ('RD-000373', 'cachí', '1cachí', 'cachi', '1', 'Vi', 'Vi', 'Escupir', 'Ne huabé huaquicheri tambore. Gará níima cachípasa. El tambor se secó; sería bueno escupirlo. Cachipo. Vamos a escupir. Cachipa. Vi le escupe', 'SRC-02', '22', '22', 'Transcrito', 'Autorizada para difusión', 'Pendiente de validación lingüística');
INSERT INTO senses VALUES ('RD-000373-S01', 'RD-000373', 1, 'Escupir');
INSERT INTO examples VALUES ('RD-000373-E01', 'RD-000373', 1, 'Ne huabé huaquicheri tambore. Gará níima cachípasa. El tambor se secó; sería bueno escupirlo. Cachipo. Vamos a escupir. Cachipa. Vi le escupe');
INSERT INTO lexical_entries VALUES ('RD-000374', 'cachí', '2cachí', 'cachi', '2', 'Vi pl', 'Vi', 'Reírse', '', 'SRC-02', '22', '22', 'Transcrito', 'Autorizada para difusión', 'Pendiente de validación lingüística');
INSERT INTO senses VALUES ('RD-000374-S01', 'RD-000374', 1, 'Reírse');
INSERT INTO lexical_entries VALUES ('RD-000375', 'Cachígachí', 'Cachígachí', 'cachigachi', NULL, 'S', 'S', 'Cadera', 'Hue ocó nijé cachigárachi. Me duele mucho una cadera. Nijé cachigara. Mi cadera. Nijé cachigárachi. En mi cadera.', 'SRC-02', '22', '22', 'Transcrito', 'Autorizada para difusión', 'Pendiente de validación lingüística');
INSERT INTO senses VALUES ('RD-000375-S01', 'RD-000375', 1, 'Cadera');
INSERT INTO examples VALUES ('RD-000375-E01', 'RD-000375', 1, 'Hue ocó nijé cachigárachi. Me duele mucho una cadera. Nijé cachigara. Mi cadera. Nijé cachigárachi. En mi cadera.');
INSERT INTO lexical_entries VALUES ('RD-000376', 'Cachú', 'Cachú', 'cachu', NULL, 'Vi', 'Vi', 'Arrugarse', 'Chabeni rarari je''ná coyacha; ma cáraga cachuri. Hace tiempo compré este sombrero; ya se arrugó completamente [pret.: cachuri]', 'SRC-02', '22', '22', 'Transcrito', 'Autorizada para difusión', 'Pendiente de validación lingüística');
INSERT INTO senses VALUES ('RD-000376-S01', 'RD-000376', 1, 'Arrugarse');
INSERT INTO examples VALUES ('RD-000376-E01', 'RD-000376', 1, 'Chabeni rarari je''ná coyacha; ma cáraga cachuri. Hace tiempo compré este sombrero; ya se arrugó completamente [pret.: cachuri]');
INSERT INTO variants VALUES ('RD-000376-V01', 'RD-000376', 1, 'pret.: cachuri');
INSERT INTO lexical_entries VALUES ('RD-000377', 'Cachuna', 'Cachuna', 'cachuna', NULL, 'Vt', 'Vt', 'Arrugar', '[pret.: cachúnari; pp.: cachúami]', 'SRC-02', '22', '22', 'Transcrito', 'Autorizada para difusión', 'Pendiente de validación lingüística');
INSERT INTO senses VALUES ('RD-000377-S01', 'RD-000377', 1, 'Arrugar');
INSERT INTO examples VALUES ('RD-000377-E01', 'RD-000377', 1, '[pret.: cachúnari; pp.: cachúami]');
INSERT INTO variants VALUES ('RD-000377-V01', 'RD-000377', 1, 'pret.: cachúnari; pp.: cachúami');
INSERT INTO lexical_entries VALUES ('RD-000378', 'Ca’huá', 'Ca’huá', 'ca''hua', NULL, 'Vt', 'Vt', 'Poner huevos', 'Jipi quetasi te ca’huara, echi torí quetasi ca’huá. Ahora no hay huevos, las gallinas no ponen. [fut.: ca''huaméa] Torí ca''huara. S huevos de galina.', 'SRC-02', '22', '22', 'Transcrito', 'Autorizada para difusión', 'Pendiente de validación lingüística');
INSERT INTO senses VALUES ('RD-000378-S01', 'RD-000378', 1, 'Poner huevos');
INSERT INTO examples VALUES ('RD-000378-E01', 'RD-000378', 1, 'Jipi quetasi te ca’huara, echi torí quetasi ca’huá. Ahora no hay huevos, las gallinas no ponen. [fut.: ca''huaméa] Torí ca''huara. S huevos de galina.');
INSERT INTO variants VALUES ('RD-000378-V01', 'RD-000378', 1, 'fut.: ca''huaméa');
INSERT INTO lexical_entries VALUES ('RD-000379', 'Cahué', 'Cahué', 'cahue', NULL, 'S', 'S', 'Caballo', 'Cahué acará.herradura. Cahué buquéami. Dueño del caballo. Cahué cho''orá. El hocico del caballo. Cahué huasira. La cola del caballo Cahué muquira. Yegua. Cahué ropara. Vientre del caballo.', 'SRC-02', '22', '22', 'Transcrito', 'Autorizada para difusión', 'Pendiente de validación lingüística');
INSERT INTO senses VALUES ('RD-000379-S01', 'RD-000379', 1, 'Caballo');
INSERT INTO examples VALUES ('RD-000379-E01', 'RD-000379', 1, 'Cahué acará.herradura. Cahué buquéami. Dueño del caballo. Cahué cho''orá. El hocico del caballo. Cahué huasira. La cola del caballo Cahué muquira. Yegua. Cahué ropara. Vientre del caballo.');
INSERT INTO lexical_entries VALUES ('RD-000380', 'Ca''hué', 'Ca''hué', 'ca''hue', NULL, 'Vi', 'Vi', 'Tener liendres', 'Hue ca''huéami ju mo''ochí. Tiene muchas liendres en la cabeza. [pret.: ca''huéari; fut.: ca''huérama]', 'SRC-02', '22', '22', 'Transcrito', 'Autorizada para difusión', 'Pendiente de validación lingüística');
INSERT INTO senses VALUES ('RD-000380-S01', 'RD-000380', 1, 'Tener liendres');
INSERT INTO examples VALUES ('RD-000380-E01', 'RD-000380', 1, 'Hue ca''huéami ju mo''ochí. Tiene muchas liendres en la cabeza. [pret.: ca''huéari; fut.: ca''huérama]');
INSERT INTO variants VALUES ('RD-000380-V01', 'RD-000380', 1, 'pret.: ca''huéari; fut.: ca''huérama');
INSERT INTO lexical_entries VALUES ('RD-000381', 'Cahuera', 'Cahuera', 'cahuera', NULL, 'Vt', 'Vt', 'Menospreciar, despreciar', 'Echi rijoy quetasi tamí garé; chopi tamí cahuera. Ese hombre no me ama; solamente me desprecia.', 'SRC-02', '22', '22', 'Transcrito', 'Autorizada para difusión', 'Pendiente de validación lingüística');
INSERT INTO senses VALUES ('RD-000381-S01', 'RD-000381', 1, 'Menospreciar, despreciar');
INSERT INTO examples VALUES ('RD-000381-E01', 'RD-000381', 1, 'Echi rijoy quetasi tamí garé; chopi tamí cahuera. Ese hombre no me ama; solamente me desprecia.');
INSERT INTO lexical_entries VALUES ('RD-000382', 'cahuí', '1cahuí', 'cahui', '1', 'S', 'S', 'Monte, terreno, tierra, campo, mundo', 'Iquecha mi cahuíi mapo’nami ichiméa? ¿no tienes tierra donde puedas sembrar? Cahuí ichihuáami. Tierra de cultivo. Cahuí pátami. Herencia de terrenos. Cahuíi. Vi tener tierra. Cahuichí. En el monte. Jena’í cahuírari. Este lugar. Nijé cahúíhuarachi. Mi tierra.', 'SRC-02', '22', '23', 'Transcrito', 'Autorizada para difusión', 'Pendiente de validación lingüística');
INSERT INTO senses VALUES ('RD-000382-S01', 'RD-000382', 1, 'Monte, terreno, tierra, campo, mundo');
INSERT INTO examples VALUES ('RD-000382-E01', 'RD-000382', 1, 'Iquecha mi cahuíi mapo’nami ichiméa? ¿no tienes tierra donde puedas sembrar? Cahuí ichihuáami. Tierra de cultivo. Cahuí pátami. Herencia de terrenos. Cahuíi. Vi tener tierra. Cahuichí. En el monte. Jena’í cahuírari. Este lugar. Nijé cahúíhuarachi. Mi tierra.');
INSERT INTO lexical_entries VALUES ('RD-000383', 'cahuí', '2cahuí', 'cahui', '2', 'Vi', 'Vi', 'Aclarar (desaparecer las nubes)', 'Ma cu cahuiri norí. Ya se desaparecieron las nubes. Cahuí simí. Está aclarando.', 'SRC-02', '23', '23', 'Transcrito', 'Autorizada para difusión', 'Pendiente de validación lingüística');
INSERT INTO senses VALUES ('RD-000383-S01', 'RD-000383', 1, 'Aclarar (desaparecer las nubes)');
INSERT INTO examples VALUES ('RD-000383-E01', 'RD-000383', 1, 'Ma cu cahuiri norí. Ya se desaparecieron las nubes. Cahuí simí. Está aclarando.');
INSERT INTO lexical_entries VALUES ('RD-000384', 'Cahuíami', 'Cahuíami', 'cahuiami', NULL, 'Adj', 'Adj', 'Claro, limpio, sereno (el cielo)', '', 'SRC-02', '23', '23', 'Transcrito', 'Autorizada para difusión', 'Pendiente de validación lingüística');
INSERT INTO senses VALUES ('RD-000384-S01', 'RD-000384', 1, 'Claro, limpio, sereno (el cielo)');
INSERT INTO lexical_entries VALUES ('RD-000385', 'Cahúírachi', 'Cahúírachi', 'cahuirachi', NULL, 'S', 'S', 'Piña de pino', 'Ocó cahuíchara. Piña de la clase de pino que llaman ocó Huiyó cahuíchara.piña grande de la clase de pino que llaman Huiyó', 'SRC-02', '23', '23', 'Transcrito', 'Autorizada para difusión', 'Pendiente de validación lingüística');
INSERT INTO senses VALUES ('RD-000385-S01', 'RD-000385', 1, 'Piña de pino');
INSERT INTO examples VALUES ('RD-000385-E01', 'RD-000385', 1, 'Ocó cahuíchara. Piña de la clase de pino que llaman ocó Huiyó cahuíchara.piña grande de la clase de pino que llaman Huiyó');
INSERT INTO lexical_entries VALUES ('RD-000386', 'Cahuisori', 'Cahuisori', 'cahuisori', NULL, 'S', 'S', 'Cobija', 'Vease quimá', 'SRC-02', '23', '23', 'Transcrito', 'Autorizada para difusión', 'Pendiente de validación lingüística');
INSERT INTO senses VALUES ('RD-000386-S01', 'RD-000386', 1, 'Cobija');
INSERT INTO examples VALUES ('RD-000386-E01', 'RD-000386', 1, 'Vease quimá');
INSERT INTO variants VALUES ('RD-000386-V01', 'RD-000386', 1, 'véase quimá');
INSERT INTO lexical_entries VALUES ('RD-000387', 'Cajé', 'Cajé', 'caje', NULL, 'S', 'S', 'Café', 'Cajé rachirá. Heces del café.', 'SRC-02', '23', '23', 'Transcrito', 'Autorizada para difusión', 'Pendiente de validación lingüística');
INSERT INTO senses VALUES ('RD-000387-S01', 'RD-000387', 1, 'Café');
INSERT INTO examples VALUES ('RD-000387-E01', 'RD-000387', 1, 'Cajé rachirá. Heces del café.');
INSERT INTO lexical_entries VALUES ('RD-000388', 'Cajera', 'Cajera', 'cajera', NULL, 'S', 'S', 'Cáscara delgada, vaina', 'Bachí cajera. Cáscara de calabaza Masana cajera. Cáscara de manzana. Muní cajera.vaina de frijol. Narasi cajera. Cáscara de naranja Ocó cajera. Cáscara de pino.', 'SRC-02', '23', '23', 'Transcrito', 'Autorizada para difusión', 'Pendiente de validación lingüística');
INSERT INTO senses VALUES ('RD-000388-S01', 'RD-000388', 1, 'Cáscara delgada, vaina');
INSERT INTO examples VALUES ('RD-000388-E01', 'RD-000388', 1, 'Bachí cajera. Cáscara de calabaza Masana cajera. Cáscara de manzana. Muní cajera.vaina de frijol. Narasi cajera. Cáscara de naranja Ocó cajera. Cáscara de pino.');
INSERT INTO lexical_entries VALUES ('RD-000389', 'Cajuí', 'Cajuí', 'cajui', NULL, 'Vi', 'Vi', 'Derribarse (una trinchera)', '[fut.: cajuima]', 'SRC-02', '23', '23', 'Transcrito', 'Autorizada para difusión', 'Pendiente de validación lingüística');
INSERT INTO senses VALUES ('RD-000389-S01', 'RD-000389', 1, 'Derribarse (una trinchera)');
INSERT INTO examples VALUES ('RD-000389-E01', 'RD-000389', 1, '[fut.: cajuima]');
INSERT INTO variants VALUES ('RD-000389-V01', 'RD-000389', 1, 'fut.: cajuima');
INSERT INTO lexical_entries VALUES ('RD-000390', 'Cajuina', 'Cajuina', 'cajuina', NULL, 'Vt', 'Vt', 'Derribar', '', 'SRC-02', '23', '23', 'Transcrito', 'Autorizada para difusión', 'Pendiente de validación lingüística');
INSERT INTO senses VALUES ('RD-000390-S01', 'RD-000390', 1, 'Derribar');
INSERT INTO lexical_entries VALUES ('RD-000391', 'Ca''marota', 'Ca''marota', 'ca''marota', NULL, 'Vi', 'Vi', 'Ampollarse', 'Hue nóchari nijé ocó mitée; ma ca''marótari sicachí. Trabajé mucho tumbando pinos; ya se ampollaron mis manos.', 'SRC-02', '23', '23', 'Transcrito', 'Autorizada para difusión', 'Pendiente de validación lingüística');
INSERT INTO senses VALUES ('RD-000391-S01', 'RD-000391', 1, 'Ampollarse');
INSERT INTO examples VALUES ('RD-000391-E01', 'RD-000391', 1, 'Hue nóchari nijé ocó mitée; ma ca''marótari sicachí. Trabajé mucho tumbando pinos; ya se ampollaron mis manos.');
INSERT INTO lexical_entries VALUES ('RD-000392', 'Cameri', 'Cameri', 'cameri', NULL, 'Vi fut', 'Vi', 'Ser bueno', 'Que simisá cameri. Sería bueno que no fuera.', 'SRC-02', '23', '23', 'Transcrito', 'Autorizada para difusión', 'Pendiente de validación lingüística');
INSERT INTO senses VALUES ('RD-000392-S01', 'RD-000392', 1, 'Ser bueno');
INSERT INTO examples VALUES ('RD-000392-E01', 'RD-000392', 1, 'Que simisá cameri. Sería bueno que no fuera.');
INSERT INTO lexical_entries VALUES ('RD-000393', 'Ca''mí', 'Ca''mí', 'ca''mi', NULL, 'Vi', 'Vi', 'Caerse (un poste o un pino)', 'Ca''mí aquibi. Se cayó.', 'SRC-02', '23', '23', 'Transcrito', 'Autorizada para difusión', 'Pendiente de validación lingüística');
INSERT INTO senses VALUES ('RD-000393-S01', 'RD-000393', 1, 'Caerse (un poste o un pino)');
INSERT INTO examples VALUES ('RD-000393-E01', 'RD-000393', 1, 'Ca''mí aquibi. Se cayó.');
INSERT INTO lexical_entries VALUES ('RD-000394', 'Camí', 'Camí', 'cami', NULL, 'Vi', 'Vi', 'Encarrujarse, torcerse', 'Ma camiri pelota; auchéchoco upúchamani. Ya se encarrujó la pelota; voy a echarle aire. Echo''ná rayénarachi huaminá camiri oserí. Se encarrujó el papel por el sol. Caminí. Está encarrujándose Camíami. encarrujado, aplastado', 'SRC-02', '23', '23', 'Transcrito', 'Autorizada para difusión', 'Pendiente de validación lingüística');
INSERT INTO senses VALUES ('RD-000394-S01', 'RD-000394', 1, 'Encarrujarse, torcerse');
INSERT INTO examples VALUES ('RD-000394-E01', 'RD-000394', 1, 'Ma camiri pelota; auchéchoco upúchamani. Ya se encarrujó la pelota; voy a echarle aire. Echo''ná rayénarachi huaminá camiri oserí. Se encarrujó el papel por el sol. Caminí. Está encarrujándose Camíami. encarrujado, aplastado');
INSERT INTO lexical_entries VALUES ('RD-000395', 'Cami', 'Cami', 'cami', NULL, 'Adj', 'Adj', 'Extraordinario', '', 'SRC-02', '23', '23', 'Transcrito', 'Autorizada para difusión', 'Pendiente de validación lingüística');
INSERT INTO senses VALUES ('RD-000395-S01', 'RD-000395', 1, 'Extraordinario');
INSERT INTO lexical_entries VALUES ('RD-000396', 'Ca''mina', 'Ca''mina', 'ca''mina', NULL, 'Vt', 'Vt', 'Tumbar', '[fut.: ca''minama]', 'SRC-02', '23', '23', 'Transcrito', 'Autorizada para difusión', 'Pendiente de validación lingüística');
INSERT INTO senses VALUES ('RD-000396-S01', 'RD-000396', 1, 'Tumbar');
INSERT INTO examples VALUES ('RD-000396-E01', 'RD-000396', 1, '[fut.: ca''minama]');
INSERT INTO variants VALUES ('RD-000396-V01', 'RD-000396', 1, 'fut.: ca''minama');
INSERT INTO lexical_entries VALUES ('RD-000397', 'Camina', 'Camina', 'camina', NULL, 'Vt', 'Vt', 'Apretar, estrangular (con las manos)', '', 'SRC-02', '23', '23', 'Transcrito', 'Autorizada para difusión', 'Pendiente de validación lingüística');
INSERT INTO senses VALUES ('RD-000397-S01', 'RD-000397', 1, 'Apretar, estrangular (con las manos)');
INSERT INTO lexical_entries VALUES ('RD-000398', 'Ca''mocha', 'Ca''mocha', 'ca''mocha', NULL, 'Vi', 'Vi', 'Hincharse la cara', 'Banachí ca''móchari. Se le hinchó la mejilla', 'SRC-02', '23', '23', 'Transcrito', 'Autorizada para difusión', 'Pendiente de validación lingüística');
INSERT INTO senses VALUES ('RD-000398-S01', 'RD-000398', 1, 'Hincharse la cara');
INSERT INTO examples VALUES ('RD-000398-E01', 'RD-000398', 1, 'Banachí ca''móchari. Se le hinchó la mejilla');
INSERT INTO lexical_entries VALUES ('RD-000399', 'Ca''moché', 'Ca''moché', 'ca''moche', NULL, 'Vi', 'Vi', 'Taparse la garganta (cuando se come algo seco)', '', 'SRC-02', '23', '23', 'Transcrito', 'Autorizada para difusión', 'Pendiente de validación lingüística');
INSERT INTO senses VALUES ('RD-000399-S01', 'RD-000399', 1, 'Taparse la garganta (cuando se come algo seco)');
INSERT INTO lexical_entries VALUES ('RD-000400', 'Campori', 'Campori', 'campori', NULL, 'S', 'S', 'Tambor (se usa en la Semana Santa)', 'Huicabé campori anini. Se oyen muchos tambores.', 'SRC-02', '23', '23', 'Transcrito', 'Autorizada para difusión', 'Pendiente de validación lingüística');
INSERT INTO senses VALUES ('RD-000400-S01', 'RD-000400', 1, 'Tambor (se usa en la Semana Santa)');
INSERT INTO examples VALUES ('RD-000400-E01', 'RD-000400', 1, 'Huicabé campori anini. Se oyen muchos tambores.');
INSERT INTO lexical_entries VALUES ('RD-000401', 'Ca''muchí', 'Ca''muchí', 'ca''muchi', NULL, 'Vi', 'Vi', 'Maíz para hacer palomitas', '', 'SRC-02', '23', '23', 'Transcrito', 'Autorizada para difusión', 'Pendiente de validación lingüística');
INSERT INTO senses VALUES ('RD-000401-S01', 'RD-000401', 1, 'Maíz para hacer palomitas');
INSERT INTO lexical_entries VALUES ('RD-000402', 'Ca''muchita', 'Ca''muchita', 'ca''muchita', NULL, 'Vt', 'Vt', 'Hacer palomitas (tostando el maíz)', '', 'SRC-02', '23', '23', 'Transcrito', 'Autorizada para difusión', 'Pendiente de validación lingüística');
INSERT INTO senses VALUES ('RD-000402-S01', 'RD-000402', 1, 'Hacer palomitas (tostando el maíz)');
INSERT INTO lexical_entries VALUES ('RD-000403', 'Canajeca simí', 'Canajeca simí', 'canajeca simi', NULL, 'Vi', 'Vi', 'Flotar', '', 'SRC-02', '23', '23', 'Transcrito', 'Autorizada para difusión', 'Pendiente de validación lingüística');
INSERT INTO senses VALUES ('RD-000403-S01', 'RD-000403', 1, 'Flotar');
INSERT INTO lexical_entries VALUES ('RD-000404', 'Canápuromí', 'Canápuromí', 'canapuromi', NULL, 'Adv', 'Adv', 'En muchas partes, en dondequiera', 'Canápuromí piréami cúrohui ma gará machí oserí ''néniya. Los niños de muchas partes ya saben leer.', 'SRC-02', '24', '24', 'Transcrito', 'Autorizada para difusión', 'Pendiente de validación lingüística');
INSERT INTO senses VALUES ('RD-000404-S01', 'RD-000404', 1, 'En muchas partes, en dondequiera');
INSERT INTO examples VALUES ('RD-000404-E01', 'RD-000404', 1, 'Canápuromí piréami cúrohui ma gará machí oserí ''néniya. Los niños de muchas partes ya saben leer.');
INSERT INTO lexical_entries VALUES ('RD-000405', 'Cánari', 'Cánari', 'canari', NULL, 'S', 'S', 'Guacamaya, perico', 'Ma ''ne cuhuésachi, hue ''yena echi cánari. En la primavera hay (andan) Muchas guacamayas.', 'SRC-02', '24', '24', 'Transcrito', 'Autorizada para difusión', 'Pendiente de validación lingüística');
INSERT INTO senses VALUES ('RD-000405-S01', 'RD-000405', 1, 'Guacamaya, perico');
INSERT INTO examples VALUES ('RD-000405-E01', 'RD-000405', 1, 'Ma ''ne cuhuésachi, hue ''yena echi cánari. En la primavera hay (andan) Muchas guacamayas.');
INSERT INTO lexical_entries VALUES ('RD-000406', 'Canira', 'Canira', 'canira', NULL, 'Vi', 'Vi', 'Alegrarse, complacerse', '', 'SRC-02', '24', '24', 'Transcrito', 'Autorizada para difusión', 'Pendiente de validación lingüística');
INSERT INTO senses VALUES ('RD-000406-S01', 'RD-000406', 1, 'Alegrarse, complacerse');
INSERT INTO lexical_entries VALUES ('RD-000407', 'Canírata', 'Canírata', 'canirata', NULL, 'Vt', 'Vt', 'Complacer, contentar, regocijar', '', 'SRC-02', '24', '24', 'Transcrito', 'Autorizada para difusión', 'Pendiente de validación lingüística');
INSERT INTO senses VALUES ('RD-000407-S01', 'RD-000407', 1, 'Complacer, contentar, regocijar');
INSERT INTO lexical_entries VALUES ('RD-000408', 'Caniri', 'Caniri', 'caniri', NULL, 'Vi', 'Vi', 'Estar contento, estar feliz', '[pret.: caníiri; fut.: canírama] Caníriga. Con mucho gusto. Canírini. Me dio gusto.', 'SRC-02', '24', '24', 'Transcrito', 'Autorizada para difusión', 'Pendiente de validación lingüística');
INSERT INTO senses VALUES ('RD-000408-S01', 'RD-000408', 1, 'Estar contento, estar feliz');
INSERT INTO examples VALUES ('RD-000408-E01', 'RD-000408', 1, '[pret.: caníiri; fut.: canírama] Caníriga. Con mucho gusto. Canírini. Me dio gusto.');
INSERT INTO variants VALUES ('RD-000408-V01', 'RD-000408', 1, 'pret.: caníiri; fut.: canírama');
INSERT INTO lexical_entries VALUES ('RD-000409', 'Ca''ó', 'Ca''ó', 'ca''o', NULL, 'Adv', 'Adv', 'Arriba por el arroyo', 'Mi ca''ónani bité. Vivo arriba, por el arroyo. Ca''ona na''rí ju. Es para arriba, en el arroyo. Ca''ona. Para arriba en el arroyo.', 'SRC-02', '24', '24', 'Transcrito', 'Autorizada para difusión', 'Pendiente de validación lingüística');
INSERT INTO senses VALUES ('RD-000409-S01', 'RD-000409', 1, 'Arriba por el arroyo');
INSERT INTO examples VALUES ('RD-000409-E01', 'RD-000409', 1, 'Mi ca''ónani bité. Vivo arriba, por el arroyo. Ca''ona na''rí ju. Es para arriba, en el arroyo. Ca''ona. Para arriba en el arroyo.');
INSERT INTO lexical_entries VALUES ('RD-000410', 'Capaneri', 'Capaneri', 'capaneri', NULL, 'S', 'S', 'Campana', '', 'SRC-02', '24', '24', 'Transcrito', 'Autorizada para difusión', 'Pendiente de validación lingüística');
INSERT INTO senses VALUES ('RD-000410-S01', 'RD-000410', 1, 'Campana');
INSERT INTO lexical_entries VALUES ('RD-000411', 'Capilata', 'Capilata', 'capilata', NULL, 'Vi', 'Vi', 'Rodarse (una cosa larga, como un tronco)', '', 'SRC-02', '24', '24', 'Transcrito', 'Autorizada para difusión', 'Pendiente de validación lingüística');
INSERT INTO senses VALUES ('RD-000411-S01', 'RD-000411', 1, 'Rodarse (una cosa larga, como un tronco)');
INSERT INTO lexical_entries VALUES ('RD-000412', 'Capira', 'Capira', 'capira', NULL, 'Vi', 'Vi', 'Estar cilíndrico', '', 'SRC-02', '24', '24', 'Transcrito', 'Autorizada para difusión', 'Pendiente de validación lingüística');
INSERT INTO senses VALUES ('RD-000412-S01', 'RD-000412', 1, 'Estar cilíndrico');
INSERT INTO lexical_entries VALUES ('RD-000413', 'Capírahua', 'Capírahua', 'capirahua', NULL, 'Vi', 'Vi', 'Hacer cilíndrico', '[pret.: capíranari; fut.: capíranama]', 'SRC-02', '24', '24', 'Transcrito', 'Autorizada para difusión', 'Pendiente de validación lingüística');
INSERT INTO senses VALUES ('RD-000413-S01', 'RD-000413', 1, 'Hacer cilíndrico');
INSERT INTO examples VALUES ('RD-000413-E01', 'RD-000413', 1, '[pret.: capíranari; fut.: capíranama]');
INSERT INTO variants VALUES ('RD-000413-V01', 'RD-000413', 1, 'pret.: capíranari; fut.: capíranama');
INSERT INTO lexical_entries VALUES ('RD-000414', 'Capíiri', 'Capíiri', 'capiiri', NULL, '', 'Sin clasificar', 'Se hizo cilíndrico', '', 'SRC-02', '24', '24', 'Transcrito', 'Autorizada para difusión', 'Pendiente de validación lingüística');
INSERT INTO senses VALUES ('RD-000414-S01', 'RD-000414', 1, 'Se hizo cilíndrico');
INSERT INTO lexical_entries VALUES ('RD-000415', 'Capírami', 'Capírami', 'capirami', NULL, 'Adj', 'Adj', 'Cilíndrico', '', 'SRC-02', '24', '24', 'Transcrito', 'Autorizada para difusión', 'Pendiente de validación lingüística');
INSERT INTO senses VALUES ('RD-000415-S01', 'RD-000415', 1, 'Cilíndrico');
INSERT INTO lexical_entries VALUES ('RD-000416', 'Capirátana', 'Capirátana', 'capiratana', NULL, 'Vt', 'Vt', 'Hacer rodar (una cosa larga, como un tronco)', 'Capirata simí. Rueda un trozo', 'SRC-02', '24', '24', 'Transcrito', 'Autorizada para difusión', 'Pendiente de validación lingüística');
INSERT INTO senses VALUES ('RD-000416-S01', 'RD-000416', 1, 'Hacer rodar (una cosa larga, como un tronco)');
INSERT INTO examples VALUES ('RD-000416-E01', 'RD-000416', 1, 'Capirata simí. Rueda un trozo');
INSERT INTO lexical_entries VALUES ('RD-000417', 'Capitani', 'Capitani', 'capitani', NULL, 'S', 'S', 'Capitán', 'Queni capitánahua. Mi capitán. Nijé capitánahuara. Mi capitán.', 'SRC-02', '24', '24', 'Transcrito', 'Autorizada para difusión', 'Pendiente de validación lingüística');
INSERT INTO senses VALUES ('RD-000417-S01', 'RD-000417', 1, 'Capitán');
INSERT INTO examples VALUES ('RD-000417-E01', 'RD-000417', 1, 'Queni capitánahua. Mi capitán. Nijé capitánahuara. Mi capitán.');
INSERT INTO lexical_entries VALUES ('RD-000418', 'Capó', 'Capó', 'capo', NULL, 'Vi', 'Vi', '1. Quebrarse (una cosa larga) 2. Inflarse', '', 'SRC-02', '24', '24', 'Transcrito', 'Autorizada para difusión', 'Pendiente de validación lingüística');
INSERT INTO senses VALUES ('RD-000418-S01', 'RD-000418', 1, 'Quebrarse (una cosa larga)');
INSERT INTO senses VALUES ('RD-000418-S02', 'RD-000418', 2, 'Inflarse');
INSERT INTO lexical_entries VALUES ('RD-000419', 'Capona', 'Capona', 'capona', NULL, 'Vt', 'Vt', '1. Quebrar 2. Desgajar 3. Inflar', '', 'SRC-02', '24', '24', 'Transcrito', 'Autorizada para difusión', 'Pendiente de validación lingüística');
INSERT INTO senses VALUES ('RD-000419-S01', 'RD-000419', 1, 'Quebrar');
INSERT INTO senses VALUES ('RD-000419-S02', 'RD-000419', 2, 'Desgajar');
INSERT INTO senses VALUES ('RD-000419-S03', 'RD-000419', 3, 'Inflar');
INSERT INTO lexical_entries VALUES ('RD-000420', 'Capora', 'Capora', 'capora', NULL, 'Vi sing', 'Vi', 'Ser esférico', 'Que ‘me capórami ju comácari. No está muy esférica la bola de madera. [pl: cabora]', 'SRC-02', '24', '24', 'Transcrito', 'Autorizada para difusión', 'Pendiente de validación lingüística');
INSERT INTO senses VALUES ('RD-000420-S01', 'RD-000420', 1, 'Ser esférico');
INSERT INTO examples VALUES ('RD-000420-E01', 'RD-000420', 1, 'Que ‘me capórami ju comácari. No está muy esférica la bola de madera. [pl: cabora]');
INSERT INTO variants VALUES ('RD-000420-V01', 'RD-000420', 1, 'pl: cabora');
INSERT INTO lexical_entries VALUES ('RD-000421', 'Capíramo', 'Capíramo', 'capiramo', NULL, 'Adj', 'Adj', 'Esférico', '', 'SRC-02', '24', '24', 'Transcrito', 'Autorizada para difusión', 'Pendiente de validación lingüística');
INSERT INTO senses VALUES ('RD-000421-S01', 'RD-000421', 1, 'Esférico');
INSERT INTO lexical_entries VALUES ('RD-000422', 'Capórahua', 'Capórahua', 'caporahua', NULL, 'Vt', 'Vt', 'Hacer esférico', 'Capórana. Hacerse una bola', 'SRC-02', '24', '24', 'Transcrito', 'Autorizada para difusión', 'Pendiente de validación lingüística');
INSERT INTO senses VALUES ('RD-000422-S01', 'RD-000422', 1, 'Hacer esférico');
INSERT INTO examples VALUES ('RD-000422-E01', 'RD-000422', 1, 'Capórana. Hacerse una bola');
INSERT INTO lexical_entries VALUES ('RD-000423', 'Capósi', 'Capósi', 'caposi', NULL, 'S', 'S', 'Chilicote (Un árbol de barranca que tiene semillas rojas, se piensa que son venenosas)', '', 'SRC-02', '24', '24', 'Transcrito', 'Autorizada para difusión', 'Pendiente de validación lingüística');
INSERT INTO senses VALUES ('RD-000423-S01', 'RD-000423', 1, 'Chilicote (Un árbol de barranca que tiene semillas rojas, se piensa que son venenosas)');
INSERT INTO lexical_entries VALUES ('RD-000424', 'Capota', 'Capota', 'capota', NULL, 'Vi', 'Vi', 'Inflamarse, hincharse (tortilla)', '', 'SRC-02', '24', '24', 'Transcrito', 'Autorizada para difusión', 'Pendiente de validación lingüística');
INSERT INTO senses VALUES ('RD-000424-S01', 'RD-000424', 1, 'Inflamarse, hincharse (tortilla)');
INSERT INTO lexical_entries VALUES ('RD-000425', 'Capótami', 'Capótami', 'capotami', NULL, 'Adj', 'Adj', 'Inflado, hinchado', '', 'SRC-02', '24', '24', 'Transcrito', 'Autorizada para difusión', 'Pendiente de validación lingüística');
INSERT INTO senses VALUES ('RD-000425-S01', 'RD-000425', 1, 'Inflado, hinchado');
INSERT INTO lexical_entries VALUES ('RD-000426', 'Cara', 'Cara', 'cara', NULL, 'Adv', 'Adv', 'Completamente', 'Cara mojuánari. La quebró en pedazos completamente (una olla). Cara chaquena a’huasá. Desbaratar Cara mojuana. Desmoronar.', 'SRC-02', '24', '24', 'Transcrito', 'Autorizada para difusión', 'Pendiente de validación lingüística');
INSERT INTO senses VALUES ('RD-000426-S01', 'RD-000426', 1, 'Completamente');
INSERT INTO examples VALUES ('RD-000426-E01', 'RD-000426', 1, 'Cara mojuánari. La quebró en pedazos completamente (una olla). Cara chaquena a’huasá. Desbaratar Cara mojuana. Desmoronar.');
INSERT INTO lexical_entries VALUES ('RD-000427', 'Cárabá', 'Cárabá', 'caraba', NULL, '', 'Sin clasificar', 'Por nada', '', 'SRC-02', '24', '24', 'Transcrito', 'Autorizada para difusión', 'Pendiente de validación lingüística');
INSERT INTO senses VALUES ('RD-000427-S01', 'RD-000427', 1, 'Por nada');
INSERT INTO lexical_entries VALUES ('RD-000428', 'Carabina', 'Carabina', 'carabina', NULL, 'S esp', 'S', 'Arma, rifle', '', 'SRC-02', '24', '24', 'Transcrito', 'Autorizada para difusión', 'Pendiente de validación lingüística');
INSERT INTO senses VALUES ('RD-000428-S01', 'RD-000428', 1, 'Arma, rifle');
INSERT INTO lexical_entries VALUES ('RD-000429', 'Cáraca', 'Cáraca', 'caraca', NULL, 'Adv', 'Adv', '1. Completamente. 2. De todas clases', '¡Cáraca mojoná! ¡quiébralo completamente! Cáraca níhuami. Tengo de todas clases.', 'SRC-02', '25', '25', 'Transcrito', 'Autorizada para difusión', 'Pendiente de validación lingüística');
INSERT INTO senses VALUES ('RD-000429-S01', 'RD-000429', 1, 'Completamente.');
INSERT INTO senses VALUES ('RD-000429-S02', 'RD-000429', 2, 'De todas clases');
INSERT INTO examples VALUES ('RD-000429-E01', 'RD-000429', 1, '¡Cáraca mojoná! ¡quiébralo completamente! Cáraca níhuami. Tengo de todas clases.');
INSERT INTO lexical_entries VALUES ('RD-000430', 'Ca’rara', 'Ca’rara', 'ca''rara', NULL, 'Vt', 'Vt', 'Mejorar', 'Véase a´lara', 'SRC-02', '25', '25', 'Transcrito', 'Autorizada para difusión', 'Pendiente de validación lingüística');
INSERT INTO senses VALUES ('RD-000430-S01', 'RD-000430', 1, 'Mejorar');
INSERT INTO examples VALUES ('RD-000430-E01', 'RD-000430', 1, 'Véase a´lara');
INSERT INTO lexical_entries VALUES ('RD-000431', 'Cárari', 'Cárari', 'carari', NULL, 'S', 'S', 'Sombra', 'Ri’ré pachá masántari cárari bu’huiri. Debajo del manzano hay sombra.', 'SRC-02', '25', '25', 'Transcrito', 'Autorizada para difusión', 'Pendiente de validación lingüística');
INSERT INTO senses VALUES ('RD-000431-S01', 'RD-000431', 1, 'Sombra');
INSERT INTO examples VALUES ('RD-000431-E01', 'RD-000431', 1, 'Ri’ré pachá masántari cárari bu’huiri. Debajo del manzano hay sombra.');
INSERT INTO lexical_entries VALUES ('RD-000432', 'Caré', '1Caré', 'care', '1', 'Vi', 'Vi', 'Parecerse', 'Ne gará chabochi carihuérama. Va a parecerse a los mestizos. [pret: carihuérari; fut: carihuérama]', 'SRC-02', '25', '25', 'Transcrito', 'Autorizada para difusión', 'Pendiente de validación lingüística');
INSERT INTO senses VALUES ('RD-000432-S01', 'RD-000432', 1, 'Parecerse');
INSERT INTO examples VALUES ('RD-000432-E01', 'RD-000432', 1, 'Ne gará chabochi carihuérama. Va a parecerse a los mestizos. [pret: carihuérari; fut: carihuérama]');
INSERT INTO variants VALUES ('RD-000432-V01', 'RD-000432', 1, 'pret: carihuérari; fut: carihuérama');
INSERT INTO lexical_entries VALUES ('RD-000433', 'Caré', '2Caré', 'care', '2', 'Vt', 'Vt', 'Amar, tener cariño', 'Échi tohuí ne huabé caré binoy iyera. Ese niño ama mucho a su mamá. Véase garé. Carigá. Amándole. Carécahuami. Amado.', 'SRC-02', '25', '25', 'Transcrito', 'Autorizada para difusión', 'Pendiente de validación lingüística');
INSERT INTO senses VALUES ('RD-000433-S01', 'RD-000433', 1, 'Amar, tener cariño');
INSERT INTO examples VALUES ('RD-000433-E01', 'RD-000433', 1, 'Échi tohuí ne huabé caré binoy iyera. Ese niño ama mucho a su mamá. Véase garé. Carigá. Amándole. Carécahuami. Amado.');
INSERT INTO lexical_entries VALUES ('RD-000434', 'Caréami', 'Caréami', 'careami', NULL, 'Adj', 'Adj', 'Amable', '', 'SRC-02', '25', '25', 'Transcrito', 'Autorizada para difusión', 'Pendiente de validación lingüística');
INSERT INTO senses VALUES ('RD-000434-S01', 'RD-000434', 1, 'Amable');
INSERT INTO lexical_entries VALUES ('RD-000435', 'Ca’rí', 'Ca’rí', 'ca''ri', NULL, 'Vi', 'Vi', 'Quebrarse (un palo)', 'ripurá cusirá ma ca’riri. El mango del hacha ya se quebró. Ca’riní. Está quebrándose.', 'SRC-02', '25', '25', 'Transcrito', 'Autorizada para difusión', 'Pendiente de validación lingüística');
INSERT INTO senses VALUES ('RD-000435-S01', 'RD-000435', 1, 'Quebrarse (un palo)');
INSERT INTO examples VALUES ('RD-000435-E01', 'RD-000435', 1, 'ripurá cusirá ma ca’riri. El mango del hacha ya se quebró. Ca’riní. Está quebrándose.');
INSERT INTO lexical_entries VALUES ('RD-000436', 'Carí', 'Carí', 'cari', NULL, 'S', 'S', 'Casa', 'Nijé carira. Mi casa. Carí níhuami. amo de la casa. Carírari. En la casa, entre las casas. Carichí. En la casa.', 'SRC-02', '25', '25', 'Transcrito', 'Autorizada para difusión', 'Pendiente de validación lingüística');
INSERT INTO senses VALUES ('RD-000436-S01', 'RD-000436', 1, 'Casa');
INSERT INTO examples VALUES ('RD-000436-E01', 'RD-000436', 1, 'Nijé carira. Mi casa. Carí níhuami. amo de la casa. Carírari. En la casa, entre las casas. Carichí. En la casa.');
INSERT INTO lexical_entries VALUES ('RD-000437', 'Cari ju', 'Cari ju', 'cari ju', NULL, '', 'Sin clasificar', 'Es todo, estpa completo.', '', 'SRC-02', '25', '25', 'Transcrito', 'Autorizada para difusión', 'Pendiente de validación lingüística');
INSERT INTO senses VALUES ('RD-000437-S01', 'RD-000437', 1, 'Es todo, estpa completo.');
INSERT INTO lexical_entries VALUES ('RD-000438', 'Carihua', 'Carihua', 'carihua', NULL, 'Vi', 'Vi', 'Tener casa', '[pret: caríiri; pp.: caríhuami; fut.: caríiri; pp.: caríhuami; fut.: caríima]', 'SRC-02', '25', '25', 'Transcrito', 'Autorizada para difusión', 'Pendiente de validación lingüística');
INSERT INTO senses VALUES ('RD-000438-S01', 'RD-000438', 1, 'Tener casa');
INSERT INTO examples VALUES ('RD-000438-E01', 'RD-000438', 1, '[pret: caríiri; pp.: caríhuami; fut.: caríiri; pp.: caríhuami; fut.: caríima]');
INSERT INTO variants VALUES ('RD-000438-V01', 'RD-000438', 1, 'pret: caríiri; pp.: caríhuami; fut.: caríiri; pp.: caríhuami; fut.: caríima');
INSERT INTO lexical_entries VALUES ('RD-000439', 'Carihué', 'Carihué', 'carihue', NULL, 'Vt', 'Vt', '1. Arreglar 2. Alzar', '', 'SRC-02', '25', '25', 'Transcrito', 'Autorizada para difusión', 'Pendiente de validación lingüística');
INSERT INTO senses VALUES ('RD-000439-S01', 'RD-000439', 1, 'Arreglar');
INSERT INTO senses VALUES ('RD-000439-S02', 'RD-000439', 2, 'Alzar');
INSERT INTO lexical_entries VALUES ('RD-000440', 'Carihuérami', 'Carihuérami', 'carihuerami', NULL, '', 'Sin clasificar', 'Listo, arreglado', '', 'SRC-02', '25', '25', 'Transcrito', 'Autorizada para difusión', 'Pendiente de validación lingüística');
INSERT INTO senses VALUES ('RD-000440-S01', 'RD-000440', 1, 'Listo, arreglado');
INSERT INTO lexical_entries VALUES ('RD-000441', 'Ca’rina', 'Ca’rina', 'ca''rina', NULL, 'Vt', 'Vt', 'Quebrar', 'Ca’rígami. pp.: quebrado Ca’riná. imper.: ¡quiébralo!', 'SRC-02', '25', '25', 'Transcrito', 'Autorizada para difusión', 'Pendiente de validación lingüística');
INSERT INTO senses VALUES ('RD-000441-S01', 'RD-000441', 1, 'Quebrar');
INSERT INTO examples VALUES ('RD-000441-E01', 'RD-000441', 1, 'Ca’rígami. pp.: quebrado Ca’riná. imper.: ¡quiébralo!');
INSERT INTO lexical_entries VALUES ('RD-000442', 'Carirá', 'Carirá', 'carira', NULL, 'Vt', 'Vt', 'Hacer o construir una casa', '', 'SRC-02', '25', '25', 'Transcrito', 'Autorizada para difusión', 'Pendiente de validación lingüística');
INSERT INTO senses VALUES ('RD-000442-S01', 'RD-000442', 1, 'Hacer o construir una casa');
INSERT INTO lexical_entries VALUES ('RD-000443', 'Carisí', 'Carisí', 'carisi', NULL, 'S', 'S', 'Tipo de calabacilla (planta)', '', 'SRC-02', '25', '25', 'Transcrito', 'Autorizada para difusión', 'Pendiente de validación lingüística');
INSERT INTO senses VALUES ('RD-000443-S01', 'RD-000443', 1, 'Tipo de calabacilla (planta)');
INSERT INTO lexical_entries VALUES ('RD-000444', 'Carú', '1Carú', 'caru', '1', 'Vt', 'Vt', 'Llevar en la espalda (un niño).', 'Caruta. Vt llevar (abrazado o en la espalda), cuidar (un niño).', 'SRC-02', '25', '25', 'Transcrito', 'Autorizada para difusión', 'Pendiente de validación lingüística');
INSERT INTO senses VALUES ('RD-000444-S01', 'RD-000444', 1, 'Llevar en la espalda (un niño).');
INSERT INTO examples VALUES ('RD-000444-E01', 'RD-000444', 1, 'Caruta. Vt llevar (abrazado o en la espalda), cuidar (un niño).');
INSERT INTO lexical_entries VALUES ('RD-000445', 'Carú', '2Carú', 'caru', '2', 'Adv', 'Adv', 'De otro modo', 'Carú ané. Habla chistoso, habla malas cosas. Hue carúsahua aníami ju. Habla chistoso para que los otros se rían.', 'SRC-02', '25', '25', 'Transcrito', 'Autorizada para difusión', 'Pendiente de validación lingüística');
INSERT INTO senses VALUES ('RD-000445-S01', 'RD-000445', 1, 'De otro modo');
INSERT INTO examples VALUES ('RD-000445-E01', 'RD-000445', 1, 'Carú ané. Habla chistoso, habla malas cosas. Hue carúsahua aníami ju. Habla chistoso para que los otros se rían.');
INSERT INTO lexical_entries VALUES ('RD-000446', 'Caruchi', 'Caruchi', 'caruchi', NULL, 'S esp', 'S', 'Carrete (de hilo de algodón)', '', 'SRC-02', '25', '25', 'Transcrito', 'Autorizada para difusión', 'Pendiente de validación lingüística');
INSERT INTO senses VALUES ('RD-000446-S01', 'RD-000446', 1, 'Carrete (de hilo de algodón)');
INSERT INTO lexical_entries VALUES ('RD-000447', 'Carúmati', 'Carúmati', 'carumati', NULL, 'Adj', 'Adj', 'De todas clases', 'Carúmati namuti. Cosas de todas clases.', 'SRC-02', '25', '25', 'Transcrito', 'Autorizada para difusión', 'Pendiente de validación lingüística');
INSERT INTO senses VALUES ('RD-000447-S01', 'RD-000447', 1, 'De todas clases');
INSERT INTO examples VALUES ('RD-000447-E01', 'RD-000447', 1, 'Carúmati namuti. Cosas de todas clases.');
INSERT INTO lexical_entries VALUES ('RD-000448', 'Carúsuhua ané', 'Carúsuhua ané', 'carusuhua ane', NULL, '', 'Sin clasificar', 'Chancear, charlar', '', 'SRC-02', '25', '25', 'Transcrito', 'Autorizada para difusión', 'Pendiente de validación lingüística');
INSERT INTO senses VALUES ('RD-000448-S01', 'RD-000448', 1, 'Chancear, charlar');
INSERT INTO lexical_entries VALUES ('RD-000449', 'Casabi', 'Casabi', 'casabi', NULL, 'S', 'S', 'Capulín (arbusto o árbol)', '', 'SRC-02', '25', '25', 'Transcrito', 'Autorizada para difusión', 'Pendiente de validación lingüística');
INSERT INTO senses VALUES ('RD-000449-S01', 'RD-000449', 1, 'Capulín (arbusto o árbol)');
INSERT INTO lexical_entries VALUES ('RD-000450', 'Casará', 'Casará', 'casara', NULL, 'S', 'S', 'Zacate, hierba del campo, pasto', 'Casaréachi. Donde hay zacate. Casarátari. En el zacate.', 'SRC-02', '25', '25', 'Transcrito', 'Autorizada para difusión', 'Pendiente de validación lingüística');
INSERT INTO senses VALUES ('RD-000450-S01', 'RD-000450', 1, 'Zacate, hierba del campo, pasto');
INSERT INTO examples VALUES ('RD-000450-E01', 'RD-000450', 1, 'Casaréachi. Donde hay zacate. Casarátari. En el zacate.');
INSERT INTO lexical_entries VALUES ('RD-000451', 'Casaré', 'Casaré', 'casare', NULL, 'Vi', 'Vi', 'Haber zacate', '', 'SRC-02', '25', '25', 'Transcrito', 'Autorizada para difusión', 'Pendiente de validación lingüística');
INSERT INTO senses VALUES ('RD-000451-S01', 'RD-000451', 1, 'Haber zacate');
INSERT INTO lexical_entries VALUES ('RD-000452', 'Casé: que casé', 'Casé: que casé', 'case: que case', NULL, '', 'Sin clasificar', 'Ninguna parte', 'Que casé siméami. No iré a ninguna parte.', 'SRC-02', '26', '26', 'Transcrito', 'Autorizada para difusión', 'Pendiente de validación lingüística');
INSERT INTO senses VALUES ('RD-000452-S01', 'RD-000452', 1, 'Ninguna parte');
INSERT INTO examples VALUES ('RD-000452-E01', 'RD-000452', 1, 'Que casé siméami. No iré a ninguna parte.');
INSERT INTO lexical_entries VALUES ('RD-000453', 'Casí', '1Casí', 'casi', '1', 'Vi', 'Vi', 'Quebrarse, hacerse pedazos', '', 'SRC-02', '26', '26', 'Transcrito', 'Autorizada para difusión', 'Pendiente de validación lingüística');
INSERT INTO senses VALUES ('RD-000453-S01', 'RD-000453', 1, 'Quebrarse, hacerse pedazos');
INSERT INTO lexical_entries VALUES ('RD-000454', 'Casí', '2Casí', 'casi', '2', 'S', 'S', 'Pierna, muslo', 'Nijé casira. Mi pierna. Casichí. En la pierna.', 'SRC-02', '26', '26', 'Transcrito', 'Autorizada para difusión', 'Pendiente de validación lingüística');
INSERT INTO senses VALUES ('RD-000454-S01', 'RD-000454', 1, 'Pierna, muslo');
INSERT INTO examples VALUES ('RD-000454-E01', 'RD-000454', 1, 'Nijé casira. Mi pierna. Casichí. En la pierna.');
INSERT INTO lexical_entries VALUES ('RD-000455', 'Casibacha', 'Casibacha', 'casibacha', NULL, 'S', 'S', 'Pantalón, calzones', 'Casibáchami. que lleva pantalones.', 'SRC-02', '26', '26', 'Transcrito', 'Autorizada para difusión', 'Pendiente de validación lingüística');
INSERT INTO senses VALUES ('RD-000455-S01', 'RD-000455', 1, 'Pantalón, calzones');
INSERT INTO examples VALUES ('RD-000455-E01', 'RD-000455', 1, 'Casibáchami. que lleva pantalones.');
INSERT INTO lexical_entries VALUES ('RD-000456', 'Casimóbachi', 'Casimóbachi', 'casimobachi', NULL, '', 'Sin clasificar', 'En el regazo', '', 'SRC-02', '26', '26', 'Transcrito', 'Autorizada para difusión', 'Pendiente de validación lingüística');
INSERT INTO senses VALUES ('RD-000456-S01', 'RD-000456', 1, 'En el regazo');
INSERT INTO lexical_entries VALUES ('RD-000457', 'Casimochi', 'Casimochi', 'casimochi', NULL, 'S, adj', 'S', 'Cojo, rengo, sin pierna', '', 'SRC-02', '26', '26', 'Transcrito', 'Autorizada para difusión', 'Pendiente de validación lingüística');
INSERT INTO senses VALUES ('RD-000457-S01', 'RD-000457', 1, 'Cojo, rengo, sin pierna');
INSERT INTO lexical_entries VALUES ('RD-000458', 'Casina', 'Casina', 'casina', NULL, 'Vt', 'Vt', 'Quebrar [pp.: casíami]', '', 'SRC-02', '26', '26', 'Transcrito', 'Autorizada para difusión', 'Pendiente de validación lingüística');
INSERT INTO senses VALUES ('RD-000458-S01', 'RD-000458', 1, 'Quebrar [pp.: casíami]');
INSERT INTO lexical_entries VALUES ('RD-000459', 'Casó', 'Casó', 'caso', NULL, 'S', 'S', 'Ubre', '', 'SRC-02', '26', '26', 'Transcrito', 'Autorizada para difusión', 'Pendiente de validación lingüística');
INSERT INTO senses VALUES ('RD-000459-S01', 'RD-000459', 1, 'Ubre');
INSERT INTO lexical_entries VALUES ('RD-000460', 'Castigo ''ya', 'Castigo ''ya', 'castigo ''ya', NULL, 'Vi', 'Vi', 'Dar castigo', '', 'SRC-02', '26', '26', 'Transcrito', 'Autorizada para difusión', 'Pendiente de validación lingüística');
INSERT INTO senses VALUES ('RD-000460-S01', 'RD-000460', 1, 'Dar castigo');
INSERT INTO lexical_entries VALUES ('RD-000461', 'Casú', 'Casú', 'casu', NULL, 'Vi', 'Vi', 'Bajarse (del monte, el sol un poco)', '', 'SRC-02', '26', '26', 'Transcrito', 'Autorizada para difusión', 'Pendiente de validación lingüística');
INSERT INTO senses VALUES ('RD-000461-S01', 'RD-000461', 1, 'Bajarse (del monte, el sol un poco)');
INSERT INTO lexical_entries VALUES ('RD-000462', 'Casuhua', 'Casuhua', 'casuhua', NULL, 'Vt', 'Vt', 'Limpiar (frijol o grano seco)', '', 'SRC-02', '26', '26', 'Transcrito', 'Autorizada para difusión', 'Pendiente de validación lingüística');
INSERT INTO senses VALUES ('RD-000462-S01', 'RD-000462', 1, 'Limpiar (frijol o grano seco)');
INSERT INTO lexical_entries VALUES ('RD-000463', 'Casuna', 'Casuna', 'casuna', NULL, 'Vi', 'Vi', 'Bajar del monte', '[fut.: casunama]', 'SRC-02', '26', '26', 'Transcrito', 'Autorizada para difusión', 'Pendiente de validación lingüística');
INSERT INTO senses VALUES ('RD-000463-S01', 'RD-000463', 1, 'Bajar del monte');
INSERT INTO examples VALUES ('RD-000463-E01', 'RD-000463', 1, '[fut.: casunama]');
INSERT INTO variants VALUES ('RD-000463-V01', 'RD-000463', 1, 'fut.: casunama');
INSERT INTO lexical_entries VALUES ('RD-000464', 'Catá', 'Catá', 'cata', NULL, 'S', 'S', 's arco', '', 'SRC-02', '26', '26', 'Transcrito', 'Autorizada para difusión', 'Pendiente de validación lingüística');
INSERT INTO senses VALUES ('RD-000464-S01', 'RD-000464', 1, 's arco');
INSERT INTO lexical_entries VALUES ('RD-000465', 'Catehua', 'Catehua', 'catehua', NULL, 'Vt', 'Vt', '1. alzar 2. guardar. fut.: catihuama]', '', 'SRC-02', '26', '26', 'Transcrito', 'Autorizada para difusión', 'Pendiente de validación lingüística');
INSERT INTO senses VALUES ('RD-000465-S01', 'RD-000465', 1, 'alzar');
INSERT INTO senses VALUES ('RD-000465-S02', 'RD-000465', 2, 'guardar. fut.: catihuama]');
INSERT INTO lexical_entries VALUES ('RD-000466', 'Catehuárami', 'Catehuárami', 'catehuarami', NULL, 'Adj', 'Adj', 'Alzado', '', 'SRC-02', '26', '26', 'Transcrito', 'Autorizada para difusión', 'Pendiente de validación lingüística');
INSERT INTO senses VALUES ('RD-000466-S01', 'RD-000466', 1, 'Alzado');
INSERT INTO lexical_entries VALUES ('RD-000467', 'Cayaga asíbari', 'Cayaga asíbari', 'cayaga asibari', NULL, 'Vi pret', 'Vi', 'Sentarse en cuclillas', '', 'SRC-02', '26', '26', 'Transcrito', 'Autorizada para difusión', 'Pendiente de validación lingüística');
INSERT INTO senses VALUES ('RD-000467-S01', 'RD-000467', 1, 'Sentarse en cuclillas');
INSERT INTO lexical_entries VALUES ('RD-000468', 'Cayahui', 'Cayahui', 'cayahui', NULL, 'Vt', 'Vt', 'Levantar cajón. Cayahui, levantar la caja (para volver a ponerla en el mismo lugar), levantar (maíz).', '', 'SRC-02', '26', '26', 'Transcrito', 'Autorizada para difusión', 'Pendiente de validación lingüística');
INSERT INTO senses VALUES ('RD-000468-S01', 'RD-000468', 1, 'Levantar cajón. Cayahui, levantar la caja (para volver a ponerla en el mismo lugar), levantar (maíz).');
INSERT INTO lexical_entries VALUES ('RD-000469', 'Ca''yé', 'Ca''yé', 'ca''ye', NULL, 'Adv', 'Adv', 'Donde se llega después de atravesar varios arroyos', 'Ca''yena, por el faldeo.', 'SRC-02', '26', '26', 'Transcrito', 'Autorizada para difusión', 'Pendiente de validación lingüística');
INSERT INTO senses VALUES ('RD-000469-S01', 'RD-000469', 1, 'Donde se llega después de atravesar varios arroyos');
INSERT INTO examples VALUES ('RD-000469-E01', 'RD-000469', 1, 'Ca''yena, por el faldeo.');
INSERT INTO lexical_entries VALUES ('RD-000470', 'Cayena', 'Cayena', 'cayena', NULL, 'Vt', 'Vt', '1. terminar, levantar 2. cosechar', '¿Macha mi cayénari carí nihuayá?, ¿Ya acabaste de levantar la casa? Jipi bamíbari gará cayenama sunú, Este año se levantará (cosechará) bien el maíz.', 'SRC-02', '26', '26', 'Transcrito', 'Autorizada para difusión', 'Pendiente de validación lingüística');
INSERT INTO senses VALUES ('RD-000470-S01', 'RD-000470', 1, 'terminar, levantar');
INSERT INTO senses VALUES ('RD-000470-S02', 'RD-000470', 2, 'cosechar');
INSERT INTO examples VALUES ('RD-000470-E01', 'RD-000470', 1, '¿Macha mi cayénari carí nihuayá?, ¿Ya acabaste de levantar la casa? Jipi bamíbari gará cayenama sunú, Este año se levantará (cosechará) bien el maíz.');
INSERT INTO lexical_entries VALUES ('RD-000471', 'Ca''yénahua', 'Ca''yénahua', 'ca''yenahua', NULL, 'Vi', 'Vi', 'Atravesar, poner atravesado', '', 'SRC-02', '26', '26', 'Transcrito', 'Autorizada para difusión', 'Pendiente de validación lingüística');
INSERT INTO senses VALUES ('RD-000471-S01', 'RD-000471', 1, 'Atravesar, poner atravesado');
INSERT INTO lexical_entries VALUES ('RD-000472', 'co', '1co', 'co', '1', 'Vi', 'Vi', 'Ser (Cuando uno dice: Echirigá ju. Así es. El otro contesta: Echirigá co. Así es.)', '', 'SRC-02', '26', '26', 'Transcrito', 'Autorizada para difusión', 'Pendiente de validación lingüística');
INSERT INTO senses VALUES ('RD-000472-S01', 'RD-000472', 1, 'Ser (Cuando uno dice: Echirigá ju. Así es. El otro contesta: Echirigá co. Así es.)');
INSERT INTO lexical_entries VALUES ('RD-000473', 'co', '2co', 'co', '2', 'Vi', 'Vi', 'Picar (chile) Echi co''huáami huabé cóori. Ésa comida estaba muy picante. [pret: cóori; fut.: córama]', '', 'SRC-02', '26', '26', 'Transcrito', 'Autorizada para difusión', 'Pendiente de validación lingüística');
INSERT INTO senses VALUES ('RD-000473-S01', 'RD-000473', 1, 'Picar (chile) Echi co''huáami huabé cóori. Ésa comida estaba muy picante. [pret: cóori; fut.: córama]');
INSERT INTO lexical_entries VALUES ('RD-000474', 'Cóami', 'Cóami', 'coami', NULL, 'Adj', 'Adj', 'Picante', '', 'SRC-02', '26', '26', 'Transcrito', 'Autorizada para difusión', 'Pendiente de validación lingüística');
INSERT INTO senses VALUES ('RD-000474-S01', 'RD-000474', 1, 'Picante');
INSERT INTO lexical_entries VALUES ('RD-000475', 'Cobá', 'Cobá', 'coba', NULL, 'Vi', 'Vi', 'Enchilar (comiendo chile)', 'Nijeni cobari, corí co''yá. Me enchilé, porque comí chile.', 'SRC-02', '26', '26', 'Transcrito', 'Autorizada para difusión', 'Pendiente de validación lingüística');
INSERT INTO senses VALUES ('RD-000475-S01', 'RD-000475', 1, 'Enchilar (comiendo chile)');
INSERT INTO examples VALUES ('RD-000475-E01', 'RD-000475', 1, 'Nijeni cobari, corí co''yá. Me enchilé, porque comí chile.');
INSERT INTO lexical_entries VALUES ('RD-000476', 'Cobata', 'Cobata', 'cobata', NULL, 'Vt', 'Vt', 'Enchilar a otra persona (dándole chile)', '', 'SRC-02', '26', '26', 'Transcrito', 'Autorizada para difusión', 'Pendiente de validación lingüística');
INSERT INTO senses VALUES ('RD-000476-S01', 'RD-000476', 1, 'Enchilar a otra persona (dándole chile)');
INSERT INTO lexical_entries VALUES ('RD-000477', 'Cobí', 'Cobí', 'cobi', NULL, 'Vi', 'Vi', 'Comer pinole seco', 'Jena''í buhuechí pée cobímani, mapujiti tasi te ba''huí. Aquí en el camino voy a comer un poco de pinole seco porque no hay agua.', 'SRC-02', '26', '26', 'Transcrito', 'Autorizada para difusión', 'Pendiente de validación lingüística');
INSERT INTO senses VALUES ('RD-000477-S01', 'RD-000477', 1, 'Comer pinole seco');
INSERT INTO examples VALUES ('RD-000477-E01', 'RD-000477', 1, 'Jena''í buhuechí pée cobímani, mapujiti tasi te ba''huí. Aquí en el camino voy a comer un poco de pinole seco porque no hay agua.');
INSERT INTO lexical_entries VALUES ('RD-000478', 'Cobira', 'Cobira', 'cobira', NULL, 'Vi', 'Vi', 'Hacer pinole', 'Echi muquí pe ocuáa cobírama. Esa mujer va a hacer un poco de pinole.', 'SRC-02', '26', '26', 'Transcrito', 'Autorizada para difusión', 'Pendiente de validación lingüística');
INSERT INTO senses VALUES ('RD-000478-S01', 'RD-000478', 1, 'Hacer pinole');
INSERT INTO examples VALUES ('RD-000478-E01', 'RD-000478', 1, 'Echi muquí pe ocuáa cobírama. Esa mujer va a hacer un poco de pinole.');
INSERT INTO lexical_entries VALUES ('RD-000479', 'Cobisi', 'Cobisi', 'cobisi', NULL, 'S', 'S', 'Pinole', '', 'SRC-02', '27', '27', 'Transcrito', 'Autorizada para difusión', 'Pendiente de validación lingüística');
INSERT INTO senses VALUES ('RD-000479-S01', 'RD-000479', 1, 'Pinole');
INSERT INTO lexical_entries VALUES ('RD-000480', 'Coché', 'Coché', 'coche', NULL, 'Vi', 'Vi', 'Ahogarse (por alguna cosa en la garganta)', 'Nijeni cocheri, biré ochirá jiti. Me ahogaba con un hueso.', 'SRC-02', '27', '27', 'Transcrito', 'Autorizada para difusión', 'Pendiente de validación lingüística');
INSERT INTO senses VALUES ('RD-000480-S01', 'RD-000480', 1, 'Ahogarse (por alguna cosa en la garganta)');
INSERT INTO examples VALUES ('RD-000480-E01', 'RD-000480', 1, 'Nijeni cocheri, biré ochirá jiti. Me ahogaba con un hueso.');
INSERT INTO lexical_entries VALUES ('RD-000481', 'Cochí', '1Cochí', 'cochi', '1', 'S', 'S', 'Perro', 'Hue jo cochí na''ibi. Hay muchos perros aquí. Cochí huarira, rabo del perro. Cochí sutura, pezuñas del perro. Cochí yóchani, el perro gruñe.', 'SRC-02', '27', '27', 'Transcrito', 'Autorizada para difusión', 'Pendiente de validación lingüística');
INSERT INTO senses VALUES ('RD-000481-S01', 'RD-000481', 1, 'Perro');
INSERT INTO examples VALUES ('RD-000481-E01', 'RD-000481', 1, 'Hue jo cochí na''ibi. Hay muchos perros aquí. Cochí huarira, rabo del perro. Cochí sutura, pezuñas del perro. Cochí yóchani, el perro gruñe.');
INSERT INTO lexical_entries VALUES ('RD-000482', 'Cochí', '2Cochí', 'cochi', '2', 'S', 'S', 'Hermana mayor', 'Nijé cochirá, mi hermana mayor. Cochirúami, pp.: que es la hermana mayor.', 'SRC-02', '27', '27', 'Transcrito', 'Autorizada para difusión', 'Pendiente de validación lingüística');
INSERT INTO senses VALUES ('RD-000482-S01', 'RD-000482', 1, 'Hermana mayor');
INSERT INTO examples VALUES ('RD-000482-E01', 'RD-000482', 1, 'Nijé cochirá, mi hermana mayor. Cochirúami, pp.: que es la hermana mayor.');
INSERT INTO lexical_entries VALUES ('RD-000483', 'Cochí', '3Cochí', 'cochi', '3', 'Vi sing', 'Vi', 'Dormir', 'Cochisáa gará níima, sería bueno dormir. [pp.: cochíami; pl: ocochi]', 'SRC-02', '27', '27', 'Transcrito', 'Autorizada para difusión', 'Pendiente de validación lingüística');
INSERT INTO senses VALUES ('RD-000483-S01', 'RD-000483', 1, 'Dormir');
INSERT INTO examples VALUES ('RD-000483-E01', 'RD-000483', 1, 'Cochisáa gará níima, sería bueno dormir. [pp.: cochíami; pl: ocochi]');
INSERT INTO variants VALUES ('RD-000483-V01', 'RD-000483', 1, 'pp.: cochíami; pl: ocochi');
INSERT INTO lexical_entries VALUES ('RD-000484', 'Cochi, cohuí', 'Cochi, cohuí', 'cochi, cohui', NULL, 'S esp', 'S', 'Marrano', '', 'SRC-02', '27', '27', 'Transcrito', 'Autorizada para difusión', 'Pendiente de validación lingüística');
INSERT INTO senses VALUES ('RD-000484-S01', 'RD-000484', 1, 'Marrano');
INSERT INTO variants VALUES ('RD-000484-V01', 'RD-000484', 1, 'cohuí');
INSERT INTO lexical_entries VALUES ('RD-000485', 'Cochinari', 'Cochinari', 'cochinari', NULL, 'Vi', 'Vi', 'Tener sueño, querer dormir', '', 'SRC-02', '27', '27', 'Transcrito', 'Autorizada para difusión', 'Pendiente de validación lingüística');
INSERT INTO senses VALUES ('RD-000485-S01', 'RD-000485', 1, 'Tener sueño, querer dormir');
INSERT INTO lexical_entries VALUES ('RD-000486', 'Cochíhuara', 'Cochíhuara', 'cochihuara', NULL, 'S', 'S', 'Ceja', 'Nijé cochírahuara, mis cejas', 'SRC-02', '27', '27', 'Transcrito', 'Autorizada para difusión', 'Pendiente de validación lingüística');
INSERT INTO senses VALUES ('RD-000486-S01', 'RD-000486', 1, 'Ceja');
INSERT INTO examples VALUES ('RD-000486-E01', 'RD-000486', 1, 'Nijé cochírahuara, mis cejas');
INSERT INTO lexical_entries VALUES ('RD-000487', 'Cochírata', 'Cochírata', 'cochirata', NULL, 'Vt', 'Vt', 'Adormecer, hacer dormir', '', 'SRC-02', '27', '27', 'Transcrito', 'Autorizada para difusión', 'Pendiente de validación lingüística');
INSERT INTO senses VALUES ('RD-000487-S01', 'RD-000487', 1, 'Adormecer, hacer dormir');
INSERT INTO lexical_entries VALUES ('RD-000488', 'Cohua', 'Cohua', 'cohua', NULL, 'Vt', 'Vt', 'Dar de comer', 'Que cóhuasa milomiré, si no se les da de comer, se van a desmayar. Rimé cóhuari, muní yuhua, le dio de comer tortillas con frijoles.', 'SRC-02', '27', '27', 'Transcrito', 'Autorizada para difusión', 'Pendiente de validación lingüística');
INSERT INTO senses VALUES ('RD-000488-S01', 'RD-000488', 1, 'Dar de comer');
INSERT INTO examples VALUES ('RD-000488-E01', 'RD-000488', 1, 'Que cóhuasa milomiré, si no se les da de comer, se van a desmayar. Rimé cóhuari, muní yuhua, le dio de comer tortillas con frijoles.');
INSERT INTO lexical_entries VALUES ('RD-000489', 'Co''huá', 'Co''huá', 'co''hua', NULL, 'Vi', 'Vi', 'Comer', '[pret.: co''huari; fut.: copoa, co''mea; pp.: co''huéami] Co ''huáhuachi, en el tiempo de comer. Cosísiya, a comer.', 'SRC-02', '27', '27', 'Transcrito', 'Autorizada para difusión', 'Pendiente de validación lingüística');
INSERT INTO senses VALUES ('RD-000489-S01', 'RD-000489', 1, 'Comer');
INSERT INTO examples VALUES ('RD-000489-E01', 'RD-000489', 1, '[pret.: co''huari; fut.: copoa, co''mea; pp.: co''huéami] Co ''huáhuachi, en el tiempo de comer. Cosísiya, a comer.');
INSERT INTO variants VALUES ('RD-000489-V01', 'RD-000489', 1, 'pret.: co''huari; fut.: copoa, co''mea; pp.: co''huéami');
INSERT INTO lexical_entries VALUES ('RD-000490', 'Co''huáami', 'Co''huáami', 'co''huaami', NULL, 'S', 'S', 'Alimento, comida', '', 'SRC-02', '27', '27', 'Transcrito', 'Autorizada para difusión', 'Pendiente de validación lingüística');
INSERT INTO senses VALUES ('RD-000490-S01', 'RD-000490', 1, 'Alimento, comida');
INSERT INTO lexical_entries VALUES ('RD-000491', 'Cohuara [variante de corá]', '1Cohuara [variante de corá]', 'cohuara [variante de cora]', '1', 'S', 'S', 'Frente', 'Cohuárachi si’rúami, frente arrugada. Nijé cohuara, mi frente. Nijé cohuárachi, en mi frente.', 'SRC-02', '27', '27', 'Transcrito', 'Autorizada para difusión', 'Pendiente de validación lingüística');
INSERT INTO senses VALUES ('RD-000491-S01', 'RD-000491', 1, 'Frente');
INSERT INTO examples VALUES ('RD-000491-E01', 'RD-000491', 1, 'Cohuárachi si’rúami, frente arrugada. Nijé cohuara, mi frente. Nijé cohuárachi, en mi frente.');
INSERT INTO lexical_entries VALUES ('RD-000492', 'Cohuara', '2Cohuara', 'cohuara', '2', 'S', 'S', 'Cuajo (lo que se echa a la lecha para hacer queso)', '', 'SRC-02', '27', '27', 'Transcrito', 'Autorizada para difusión', 'Pendiente de validación lingüística');
INSERT INTO senses VALUES ('RD-000492-S01', 'RD-000492', 1, 'Cuajo (lo que se echa a la lecha para hacer queso)');
INSERT INTO lexical_entries VALUES ('RD-000493', 'cohuata', 'cohuata', 'cohuata', NULL, 'S', 'S', 'Escarpadura (la orilla de uma meseta elevada), cumbre', '', 'SRC-02', '27', '27', 'Transcrito', 'Autorizada para difusión', 'Pendiente de validación lingüística');
INSERT INTO senses VALUES ('RD-000493-S01', 'RD-000493', 1, 'Escarpadura (la orilla de uma meseta elevada), cumbre');
INSERT INTO lexical_entries VALUES ('RD-000494', 'Co’huéami', 'Co’huéami', 'co''hueami', NULL, 'S', 'S', 'Comilón', 'Co’hué, vi.: comer mucho.', 'SRC-02', '27', '27', 'Transcrito', 'Autorizada para difusión', 'Pendiente de validación lingüística');
INSERT INTO senses VALUES ('RD-000494-S01', 'RD-000494', 1, 'Comilón');
INSERT INTO examples VALUES ('RD-000494-E01', 'RD-000494', 1, 'Co’hué, vi.: comer mucho.');
INSERT INTO lexical_entries VALUES ('RD-000495', 'Cohuí', '1Cohuí', 'cohui', '1', 'S', 'S', '(Pamachi) marrano, véase cochi', '', 'SRC-02', '27', '27', 'Transcrito', 'Autorizada para difusión', 'Pendiente de validación lingüística');
INSERT INTO senses VALUES ('RD-000495-S01', 'RD-000495', 1, '(Pamachi) marrano, véase cochi');
INSERT INTO lexical_entries VALUES ('RD-000496', 'Cohuí', '2Cohuí', 'cohui', '2', 'S', 'S', 'La flor del encino', 'Rojuá hue cohuíami ju, el encino está florido.', 'SRC-02', '27', '27', 'Transcrito', 'Autorizada para difusión', 'Pendiente de validación lingüística');
INSERT INTO senses VALUES ('RD-000496-S01', 'RD-000496', 1, 'La flor del encino');
INSERT INTO examples VALUES ('RD-000496-E01', 'RD-000496', 1, 'Rojuá hue cohuíami ju, el encino está florido.');
INSERT INTO lexical_entries VALUES ('RD-000497', 'Co’huí', 'Co’huí', 'co''hui', NULL, 'Vt pl', 'Vt', 'Matar, asesinar', 'Co’huínari, quería matarlos. Júuri co’huínara, mandó matarlos.', 'SRC-02', '27', '27', 'Transcrito', 'Autorizada para difusión', 'Pendiente de validación lingüística');
INSERT INTO senses VALUES ('RD-000497-S01', 'RD-000497', 1, 'Matar, asesinar');
INSERT INTO examples VALUES ('RD-000497-E01', 'RD-000497', 1, 'Co’huínari, quería matarlos. Júuri co’huínara, mandó matarlos.');
INSERT INTO lexical_entries VALUES ('RD-000498', 'Co’huírami', 'Co’huírami', 'co''huirami', NULL, 'S pl', 'S', 'Asesinados, matados', '', 'SRC-02', '27', '27', 'Transcrito', 'Autorizada para difusión', 'Pendiente de validación lingüística');
INSERT INTO senses VALUES ('RD-000498-S01', 'RD-000498', 1, 'Asesinados, matados');
INSERT INTO lexical_entries VALUES ('RD-000499', 'Cojita', 'Cojita', 'cojita', NULL, 'Vi', 'Vi', 'Abotonar (flor)', '', 'SRC-02', '27', '27', 'Transcrito', 'Autorizada para difusión', 'Pendiente de validación lingüística');
INSERT INTO senses VALUES ('RD-000499-S01', 'RD-000499', 1, 'Abotonar (flor)');
INSERT INTO lexical_entries VALUES ('RD-000500', 'Cojuana', 'Cojuana', 'cojuana', NULL, 'Vt', 'Vt', 'Estar cortando (elotes, mazorcas)', '', 'SRC-02', '27', '27', 'Transcrito', 'Autorizada para difusión', 'Pendiente de validación lingüística');
INSERT INTO senses VALUES ('RD-000500-S01', 'RD-000500', 1, 'Estar cortando (elotes, mazorcas)');
INSERT INTO lexical_entries VALUES ('RD-000501', 'Colimena', 'Colimena', 'colimena', NULL, 'S', 'S', 'Miel de colmena, enjambre', '', 'SRC-02', '27', '27', 'Transcrito', 'Autorizada para difusión', 'Pendiente de validación lingüística');
INSERT INTO senses VALUES ('RD-000501-S01', 'RD-000501', 1, 'Miel de colmena, enjambre');
INSERT INTO lexical_entries VALUES ('RD-000502', 'Comácari', 'Comácari', 'comacari', NULL, 'S', 'S', 'Bola (hecha de madera con la que corren en las carreras)', 'Ma chótari rarajipa comácari jiti, ya comenzaron a correr con la bola.', 'SRC-02', '27', '27', 'Transcrito', 'Autorizada para difusión', 'Pendiente de validación lingüística');
INSERT INTO senses VALUES ('RD-000502-S01', 'RD-000502', 1, 'Bola (hecha de madera con la que corren en las carreras)');
INSERT INTO examples VALUES ('RD-000502-E01', 'RD-000502', 1, 'Ma chótari rarajipa comácari jiti, ya comenzaron a correr con la bola.');
INSERT INTO lexical_entries VALUES ('RD-000503', 'Comera', 'Comera', 'comera', NULL, 'Vt', 'Vt', 'Rozar la tierra', '', 'SRC-02', '27', '27', 'Transcrito', 'Autorizada para difusión', 'Pendiente de validación lingüística');
INSERT INTO senses VALUES ('RD-000503-S01', 'RD-000503', 1, 'Rozar la tierra');
INSERT INTO lexical_entries VALUES ('RD-000504', 'Comí', 'Comí', 'comi', NULL, 'Vi', 'Vi', '1. Estar bajo 2. Hacer arroyo', 'Comita, se hace un arroyo (por la acción del agua).', 'SRC-02', '27', '27', 'Transcrito', 'Autorizada para difusión', 'Pendiente de validación lingüística');
INSERT INTO senses VALUES ('RD-000504-S01', 'RD-000504', 1, 'Estar bajo');
INSERT INTO senses VALUES ('RD-000504-S02', 'RD-000504', 2, 'Hacer arroyo');
INSERT INTO examples VALUES ('RD-000504-E01', 'RD-000504', 1, 'Comita, se hace un arroyo (por la acción del agua).');
INSERT INTO lexical_entries VALUES ('RD-000505', 'Comíami', 'Comíami', 'comiami', NULL, 'Pp', 'Pp', 'Cóncavo, alabeado', 'Echi batéa nihuarihua mapurigá comíami níima, la batea está hecha cóncava.', 'SRC-02', '28', '28', 'Transcrito', 'Autorizada para difusión', 'Pendiente de validación lingüística');
INSERT INTO senses VALUES ('RD-000505-S01', 'RD-000505', 1, 'Cóncavo, alabeado');
INSERT INTO examples VALUES ('RD-000505-E01', 'RD-000505', 1, 'Echi batéa nihuarihua mapurigá comíami níima, la batea está hecha cóncava.');
INSERT INTO lexical_entries VALUES ('RD-000506', 'Comichi', 'Comichi', 'comichi', NULL, 'S', 'S', 'Arroyo', '', 'SRC-02', '28', '28', 'Transcrito', 'Autorizada para difusión', 'Pendiente de validación lingüística');
INSERT INTO senses VALUES ('RD-000506-S01', 'RD-000506', 1, 'Arroyo');
INSERT INTO lexical_entries VALUES ('RD-000507', 'Comítana', 'Comítana', 'comitana', NULL, 'Vt', 'Vt', 'Hacer como arroyo, hacer cóncavo', 'Ba’huí ma comitánari na’í, el agua ya hizo un arroyo aquí. [pp: comíami] Comítami, hecho cóncavo.', 'SRC-02', '28', '28', 'Transcrito', 'Autorizada para difusión', 'Pendiente de validación lingüística');
INSERT INTO senses VALUES ('RD-000507-S01', 'RD-000507', 1, 'Hacer como arroyo, hacer cóncavo');
INSERT INTO examples VALUES ('RD-000507-E01', 'RD-000507', 1, 'Ba’huí ma comitánari na’í, el agua ya hizo un arroyo aquí. [pp: comíami] Comítami, hecho cóncavo.');
INSERT INTO variants VALUES ('RD-000507-V01', 'RD-000507', 1, 'pp: comíami');
INSERT INTO lexical_entries VALUES ('RD-000508', 'Comósami', 'Comósami', 'comosami', NULL, 'Adj', 'Adj', 'Pardo', '', 'SRC-02', '28', '28', 'Transcrito', 'Autorizada para difusión', 'Pendiente de validación lingüística');
INSERT INTO senses VALUES ('RD-000508-S01', 'RD-000508', 1, 'Pardo');
INSERT INTO lexical_entries VALUES ('RD-000509', 'Comósohua', 'Comósohua', 'comosohua', NULL, 'Vi', 'Vi', 'Ser pardo', '', 'SRC-02', '28', '28', 'Transcrito', 'Autorizada para difusión', 'Pendiente de validación lingüística');
INSERT INTO senses VALUES ('RD-000509-S01', 'RD-000509', 1, 'Ser pardo');
INSERT INTO lexical_entries VALUES ('RD-000510', 'Comúrachi', 'Comúrachi', 'comurachi', NULL, 'S', 'S', 'Cárcel, casa de la comunidad', '', 'SRC-02', '28', '28', 'Transcrito', 'Autorizada para difusión', 'Pendiente de validación lingüística');
INSERT INTO senses VALUES ('RD-000510-S01', 'RD-000510', 1, 'Cárcel, casa de la comunidad');
INSERT INTO lexical_entries VALUES ('RD-000511', 'Co’ná', '1Co’ná', 'co''na', '1', 'Adv', 'Adv', 'Cuesta abajo', 'Co’nana adv por cuesta abajo.', 'SRC-02', '28', '28', 'Transcrito', 'Autorizada para difusión', 'Pendiente de validación lingüística');
INSERT INTO senses VALUES ('RD-000511-S01', 'RD-000511', 1, 'Cuesta abajo');
INSERT INTO examples VALUES ('RD-000511-E01', 'RD-000511', 1, 'Co’nana adv por cuesta abajo.');
INSERT INTO lexical_entries VALUES ('RD-000512', 'Co’ná', '2Co’ná', 'co''na', '2', 'S', 'S', 'Olote (de la mazorca)', 'Jena’í huicá bití co’naca. Aquí hay muchos olotes.', 'SRC-02', '28', '28', 'Transcrito', 'Autorizada para difusión', 'Pendiente de validación lingüística');
INSERT INTO senses VALUES ('RD-000512-S01', 'RD-000512', 1, 'Olote (de la mazorca)');
INSERT INTO examples VALUES ('RD-000512-E01', 'RD-000512', 1, 'Jena’í huicá bití co’naca. Aquí hay muchos olotes.');
INSERT INTO lexical_entries VALUES ('RD-000513', 'Coná', '1Coná', 'cona', '1', 'Vt', 'Vt', 'Tostar', 'Rimé conama. Va a tostar tortillas.', 'SRC-02', '28', '28', 'Transcrito', 'Autorizada para difusión', 'Pendiente de validación lingüística');
INSERT INTO senses VALUES ('RD-000513-S01', 'RD-000513', 1, 'Tostar');
INSERT INTO examples VALUES ('RD-000513-E01', 'RD-000513', 1, 'Rimé conama. Va a tostar tortillas.');
INSERT INTO lexical_entries VALUES ('RD-000514', 'Coná', '2Coná', 'cona', '2', 'S', 'S', 'Sal', 'Coná rariméani. Voy a comprar sal. Conahua. Tener sal.', 'SRC-02', '28', '28', 'Transcrito', 'Autorizada para difusión', 'Pendiente de validación lingüística');
INSERT INTO senses VALUES ('RD-000514-S01', 'RD-000514', 1, 'Sal');
INSERT INTO examples VALUES ('RD-000514-E01', 'RD-000514', 1, 'Coná rariméani. Voy a comprar sal. Conahua. Tener sal.');
INSERT INTO lexical_entries VALUES ('RD-000515', 'Cónahua', 'Cónahua', 'conahua', NULL, 'Vt', 'Vt', 'Donar, regalar', '[fut.: cónama] Cónami, el que dona (comida).', 'SRC-02', '28', '28', 'Transcrito', 'Autorizada para difusión', 'Pendiente de validación lingüística');
INSERT INTO senses VALUES ('RD-000515-S01', 'RD-000515', 1, 'Donar, regalar');
INSERT INTO examples VALUES ('RD-000515-E01', 'RD-000515', 1, '[fut.: cónama] Cónami, el que dona (comida).');
INSERT INTO variants VALUES ('RD-000515-V01', 'RD-000515', 1, 'fut.: cónama');
INSERT INTO lexical_entries VALUES ('RD-000516', 'Co’nari', 'Co’nari', 'co''nari', NULL, 'Vi', 'Vi', 'Tener ganas de comer', '', 'SRC-02', '28', '28', 'Transcrito', 'Autorizada para difusión', 'Pendiente de validación lingüística');
INSERT INTO senses VALUES ('RD-000516-S01', 'RD-000516', 1, 'Tener ganas de comer');
INSERT INTO lexical_entries VALUES ('RD-000517', 'Co’néami', 'Co’néami', 'co''neami', NULL, 'Adj', 'Adj', 'No desgranado (mazorca de maíz, p. ej.: sunú co’néami, mazorcas no desgranadas)', '', 'SRC-02', '28', '28', 'Transcrito', 'Autorizada para difusión', 'Pendiente de validación lingüística');
INSERT INTO senses VALUES ('RD-000517-S01', 'RD-000517', 1, 'No desgranado (mazorca de maíz, p. ej.: sunú co’néami, mazorcas no desgranadas)');
INSERT INTO lexical_entries VALUES ('RD-000518', 'Conomí', 'Conomí', 'conomi', NULL, 'S', 'S', 'Arcoiris', 'Jaré rarámuri hue majahuá maparí johui, sicá jiti, echi conomí. Algunos tarahumaras tienen miedo cuando alguien apunta con la mano al arcoiris. (Cuando esto sucede, tienen la costumbre de hacer el ademan de cortar el arco con un machete, para que no se acerque).', 'SRC-02', '28', '28', 'Transcrito', 'Autorizada para difusión', 'Pendiente de validación lingüística');
INSERT INTO senses VALUES ('RD-000518-S01', 'RD-000518', 1, 'Arcoiris');
INSERT INTO examples VALUES ('RD-000518-E01', 'RD-000518', 1, 'Jaré rarámuri hue majahuá maparí johui, sicá jiti, echi conomí. Algunos tarahumaras tienen miedo cuando alguien apunta con la mano al arcoiris. (Cuando esto sucede, tienen la costumbre de hacer el ademan de cortar el arco con un machete, para que no se acerque).');
INSERT INTO lexical_entries VALUES ('RD-000519', 'Cóo', 'Cóo', 'coo', NULL, 'Vt', 'Vt', 'Dar de comer', '', 'SRC-02', '28', '28', 'Transcrito', 'Autorizada para difusión', 'Pendiente de validación lingüística');
INSERT INTO senses VALUES ('RD-000519-S01', 'RD-000519', 1, 'Dar de comer');
INSERT INTO lexical_entries VALUES ('RD-000520', 'Co’orá', 'Co’orá', 'co''ora', NULL, 'Vt', 'Vt', 'Hacer esquiate', 'Echi muquí co’orama. Esa mujer va a hacer esquite.', 'SRC-02', '28', '28', 'Transcrito', 'Autorizada para difusión', 'Pendiente de validación lingüística');
INSERT INTO senses VALUES ('RD-000520-S01', 'RD-000520', 1, 'Hacer esquiate');
INSERT INTO examples VALUES ('RD-000520-E01', 'RD-000520', 1, 'Echi muquí co’orama. Esa mujer va a hacer esquite.');
INSERT INTO lexical_entries VALUES ('RD-000521', 'Co’orí', 'Co’orí', 'co''ori', NULL, 'S', 'S', 'Esquiate (reg.), pinole (maíz tostado, molido, con agua)', '', 'SRC-02', '28', '28', 'Transcrito', 'Autorizada para difusión', 'Pendiente de validación lingüística');
INSERT INTO senses VALUES ('RD-000521-S01', 'RD-000521', 1, 'Esquiate (reg.), pinole (maíz tostado, molido, con agua)');
INSERT INTO lexical_entries VALUES ('RD-000522', 'Cóora', 'Cóora', 'coora', NULL, 'Vi', 'Vi', 'Visitar las casas con la idea de recibir algo de comida', 'Cosí mapuyíripitamo cóorahua. Comen todo lo que les dan.', 'SRC-02', '28', '28', 'Transcrito', 'Autorizada para difusión', 'Pendiente de validación lingüística');
INSERT INTO senses VALUES ('RD-000522-S01', 'RD-000522', 1, 'Visitar las casas con la idea de recibir algo de comida');
INSERT INTO examples VALUES ('RD-000522-E01', 'RD-000522', 1, 'Cosí mapuyíripitamo cóorahua. Comen todo lo que les dan.');
INSERT INTO lexical_entries VALUES ('RD-000523', 'Cora', 'Cora', 'cora', NULL, 'Vt', 'Vt', 'Obsequiar', '', 'SRC-02', '28', '28', 'Transcrito', 'Autorizada para difusión', 'Pendiente de validación lingüística');
INSERT INTO senses VALUES ('RD-000523-S01', 'RD-000523', 1, 'Obsequiar');
INSERT INTO lexical_entries VALUES ('RD-000524', 'Corá', '1Corá', 'cora', '1', 'S', 'S', 'Peña', '', 'SRC-02', '28', '28', 'Transcrito', 'Autorizada para difusión', 'Pendiente de validación lingüística');
INSERT INTO senses VALUES ('RD-000524-S01', 'RD-000524', 1, 'Peña');
INSERT INTO lexical_entries VALUES ('RD-000525', 'Corá, cohuara', '2Corá, cohuara', 'cora, cohuara', '2', 'S', 'S', 'Frente', 'Corá chihuari. Me pegué en la frente. Tamí corá chihuari. Me pegaron en la frente.', 'SRC-02', '28', '28', 'Transcrito', 'Autorizada para difusión', 'Pendiente de validación lingüística');
INSERT INTO senses VALUES ('RD-000525-S01', 'RD-000525', 1, 'Frente');
INSERT INTO examples VALUES ('RD-000525-E01', 'RD-000525', 1, 'Corá chihuari. Me pegué en la frente. Tamí corá chihuari. Me pegaron en la frente.');
INSERT INTO variants VALUES ('RD-000525-V01', 'RD-000525', 1, 'cohuara');
INSERT INTO lexical_entries VALUES ('RD-000526', 'Coráachi', 'Coráachi', 'coraachi', NULL, '', 'Sin clasificar', '1. s Un cerro despeñadero 2. adv En el cerro, en la peña', '', 'SRC-02', '28', '28', 'Transcrito', 'Autorizada para difusión', 'Pendiente de validación lingüística');
INSERT INTO senses VALUES ('RD-000526-S01', 'RD-000526', 1, 's Un cerro despeñadero');
INSERT INTO senses VALUES ('RD-000526-S02', 'RD-000526', 2, 'adv En el cerro, en la peña');
INSERT INTO lexical_entries VALUES ('RD-000527', 'Coraca', 'Coraca', 'coraca', NULL, 'Vi', 'Vi', 'Ser amargo', '(Picante como la cal).', 'SRC-02', '28', '28', 'Transcrito', 'Autorizada para difusión', 'Pendiente de validación lingüística');
INSERT INTO senses VALUES ('RD-000527-S01', 'RD-000527', 1, 'Ser amargo');
INSERT INTO examples VALUES ('RD-000527-E01', 'RD-000527', 1, '(Picante como la cal).');
INSERT INTO lexical_entries VALUES ('RD-000528', 'Corácami', 'Corácami', 'coracami', NULL, 'Adv', 'Adv', 'Amargo', '¿Piri huaminá auché namuti corácami ju mapurigá je’ná? ¿Qué otra cosa es amarga como esta?', 'SRC-02', '28', '28', 'Transcrito', 'Autorizada para difusión', 'Pendiente de validación lingüística');
INSERT INTO senses VALUES ('RD-000528-S01', 'RD-000528', 1, 'Amargo');
INSERT INTO examples VALUES ('RD-000528-E01', 'RD-000528', 1, '¿Piri huaminá auché namuti corácami ju mapurigá je’ná? ¿Qué otra cosa es amarga como esta?');
INSERT INTO lexical_entries VALUES ('RD-000529', 'Corachi', 'Corachi', 'corachi', NULL, 'S', 'S', 'Cuervo', 'Echi corachi hue chigora sunú ichirúami. Los cuervos roban mucho el maíz sembrado.', 'SRC-02', '29', '29', 'Transcrito', 'Autorizada para difusión', 'Pendiente de validación lingüística');
INSERT INTO senses VALUES ('RD-000529-S01', 'RD-000529', 1, 'Cuervo');
INSERT INTO examples VALUES ('RD-000529-E01', 'RD-000529', 1, 'Echi corachi hue chigora sunú ichirúami. Los cuervos roban mucho el maíz sembrado.');
INSERT INTO lexical_entries VALUES ('RD-000530', 'Corara', 'Corara', 'corara', NULL, 'Vi', 'Vi', 'Parecer amargo', '¿Acha corara? ¿le parece amargo?', 'SRC-02', '29', '29', 'Transcrito', 'Autorizada para difusión', 'Pendiente de validación lingüística');
INSERT INTO senses VALUES ('RD-000530-S01', 'RD-000530', 1, 'Parecer amargo');
INSERT INTO examples VALUES ('RD-000530-E01', 'RD-000530', 1, '¿Acha corara? ¿le parece amargo?');
INSERT INTO lexical_entries VALUES ('RD-000531', 'Corí', '1Corí', 'cori', '1', 'S', 'S', 'Chile', 'Siborí, s chile piquín. Ibócari, s chile colorado grande y seco.', 'SRC-02', '29', '29', 'Transcrito', 'Autorizada para difusión', 'Pendiente de validación lingüística');
INSERT INTO senses VALUES ('RD-000531-S01', 'RD-000531', 1, 'Chile');
INSERT INTO examples VALUES ('RD-000531-E01', 'RD-000531', 1, 'Siborí, s chile piquín. Ibócari, s chile colorado grande y seco.');
INSERT INTO lexical_entries VALUES ('RD-000532', 'Corí', '2Corí', 'cori', '2', 'Adv', 'Adv', 'Otro lado del cerro', 'Corina, por el otro lado. Corí cuhuana, atrás del cerro, al otro lado.', 'SRC-02', '29', '29', 'Transcrito', 'Autorizada para difusión', 'Pendiente de validación lingüística');
INSERT INTO senses VALUES ('RD-000532-S01', 'RD-000532', 1, 'Otro lado del cerro');
INSERT INTO examples VALUES ('RD-000532-E01', 'RD-000532', 1, 'Corina, por el otro lado. Corí cuhuana, atrás del cerro, al otro lado.');
INSERT INTO lexical_entries VALUES ('RD-000533', 'Córima', 'Córima', 'corima', NULL, '', 'Sin clasificar', '1. vt Regalar 2. vt Visitar las casas (con la esperanza de recibir algo) 3. s Obsequio', '¡Córima rimé! ¡Déme unas tortillas! Córima ‘ya, vt Obsequiar, regalar.', 'SRC-02', '29', '29', 'Transcrito', 'Autorizada para difusión', 'Pendiente de validación lingüística');
INSERT INTO senses VALUES ('RD-000533-S01', 'RD-000533', 1, 'vt Regalar');
INSERT INTO senses VALUES ('RD-000533-S02', 'RD-000533', 2, 'vt Visitar las casas (con la esperanza de recibir algo)');
INSERT INTO senses VALUES ('RD-000533-S03', 'RD-000533', 3, 's Obsequio');
INSERT INTO examples VALUES ('RD-000533-E01', 'RD-000533', 1, '¡Córima rimé! ¡Déme unas tortillas! Córima ‘ya, vt Obsequiar, regalar.');
INSERT INTO lexical_entries VALUES ('RD-000534', 'Corimena', 'Corimena', 'corimena', NULL, 'S', 'S', 'Miel de abejas', '', 'SRC-02', '29', '29', 'Transcrito', 'Autorizada para difusión', 'Pendiente de validación lingüística');
INSERT INTO senses VALUES ('RD-000534-S01', 'RD-000534', 1, 'Miel de abejas');
INSERT INTO lexical_entries VALUES ('RD-000535', 'Corina', 'Corina', 'corina', NULL, 'Adv', 'Adv', 'Al otro lado', '', 'SRC-02', '29', '29', 'Transcrito', 'Autorizada para difusión', 'Pendiente de validación lingüística');
INSERT INTO senses VALUES ('RD-000535-S01', 'RD-000535', 1, 'Al otro lado');
INSERT INTO lexical_entries VALUES ('RD-000536', 'Coró', 'Coró', 'coro', NULL, 'S', 'S', 'Zopilote pinto, rayado', '', 'SRC-02', '29', '29', 'Transcrito', 'Autorizada para difusión', 'Pendiente de validación lingüística');
INSERT INTO senses VALUES ('RD-000536-S01', 'RD-000536', 1, 'Zopilote pinto, rayado');
INSERT INTO lexical_entries VALUES ('RD-000537', 'Corochi', 'Corochi', 'corochi', NULL, 'S', 'S', 'Saltamontes', '', 'SRC-02', '29', '29', 'Transcrito', 'Autorizada para difusión', 'Pendiente de validación lingüística');
INSERT INTO senses VALUES ('RD-000537-S01', 'RD-000537', 1, 'Saltamontes');
INSERT INTO lexical_entries VALUES ('RD-000538', 'Corogá', 'Corogá', 'coroga', NULL, 'S', 'S', 'Collar, soguilla con crucifijo', '', 'SRC-02', '29', '29', 'Transcrito', 'Autorizada para difusión', 'Pendiente de validación lingüística');
INSERT INTO senses VALUES ('RD-000538-S01', 'RD-000538', 1, 'Collar, soguilla con crucifijo');
INSERT INTO lexical_entries VALUES ('RD-000539', 'Corú', 'Corú', 'coru', NULL, 'Vt', 'Vt', 'Codiciar, desear mucho', '¿Piri corú? ¿Qué desea? Cochí rimé corú, el perro desea las tortillas.', 'SRC-02', '29', '29', 'Transcrito', 'Autorizada para difusión', 'Pendiente de validación lingüística');
INSERT INTO senses VALUES ('RD-000539-S01', 'RD-000539', 1, 'Codiciar, desear mucho');
INSERT INTO examples VALUES ('RD-000539-E01', 'RD-000539', 1, '¿Piri corú? ¿Qué desea? Cochí rimé corú, el perro desea las tortillas.');
INSERT INTO lexical_entries VALUES ('RD-000540', 'Corúcami', 'Corúcami', 'corucami', NULL, 'Adj', 'Adj', 'Envidioso, codicioso', '', 'SRC-02', '29', '29', 'Transcrito', 'Autorizada para difusión', 'Pendiente de validación lingüística');
INSERT INTO senses VALUES ('RD-000540-S01', 'RD-000540', 1, 'Envidioso, codicioso');
INSERT INTO lexical_entries VALUES ('RD-000541', 'Cosari', 'Cosari', 'cosari', NULL, 'S', 'S', '1. Un palo podrido 2. Madera fofa seca', '', 'SRC-02', '29', '29', 'Transcrito', 'Autorizada para difusión', 'Pendiente de validación lingüística');
INSERT INTO senses VALUES ('RD-000541-S01', 'RD-000541', 1, 'Un palo podrido');
INSERT INTO senses VALUES ('RD-000541-S02', 'RD-000541', 2, 'Madera fofa seca');
INSERT INTO lexical_entries VALUES ('RD-000542', 'Cosata', 'Cosata', 'cosata', NULL, 'Vi', 'Vi', 'Pudrirse (madera)', '', 'SRC-02', '29', '29', 'Transcrito', 'Autorizada para difusión', 'Pendiente de validación lingüística');
INSERT INTO senses VALUES ('RD-000542-S01', 'RD-000542', 1, 'Pudrirse (madera)');
INSERT INTO lexical_entries VALUES ('RD-000543', 'Coséhuari', 'Coséhuari', 'cosehuari', NULL, 'S', 'S', 'Gorgojo (come la lana de las cobijas), termita', '', 'SRC-02', '29', '29', 'Transcrito', 'Autorizada para difusión', 'Pendiente de validación lingüística');
INSERT INTO senses VALUES ('RD-000543-S01', 'RD-000543', 1, 'Gorgojo (come la lana de las cobijas), termita');
INSERT INTO lexical_entries VALUES ('RD-000544', 'Cosibé', 'Cosibé', 'cosibe', NULL, 'Vt', 'Vt', 'Poner banca (para sentarse', '', 'SRC-02', '29', '29', 'Transcrito', 'Autorizada para difusión', 'Pendiente de validación lingüística');
INSERT INTO senses VALUES ('RD-000544-S01', 'RD-000544', 1, 'Poner banca (para sentarse');
INSERT INTO lexical_entries VALUES ('RD-000545', 'Cosibera', 'Cosibera', 'cosibera', NULL, '', 'Sin clasificar', '1. s Banquillo 2. vi Tener un banquillo', 'Asagá cosebeca biré cosibera. Siéntate en una banca.', 'SRC-02', '29', '29', 'Transcrito', 'Autorizada para difusión', 'Pendiente de validación lingüística');
INSERT INTO senses VALUES ('RD-000545-S01', 'RD-000545', 1, 's Banquillo');
INSERT INTO senses VALUES ('RD-000545-S02', 'RD-000545', 2, 'vi Tener un banquillo');
INSERT INTO examples VALUES ('RD-000545-E01', 'RD-000545', 1, 'Asagá cosebeca biré cosibera. Siéntate en una banca.');
INSERT INTO lexical_entries VALUES ('RD-000546', 'Cosísiya', 'Cosísiya', 'cosisiya', NULL, '', 'Sin clasificar', 'A comer', 'Chotama cosísiya. Comenzarán a comer. Véase co’huá', 'SRC-02', '29', '29', 'Transcrito', 'Autorizada para difusión', 'Pendiente de validación lingüística');
INSERT INTO senses VALUES ('RD-000546-S01', 'RD-000546', 1, 'A comer');
INSERT INTO examples VALUES ('RD-000546-E01', 'RD-000546', 1, 'Chotama cosísiya. Comenzarán a comer. Véase co’huá');
INSERT INTO lexical_entries VALUES ('RD-000547', 'Cosó', 'Cosó', 'coso', NULL, 'Vi', 'Vi', 'Ahogarse (al tragar).', 'Conosó, vi Estar ahogándose (al tragar).', 'SRC-02', '29', '29', 'Transcrito', 'Autorizada para difusión', 'Pendiente de validación lingüística');
INSERT INTO senses VALUES ('RD-000547-S01', 'RD-000547', 1, 'Ahogarse (al tragar).');
INSERT INTO examples VALUES ('RD-000547-E01', 'RD-000547', 1, 'Conosó, vi Estar ahogándose (al tragar).');
INSERT INTO lexical_entries VALUES ('RD-000548', 'Cotúura', 'Cotúura', 'cotuura', NULL, 'Vi', 'Vi', 'Dar comida, llevar a pasto', 'Sonó cotúuramani cahué. Voy a dar rastrojo al caballo. Rimé cutúuramani echi táa. Le voy a dar tortillas al niño.', 'SRC-02', '29', '29', 'Transcrito', 'Autorizada para difusión', 'Pendiente de validación lingüística');
INSERT INTO senses VALUES ('RD-000548-S01', 'RD-000548', 1, 'Dar comida, llevar a pasto');
INSERT INTO examples VALUES ('RD-000548-E01', 'RD-000548', 1, 'Sonó cotúuramani cahué. Voy a dar rastrojo al caballo. Rimé cutúuramani echi táa. Le voy a dar tortillas al niño.');
INSERT INTO lexical_entries VALUES ('RD-000549', 'Co’yá', 'Co’yá', 'co''ya', NULL, 'Vt pl', 'Vt', 'Matar (animales)', '[fut.: co’huimea]', 'SRC-02', '29', '29', 'Transcrito', 'Autorizada para difusión', 'Pendiente de validación lingüística');
INSERT INTO senses VALUES ('RD-000549-S01', 'RD-000549', 1, 'Matar (animales)');
INSERT INTO examples VALUES ('RD-000549-E01', 'RD-000549', 1, '[fut.: co’huimea]');
INSERT INTO variants VALUES ('RD-000549-V01', 'RD-000549', 1, 'fut.: co’huimea');
INSERT INTO lexical_entries VALUES ('RD-000550', 'Co’yacha', 'Co’yacha', 'co''yacha', NULL, '', 'Sin clasificar', '1. s Sombrero 2. vi Ponerse sombrero, anton: co’yapa', '', 'SRC-02', '29', '29', 'Transcrito', 'Autorizada para difusión', 'Pendiente de validación lingüística');
INSERT INTO senses VALUES ('RD-000550-S01', 'RD-000550', 1, 's Sombrero');
INSERT INTO senses VALUES ('RD-000550-S02', 'RD-000550', 2, 'vi Ponerse sombrero, anton: co’yapa');
INSERT INTO lexical_entries VALUES ('RD-000551', 'Co’yami', 'Co’yami', 'co''yami', NULL, 'S', 'S', 'El que come', '', 'SRC-02', '29', '29', 'Transcrito', 'Autorizada para difusión', 'Pendiente de validación lingüística');
INSERT INTO senses VALUES ('RD-000551-S01', 'RD-000551', 1, 'El que come');
INSERT INTO lexical_entries VALUES ('RD-000552', 'Coyé', 'Coyé', 'coye', NULL, 'Vi', 'Vi', 'Ponerse el paño de lienzo en la cabeza', '', 'SRC-02', '29', '29', 'Transcrito', 'Autorizada para difusión', 'Pendiente de validación lingüística');
INSERT INTO senses VALUES ('RD-000552-S01', 'RD-000552', 1, 'Ponerse el paño de lienzo en la cabeza');
INSERT INTO lexical_entries VALUES ('RD-000553', 'Coyera', 'Coyera', 'coyera', NULL, 'S', 'S', 'Paño para la cabeza, la corona', '', 'SRC-02', '29', '29', 'Transcrito', 'Autorizada para difusión', 'Pendiente de validación lingüística');
INSERT INTO senses VALUES ('RD-000553-S01', 'RD-000553', 1, 'Paño para la cabeza, la corona');
INSERT INTO lexical_entries VALUES ('RD-000554', 'Coyeta', 'Coyeta', 'coyeta', NULL, 'Vt', 'Vt', 'Poner el paño (en cabeza de otro)', '', 'SRC-02', '29', '29', 'Transcrito', 'Autorizada para difusión', 'Pendiente de validación lingüística');
INSERT INTO senses VALUES ('RD-000554-S01', 'RD-000554', 1, 'Poner el paño (en cabeza de otro)');
INSERT INTO lexical_entries VALUES ('RD-000555', 'Cu', '1Cu', 'cu', '1', 'Adv', 'Adv', 'Otra vez', 'Mani cu simea. Ya me voy (otra vez) Ma cu nahuari samichí cu. Ya vino a Samachique otra vez.', 'SRC-02', '29', '30', 'Transcrito', 'Autorizada para difusión', 'Pendiente de validación lingüística');
INSERT INTO senses VALUES ('RD-000555-S01', 'RD-000555', 1, 'Otra vez');
INSERT INTO examples VALUES ('RD-000555-E01', 'RD-000555', 1, 'Mani cu simea. Ya me voy (otra vez) Ma cu nahuari samichí cu. Ya vino a Samachique otra vez.');
INSERT INTO lexical_entries VALUES ('RD-000556', 'Cu', '2Cu', 'cu', '2', 'S', 'S', 'Leña, madera', 'Cu apera, llevar leña (en el lomo). Cu ca’hui, traer leña.', 'SRC-02', '30', '30', 'Transcrito', 'Autorizada para difusión', 'Pendiente de validación lingüística');
INSERT INTO senses VALUES ('RD-000556-S01', 'RD-000556', 1, 'Leña, madera');
INSERT INTO examples VALUES ('RD-000556-E01', 'RD-000556', 1, 'Cu apera, llevar leña (en el lomo). Cu ca’hui, traer leña.');
INSERT INTO lexical_entries VALUES ('RD-000557', 'Cu', '3Cu', 'cu', '3', 'Vi', 'Vi', '1. Comer (esquite, granos enteros, fruta dura). Saquí cubo, vamos a comer esquite. 2. Morder. Ta tohuí biré corí cumiri. El niño mordió un chile.', '', 'SRC-02', '30', '30', 'Transcrito', 'Autorizada para difusión', 'Pendiente de validación lingüística');
INSERT INTO senses VALUES ('RD-000557-S01', 'RD-000557', 1, 'Comer (esquite, granos enteros, fruta dura). Saquí cubo, vamos a comer esquite.');
INSERT INTO senses VALUES ('RD-000557-S02', 'RD-000557', 2, 'Morder. Ta tohuí biré corí cumiri. El niño mordió un chile.');
INSERT INTO lexical_entries VALUES ('RD-000558', 'Cuácari', 'Cuácari', 'cuacari', NULL, 'S', 'S', 'Tipo de ave gris con pecho rojo que grita: “cóa”.', '', 'SRC-02', '30', '30', 'Transcrito', 'Autorizada para difusión', 'Pendiente de validación lingüística');
INSERT INTO senses VALUES ('RD-000558-S01', 'RD-000558', 1, 'Tipo de ave gris con pecho rojo que grita: “cóa”.');
INSERT INTO lexical_entries VALUES ('RD-000559', 'Cúchara', 'Cúchara', 'cuchara', NULL, 'S', 'S', 'Hijos', '[sing.: ranara].', 'SRC-02', '30', '30', 'Transcrito', 'Autorizada para difusión', 'Pendiente de validación lingüística');
INSERT INTO senses VALUES ('RD-000559-S01', 'RD-000559', 1, 'Hijos');
INSERT INTO examples VALUES ('RD-000559-E01', 'RD-000559', 1, '[sing.: ranara].');
INSERT INTO variants VALUES ('RD-000559-V01', 'RD-000559', 1, 'sing.: ranara');
INSERT INTO lexical_entries VALUES ('RD-000560', 'Cuchi', 'Cuchi', 'cuchi', NULL, 'Adj pl', 'Adj', 'Chiquitos', '[sing.: ta]', 'SRC-02', '30', '30', 'Transcrito', 'Autorizada para difusión', 'Pendiente de validación lingüística');
INSERT INTO senses VALUES ('RD-000560-S01', 'RD-000560', 1, 'Chiquitos');
INSERT INTO examples VALUES ('RD-000560-E01', 'RD-000560', 1, '[sing.: ta]');
INSERT INTO variants VALUES ('RD-000560-V01', 'RD-000560', 1, 'sing.: ta');
INSERT INTO lexical_entries VALUES ('RD-000561', 'Cuchíhua', 'Cuchíhua', 'cuchihua', NULL, 'Vi', 'Vi', 'Agusanarse', 'Chabé mucuri echi cochí, ma cáraca cuchíhuari. Hace tiempo murió ese perro; ya está completamente agusanado. Cuchíhuari, s Gusano de la carne', 'SRC-02', '30', '30', 'Transcrito', 'Autorizada para difusión', 'Pendiente de validación lingüística');
INSERT INTO senses VALUES ('RD-000561-S01', 'RD-000561', 1, 'Agusanarse');
INSERT INTO examples VALUES ('RD-000561-E01', 'RD-000561', 1, 'Chabé mucuri echi cochí, ma cáraca cuchíhuari. Hace tiempo murió ese perro; ya está completamente agusanado. Cuchíhuari, s Gusano de la carne');
INSERT INTO lexical_entries VALUES ('RD-000562', 'Cuchípara', 'Cuchípara', 'cuchipara', NULL, 'S', 'S', 'Los puestos menores (entre las autoridades del pueblo)', '', 'SRC-02', '30', '30', 'Transcrito', 'Autorizada para difusión', 'Pendiente de validación lingüística');
INSERT INTO senses VALUES ('RD-000562-S01', 'RD-000562', 1, 'Los puestos menores (entre las autoridades del pueblo)');
INSERT INTO lexical_entries VALUES ('RD-000563', 'Cúchuhua', 'Cúchuhua', 'cuchuhua', NULL, 'Vt', 'Vt', 'Tener hijos', '¿Chu quipi mi cúchuhua? ¿Cuántos hijos tienes? Cúchuami, adj Que tiene hijos. Nijé cúchuhuara, mis hijos.', 'SRC-02', '30', '30', 'Transcrito', 'Autorizada para difusión', 'Pendiente de validación lingüística');
INSERT INTO senses VALUES ('RD-000563-S01', 'RD-000563', 1, 'Tener hijos');
INSERT INTO examples VALUES ('RD-000563-E01', 'RD-000563', 1, '¿Chu quipi mi cúchuhua? ¿Cuántos hijos tienes? Cúchuami, adj Que tiene hijos. Nijé cúchuhuara, mis hijos.');
INSERT INTO lexical_entries VALUES ('RD-000564', 'Cuchuri', '1Cuchuri', 'cuchuri', '1', 'S', 'S', 'Grillo, oruga', 'Cuchuri hue cusú. Los grillos chirrían mucho.', 'SRC-02', '30', '30', 'Transcrito', 'Autorizada para difusión', 'Pendiente de validación lingüística');
INSERT INTO senses VALUES ('RD-000564-S01', 'RD-000564', 1, 'Grillo, oruga');
INSERT INTO examples VALUES ('RD-000564-E01', 'RD-000564', 1, 'Cuchuri hue cusú. Los grillos chirrían mucho.');
INSERT INTO lexical_entries VALUES ('RD-000565', 'Cuchiri', '2Cuchiri', 'cuchiri', '2', 'S pl', 'S', 'Perritos', '[sing.: churi]', 'SRC-02', '30', '30', 'Transcrito', 'Autorizada para difusión', 'Pendiente de validación lingüística');
INSERT INTO senses VALUES ('RD-000565-S01', 'RD-000565', 1, 'Perritos');
INSERT INTO examples VALUES ('RD-000565-E01', 'RD-000565', 1, '[sing.: churi]');
INSERT INTO variants VALUES ('RD-000565-V01', 'RD-000565', 1, 'sing.: churi');
INSERT INTO lexical_entries VALUES ('RD-000566', 'Cuhuana', '1Cuhuana', 'cuhuana', '1', 'Vt', 'Vt', '1. Tostar 2. Quemar (por el sol)', '¡Rimé cuhuana! ¡Tuesta la tortilla! Echi rayénari cara cuhuánari echi pachí. El sol quemó completamente las matas de maíz [fut.: cuhuanáma]. Cuhuanámari adj tostado.', 'SRC-02', '30', '30', 'Transcrito', 'Autorizada para difusión', 'Pendiente de validación lingüística');
INSERT INTO senses VALUES ('RD-000566-S01', 'RD-000566', 1, 'Tostar');
INSERT INTO senses VALUES ('RD-000566-S02', 'RD-000566', 2, 'Quemar (por el sol)');
INSERT INTO examples VALUES ('RD-000566-E01', 'RD-000566', 1, '¡Rimé cuhuana! ¡Tuesta la tortilla! Echi rayénari cara cuhuánari echi pachí. El sol quemó completamente las matas de maíz [fut.: cuhuanáma]. Cuhuanámari adj tostado.');
INSERT INTO variants VALUES ('RD-000566-V01', 'RD-000566', 1, 'fut.: cuhuanáma');
INSERT INTO lexical_entries VALUES ('RD-000567', 'Cuhuana', '2Cuhuana', 'cuhuana', '2', 'Adv', 'Adv', '1. Al otro lado, detrás 2. De nuevo', 'Huamí corí cuhuana bité. Él vive al otro lado (del cerro). Aboni auchecho cu cuhuana mi bayema. Ellos te invitarán de nuevo. Cochí cuhuana yori. El perro se enojó de nuevo.', 'SRC-02', '30', '30', 'Transcrito', 'Autorizada para difusión', 'Pendiente de validación lingüística');
INSERT INTO senses VALUES ('RD-000567-S01', 'RD-000567', 1, 'Al otro lado, detrás');
INSERT INTO senses VALUES ('RD-000567-S02', 'RD-000567', 2, 'De nuevo');
INSERT INTO examples VALUES ('RD-000567-E01', 'RD-000567', 1, 'Huamí corí cuhuana bité. Él vive al otro lado (del cerro). Aboni auchecho cu cuhuana mi bayema. Ellos te invitarán de nuevo. Cochí cuhuana yori. El perro se enojó de nuevo.');
INSERT INTO lexical_entries VALUES ('RD-000568', 'Cuhuara', 'Cuhuara', 'cuhuara', NULL, 'S', 'S', 'La punta (de pino, grano de maíz)', 'Ocó cuhuárachi atí biré cusá. En la punta del pino está una aguililla.', 'SRC-02', '30', '30', 'Transcrito', 'Autorizada para difusión', 'Pendiente de validación lingüística');
INSERT INTO senses VALUES ('RD-000568-S01', 'RD-000568', 1, 'La punta (de pino, grano de maíz)');
INSERT INTO examples VALUES ('RD-000568-E01', 'RD-000568', 1, 'Ocó cuhuárachi atí biré cusá. En la punta del pino está una aguililla.');
INSERT INTO lexical_entries VALUES ('RD-000569', 'Cuhué', 'Cuhué', 'cuhue', NULL, 'S', 'S', 'El tiempo de calor (antes de las lluvias)', 'Jipi ma cu cuhué. Ya es el tiempo de calor. Cuhuesa. vi Llegar el tiempo de calor. Cuhuésachi. En el tiempo de calor.', 'SRC-02', '30', '30', 'Transcrito', 'Autorizada para difusión', 'Pendiente de validación lingüística');
INSERT INTO senses VALUES ('RD-000569-S01', 'RD-000569', 1, 'El tiempo de calor (antes de las lluvias)');
INSERT INTO examples VALUES ('RD-000569-E01', 'RD-000569', 1, 'Jipi ma cu cuhué. Ya es el tiempo de calor. Cuhuesa. vi Llegar el tiempo de calor. Cuhuésachi. En el tiempo de calor.');
INSERT INTO lexical_entries VALUES ('RD-000570', 'Cuhuempa', 'Cuhuempa', 'cuhuempa', NULL, 'Vt', 'Vt', 'Escardar (por primera vez antes de que llueva)', '', 'SRC-02', '30', '30', 'Transcrito', 'Autorizada para difusión', 'Pendiente de validación lingüística');
INSERT INTO senses VALUES ('RD-000570-S01', 'RD-000570', 1, 'Escardar (por primera vez antes de que llueva)');
INSERT INTO lexical_entries VALUES ('RD-000571', 'Cu’huíchara', 'Cu’huíchara', 'cu''huichara', NULL, 'S', 'S', 'Manzanilla', '', 'SRC-02', '30', '30', 'Transcrito', 'Autorizada para difusión', 'Pendiente de validación lingüística');
INSERT INTO senses VALUES ('RD-000571-S01', 'RD-000571', 1, 'Manzanilla');
INSERT INTO lexical_entries VALUES ('RD-000572', 'Cu’huíichi', 'Cu’huíichi', 'cu''huiichi', NULL, 'S', 'S', 'Espinilla', 'Hui’ré chi’huari cu’huíichi. Se hizo una cortada muy grande en la espinilla. Nijé cu’huíicharachi, en mi espinilla.', 'SRC-02', '30', '31', 'Transcrito', 'Autorizada para difusión', 'Pendiente de validación lingüística');
INSERT INTO senses VALUES ('RD-000572-S01', 'RD-000572', 1, 'Espinilla');
INSERT INTO examples VALUES ('RD-000572-E01', 'RD-000572', 1, 'Hui’ré chi’huari cu’huíichi. Se hizo una cortada muy grande en la espinilla. Nijé cu’huíicharachi, en mi espinilla.');
INSERT INTO lexical_entries VALUES ('RD-000573', 'Cu’huíimi', 'Cu’huíimi', 'cu''huiimi', NULL, 'S', 'S', 'Salvador', '', 'SRC-02', '31', '31', 'Transcrito', 'Autorizada para difusión', 'Pendiente de validación lingüística');
INSERT INTO senses VALUES ('RD-000573-S01', 'RD-000573', 1, 'Salvador');
INSERT INTO lexical_entries VALUES ('RD-000574', 'Cu’huira', 'Cu’huira', 'cu''huira', NULL, 'Vt', 'Vt', 'Ayudar, salvar', 'Binoy nahuari tamí cu’huíramia. Él vino a ayudarme. Cúrohui norínari tamí cu’huírabia. Los niños vinieron a ayudarme.', 'SRC-02', '31', '31', 'Transcrito', 'Autorizada para difusión', 'Pendiente de validación lingüística');
INSERT INTO senses VALUES ('RD-000574-S01', 'RD-000574', 1, 'Ayudar, salvar');
INSERT INTO examples VALUES ('RD-000574-E01', 'RD-000574', 1, 'Binoy nahuari tamí cu’huíramia. Él vino a ayudarme. Cúrohui norínari tamí cu’huírabia. Los niños vinieron a ayudarme.');
INSERT INTO lexical_entries VALUES ('RD-000575', 'Cuira', 'Cuira', 'cuira', NULL, 'Interj', 'Interj', '¡Hola! (saludo)', 'Cuíraga ra’íchari. Habló saludándole.', 'SRC-02', '31', '31', 'Transcrito', 'Autorizada para difusión', 'Pendiente de validación lingüística');
INSERT INTO senses VALUES ('RD-000575-S01', 'RD-000575', 1, '¡Hola! (saludo)');
INSERT INTO examples VALUES ('RD-000575-E01', 'RD-000575', 1, 'Cuíraga ra’íchari. Habló saludándole.');
INSERT INTO lexical_entries VALUES ('RD-000576', 'Cujuíbara', 'Cujuíbara', 'cujuibara', NULL, 'S', 'S', 'Tipo de quelite que se come', '', 'SRC-02', '31', '31', 'Transcrito', 'Autorizada para difusión', 'Pendiente de validación lingüística');
INSERT INTO senses VALUES ('RD-000576-S01', 'RD-000576', 1, 'Tipo de quelite que se come');
INSERT INTO lexical_entries VALUES ('RD-000577', 'Cu’lí', 'Cu’lí', 'cu''li', NULL, 'Vi', 'Vi', 'Tirar (líquido)', '', 'SRC-02', '31', '31', 'Transcrito', 'Autorizada para difusión', 'Pendiente de validación lingüística');
INSERT INTO senses VALUES ('RD-000577-S01', 'RD-000577', 1, 'Tirar (líquido)');
INSERT INTO lexical_entries VALUES ('RD-000578', 'Cu’lina', 'Cu’lina', 'cu''lina', NULL, 'Vt', 'Vt', '1. Torcer 2. Dar vueltas 3. Voltear [fut.: cu’linama]', '', 'SRC-02', '31', '31', 'Transcrito', 'Autorizada para difusión', 'Pendiente de validación lingüística');
INSERT INTO senses VALUES ('RD-000578-S01', 'RD-000578', 1, 'Torcer');
INSERT INTO senses VALUES ('RD-000578-S02', 'RD-000578', 2, 'Dar vueltas');
INSERT INTO senses VALUES ('RD-000578-S03', 'RD-000578', 3, 'Voltear [fut.: cu’linama]');
INSERT INTO lexical_entries VALUES ('RD-000579', 'Culúami', 'Culúami', 'culuami', NULL, 'Adj', 'Adj', 'Espeso', 'Echi co’orí hue corúami ju. El esquiate está muy espeso.', 'SRC-02', '31', '31', 'Transcrito', 'Autorizada para difusión', 'Pendiente de validación lingüística');
INSERT INTO senses VALUES ('RD-000579-S01', 'RD-000579', 1, 'Espeso');
INSERT INTO examples VALUES ('RD-000579-E01', 'RD-000579', 1, 'Echi co’orí hue corúami ju. El esquiate está muy espeso.');
INSERT INTO lexical_entries VALUES ('RD-000580', 'Cu’luhua', 'Cu’luhua', 'cu''luhua', NULL, 'Vt', 'Vt', '1. Derramar, tirar (líquido) 2. vaciar [fut.: cu’luhuama; pp.: cu’luhuárami]', '', 'SRC-02', '31', '31', 'Transcrito', 'Autorizada para difusión', 'Pendiente de validación lingüística');
INSERT INTO senses VALUES ('RD-000580-S01', 'RD-000580', 1, 'Derramar, tirar (líquido)');
INSERT INTO senses VALUES ('RD-000580-S02', 'RD-000580', 2, 'vaciar [fut.: cu’luhuama; pp.: cu’luhuárami]');
INSERT INTO lexical_entries VALUES ('RD-000581', 'Cumá', 'Cumá', 'cuma', NULL, 'Vi', 'Vi', '1. Curar (con humo, p. ej.: gente, animales, siembra) 2. Limpiar con humo (después de enterrar a un muerto', 'Ichírari cumari. Curaron la siembra. Chibá cumabo. Vamos a curar las chivas, ahumeándolas.', 'SRC-02', '31', '31', 'Transcrito', 'Autorizada para difusión', 'Pendiente de validación lingüística');
INSERT INTO senses VALUES ('RD-000581-S01', 'RD-000581', 1, 'Curar (con humo, p. ej.: gente, animales, siembra)');
INSERT INTO senses VALUES ('RD-000581-S02', 'RD-000581', 2, 'Limpiar con humo (después de enterrar a un muerto');
INSERT INTO examples VALUES ('RD-000581-E01', 'RD-000581', 1, 'Ichírari cumari. Curaron la siembra. Chibá cumabo. Vamos a curar las chivas, ahumeándolas.');
INSERT INTO lexical_entries VALUES ('RD-000582', 'Cumé', 'Cumé', 'cume', NULL, 'Vt', 'Vt', 'Estorbar, molestar', 'Tamí cumé. Me estorba. Echi rijoy huabé tamí cumeri. Ese hombre me estorbó mucho.', 'SRC-02', '31', '31', 'Transcrito', 'Autorizada para difusión', 'Pendiente de validación lingüística');
INSERT INTO senses VALUES ('RD-000582-S01', 'RD-000582', 1, 'Estorbar, molestar');
INSERT INTO examples VALUES ('RD-000582-E01', 'RD-000582', 1, 'Tamí cumé. Me estorba. Echi rijoy huabé tamí cumeri. Ese hombre me estorbó mucho.');
INSERT INTO lexical_entries VALUES ('RD-000583', 'Cumí', 'Cumí', 'cumi', NULL, 'Vt', 'Vt', 'Comer (cosas duras como fruta, galletas, dulces)', '¿Acha cumumea galletas? ¿Comerá algunas galletas? [fut.: cumumea]. Cumuyá. Comiéndolo así.', 'SRC-02', '31', '31', 'Transcrito', 'Autorizada para difusión', 'Pendiente de validación lingüística');
INSERT INTO senses VALUES ('RD-000583-S01', 'RD-000583', 1, 'Comer (cosas duras como fruta, galletas, dulces)');
INSERT INTO examples VALUES ('RD-000583-E01', 'RD-000583', 1, '¿Acha cumumea galletas? ¿Comerá algunas galletas? [fut.: cumumea]. Cumuyá. Comiéndolo así.');
INSERT INTO variants VALUES ('RD-000583-V01', 'RD-000583', 1, 'fut.: cumumea');
INSERT INTO lexical_entries VALUES ('RD-000584', 'Cumi', 'Cumi', 'cumi', NULL, 'Adv', 'Adv', '¿Dónde?, ¿A dónde?', '¿Cumi simí? ¿A dónde vas?', 'SRC-02', '31', '31', 'Transcrito', 'Autorizada para difusión', 'Pendiente de validación lingüística');
INSERT INTO senses VALUES ('RD-000584-S01', 'RD-000584', 1, '¿Dónde?, ¿A dónde?');
INSERT INTO examples VALUES ('RD-000584-E01', 'RD-000584', 1, '¿Cumi simí? ¿A dónde vas?');
INSERT INTO lexical_entries VALUES ('RD-000585', 'Cumúchari', 'Cumúchari', 'cumuchari', NULL, 'S', 'S', 'Tío (el hermano mayor del padre)', 'Nijé cumúchara. Mi tío.', 'SRC-02', '31', '31', 'Transcrito', 'Autorizada para difusión', 'Pendiente de validación lingüística');
INSERT INTO senses VALUES ('RD-000585-S01', 'RD-000585', 1, 'Tío (el hermano mayor del padre)');
INSERT INTO examples VALUES ('RD-000585-E01', 'RD-000585', 1, 'Nijé cumúchara. Mi tío.');
INSERT INTO lexical_entries VALUES ('RD-000586', 'Cumurachi', 'Cumurachi', 'cumurachi', NULL, 'S', 'S', 'Casa de la comunidad', '', 'SRC-02', '31', '31', 'Transcrito', 'Autorizada para difusión', 'Pendiente de validación lingüística');
INSERT INTO senses VALUES ('RD-000586-S01', 'RD-000586', 1, 'Casa de la comunidad');
INSERT INTO lexical_entries VALUES ('RD-000587', 'Cuná', 'Cuná', 'cuna', NULL, 'S', 'S', 'Marido, esposo', 'Mujé cunara. Tu marido. ‘yemi ucunara. Sus maridos (de ustedes).', 'SRC-02', '31', '31', 'Transcrito', 'Autorizada para difusión', 'Pendiente de validación lingüística');
INSERT INTO senses VALUES ('RD-000587-S01', 'RD-000587', 1, 'Marido, esposo');
INSERT INTO examples VALUES ('RD-000587-E01', 'RD-000587', 1, 'Mujé cunara. Tu marido. ‘yemi ucunara. Sus maridos (de ustedes).');
INSERT INTO lexical_entries VALUES ('RD-000588', 'Cunama', 'Cunama', 'cunama', NULL, 'Vi', 'Vi', 'Enviudar (la mujer)', 'Ma cunámari. Enviudó la mujer.', 'SRC-02', '31', '31', 'Transcrito', 'Autorizada para difusión', 'Pendiente de validación lingüística');
INSERT INTO senses VALUES ('RD-000588-S01', 'RD-000588', 1, 'Enviudar (la mujer)');
INSERT INTO examples VALUES ('RD-000588-E01', 'RD-000588', 1, 'Ma cunámari. Enviudó la mujer.');
INSERT INTO lexical_entries VALUES ('RD-000589', 'Cunámami', 'Cunámami', 'cunamami', NULL, 'S', 'S', 'viuda', '[pl.: cunámacami].', 'SRC-02', '31', '31', 'Transcrito', 'Autorizada para difusión', 'Pendiente de validación lingüística');
INSERT INTO senses VALUES ('RD-000589-S01', 'RD-000589', 1, 'viuda');
INSERT INTO examples VALUES ('RD-000589-E01', 'RD-000589', 1, '[pl.: cunámacami].');
INSERT INTO variants VALUES ('RD-000589-V01', 'RD-000589', 1, 'pl.: cunámacami');
INSERT INTO lexical_entries VALUES ('RD-000590', 'Cuné', 'Cuné', 'cune', NULL, 'Vi', 'Vi', 'Tener marido, estar casada', '[pp.: cunéami]-', 'SRC-02', '31', '31', 'Transcrito', 'Autorizada para difusión', 'Pendiente de validación lingüística');
INSERT INTO senses VALUES ('RD-000590-S01', 'RD-000590', 1, 'Tener marido, estar casada');
INSERT INTO examples VALUES ('RD-000590-E01', 'RD-000590', 1, '[pp.: cunéami]-');
INSERT INTO variants VALUES ('RD-000590-V01', 'RD-000590', 1, 'pp.: cunéami');
INSERT INTO lexical_entries VALUES ('RD-000591', 'Cupá', 'Cupá', 'cupa', NULL, 'S', 'S', 'Pelo, cabello', 'Nijé cupara. Mi cabello.', 'SRC-02', '31', '31', 'Transcrito', 'Autorizada para difusión', 'Pendiente de validación lingüística');
INSERT INTO senses VALUES ('RD-000591-S01', 'RD-000591', 1, 'Pelo, cabello');
INSERT INTO examples VALUES ('RD-000591-E01', 'RD-000591', 1, 'Nijé cupara. Mi cabello.');
INSERT INTO lexical_entries VALUES ('RD-000592', 'Cupé', 'Cupé', 'cupe', NULL, 'Vi', 'Vi', 'Tener cabello', '[pp.: cupéami].', 'SRC-02', '31', '31', 'Transcrito', 'Autorizada para difusión', 'Pendiente de validación lingüística');
INSERT INTO senses VALUES ('RD-000592-S01', 'RD-000592', 1, 'Tener cabello');
INSERT INTO examples VALUES ('RD-000592-E01', 'RD-000592', 1, '[pp.: cupéami].');
INSERT INTO variants VALUES ('RD-000592-V01', 'RD-000592', 1, 'pp.: cupéami');
INSERT INTO lexical_entries VALUES ('RD-000593', 'Cupí', 'Cupí', 'cupi', NULL, 'Vi', 'Vi', 'Cerrar los ojos', 'Cupugá ra’ichabo Riosi yuhua. Cerrando los ojos vamos a orar a Dios. [fut.: cupuméa; pp.: cupíami]. Cupugá. Cerrando los ojos. Cupusí. ¡Cierren los ojos!', 'SRC-02', '31', '31', 'Transcrito', 'Autorizada para difusión', 'Pendiente de validación lingüística');
INSERT INTO senses VALUES ('RD-000593-S01', 'RD-000593', 1, 'Cerrar los ojos');
INSERT INTO examples VALUES ('RD-000593-E01', 'RD-000593', 1, 'Cupugá ra’ichabo Riosi yuhua. Cerrando los ojos vamos a orar a Dios. [fut.: cupuméa; pp.: cupíami]. Cupugá. Cerrando los ojos. Cupusí. ¡Cierren los ojos!');
INSERT INTO variants VALUES ('RD-000593-V01', 'RD-000593', 1, 'fut.: cupuméa; pp.: cupíami');
INSERT INTO lexical_entries VALUES ('RD-000594', 'Cupisi', 'Cupisi', 'cupisi', NULL, 'S', 'S', 'Luciérnaga', '', 'SRC-02', '31', '31', 'Transcrito', 'Autorizada para difusión', 'Pendiente de validación lingüística');
INSERT INTO senses VALUES ('RD-000594-S01', 'RD-000594', 1, 'Luciérnaga');
INSERT INTO lexical_entries VALUES ('RD-000595', 'Cupuchá', 'Cupuchá', 'cupucha', NULL, 'Vi', 'Vi', 'Pestañear', '', 'SRC-02', '31', '31', 'Transcrito', 'Autorizada para difusión', 'Pendiente de validación lingüística');
INSERT INTO senses VALUES ('RD-000595-S01', 'RD-000595', 1, 'Pestañear');
INSERT INTO lexical_entries VALUES ('RD-000596', 'Cu’rí', 'Cu’rí', 'cu''ri', NULL, 'Vi', 'Vi', 'Dar vueltas, revolver', '', 'SRC-02', '31', '31', 'Transcrito', 'Autorizada para difusión', 'Pendiente de validación lingüística');
INSERT INTO senses VALUES ('RD-000596-S01', 'RD-000596', 1, 'Dar vueltas, revolver');
INSERT INTO lexical_entries VALUES ('RD-000597', 'Curi', 'Curi', 'curi', NULL, 'S', 'S', 'Malacate', '', 'SRC-02', '31', '31', 'Transcrito', 'Autorizada para difusión', 'Pendiente de validación lingüística');
INSERT INTO senses VALUES ('RD-000597-S01', 'RD-000597', 1, 'Malacate');
INSERT INTO lexical_entries VALUES ('RD-000598', 'Curícari', 'Curícari', 'curicari', NULL, 'S', 'S', 'Hilo de lana, pedazos de hilo (que sobra al hacer una cobija)', '', 'SRC-02', '32', '32', 'Transcrito', 'Autorizada para difusión', 'Pendiente de validación lingüística');
INSERT INTO senses VALUES ('RD-000598-S01', 'RD-000598', 1, 'Hilo de lana, pedazos de hilo (que sobra al hacer una cobija)');
INSERT INTO lexical_entries VALUES ('RD-000599', 'Curichi', 'Curichi', 'curichi', NULL, 'S', 'S', 'Tío (hermano mayor de la madre)', 'Nijé curíchara. Mi tío.', 'SRC-02', '32', '32', 'Transcrito', 'Autorizada para difusión', 'Pendiente de validación lingüística');
INSERT INTO senses VALUES ('RD-000599-S01', 'RD-000599', 1, 'Tío (hermano mayor de la madre)');
INSERT INTO examples VALUES ('RD-000599-E01', 'RD-000599', 1, 'Nijé curíchara. Mi tío.');
INSERT INTO lexical_entries VALUES ('RD-000600', 'Curipi', 'Curipi', 'curipi', NULL, '', 'Sin clasificar', 'Hace poco', '', 'SRC-02', '32', '32', 'Transcrito', 'Autorizada para difusión', 'Pendiente de validación lingüística');
INSERT INTO senses VALUES ('RD-000600-S01', 'RD-000600', 1, 'Hace poco');
INSERT INTO lexical_entries VALUES ('RD-000601', 'Cursi', 'Cursi', 'cursi', NULL, 'S', 'S', 'Cruz', '', 'SRC-02', '32', '32', 'Transcrito', 'Autorizada para difusión', 'Pendiente de validación lingüística');
INSERT INTO senses VALUES ('RD-000601-S01', 'RD-000601', 1, 'Cruz');
INSERT INTO lexical_entries VALUES ('RD-000602', 'Curú', '1Curú', 'curu', '1', 'S', 'S', 'Palmillo con que hacen canastas', '', 'SRC-02', '32', '32', 'Transcrito', 'Autorizada para difusión', 'Pendiente de validación lingüística');
INSERT INTO senses VALUES ('RD-000602-S01', 'RD-000602', 1, 'Palmillo con que hacen canastas');
INSERT INTO lexical_entries VALUES ('RD-000603', 'Curú', '2Curú', 'curu', '2', 'Vi', 'Vi', 'Espesarse', 'Hue cururi. Se hizo espeso. [fut.: curuméa].', 'SRC-02', '32', '32', 'Transcrito', 'Autorizada para difusión', 'Pendiente de validación lingüística');
INSERT INTO senses VALUES ('RD-000603-S01', 'RD-000603', 1, 'Espesarse');
INSERT INTO examples VALUES ('RD-000603-E01', 'RD-000603', 1, 'Hue cururi. Se hizo espeso. [fut.: curuméa].');
INSERT INTO variants VALUES ('RD-000603-V01', 'RD-000603', 1, 'fut.: curuméa');
INSERT INTO lexical_entries VALUES ('RD-000604', 'Cúruhui', 'Cúruhui', 'curuhui', NULL, 'S pl', 'S', 'Niños, muchachos, chamacos', '[sing.: tohuí].', 'SRC-02', '32', '32', 'Transcrito', 'Autorizada para difusión', 'Pendiente de validación lingüística');
INSERT INTO senses VALUES ('RD-000604-S01', 'RD-000604', 1, 'Niños, muchachos, chamacos');
INSERT INTO examples VALUES ('RD-000604-E01', 'RD-000604', 1, '[sing.: tohuí].');
INSERT INTO variants VALUES ('RD-000604-V01', 'RD-000604', 1, 'sing.: tohuí');
INSERT INTO lexical_entries VALUES ('RD-000605', 'Cu’runi', 'Cu’runi', 'cu''runi', NULL, 'Vi', 'Vi', 'Estar dando vueltas', '', 'SRC-02', '32', '32', 'Transcrito', 'Autorizada para difusión', 'Pendiente de validación lingüística');
INSERT INTO senses VALUES ('RD-000605-S01', 'RD-000605', 1, 'Estar dando vueltas');
INSERT INTO lexical_entries VALUES ('RD-000606', 'Curusú', 'Curusú', 'curusu', NULL, 'Vt', 'Vt', 'Saludar (tocando el brazo del otro)', '', 'SRC-02', '32', '32', 'Transcrito', 'Autorizada para difusión', 'Pendiente de validación lingüística');
INSERT INTO senses VALUES ('RD-000606-S01', 'RD-000606', 1, 'Saludar (tocando el brazo del otro)');
INSERT INTO lexical_entries VALUES ('RD-000607', 'Cusá', 'Cusá', 'cusa', NULL, 'S', 'S', 'Aguililla, gavilán blanco (ave)', '', 'SRC-02', '32', '32', 'Transcrito', 'Autorizada para difusión', 'Pendiente de validación lingüística');
INSERT INTO senses VALUES ('RD-000607-S01', 'RD-000607', 1, 'Aguililla, gavilán blanco (ave)');
INSERT INTO lexical_entries VALUES ('RD-000608', 'Cusabi', 'Cusabi', 'cusabi', NULL, 'S', 'S', 'Capulín', 'Cusabi racará. Fruta del capulín.', 'SRC-02', '32', '32', 'Transcrito', 'Autorizada para difusión', 'Pendiente de validación lingüística');
INSERT INTO senses VALUES ('RD-000608-S01', 'RD-000608', 1, 'Capulín');
INSERT INTO examples VALUES ('RD-000608-E01', 'RD-000608', 1, 'Cusabi racará. Fruta del capulín.');
INSERT INTO lexical_entries VALUES ('RD-000609', 'Cusé', 'Cusé', 'cuse', NULL, 'Vt', 'Vt', 'Tocar la flauta', '[pp.: cuséami].', 'SRC-02', '32', '32', 'Transcrito', 'Autorizada para difusión', 'Pendiente de validación lingüística');
INSERT INTO senses VALUES ('RD-000609-S01', 'RD-000609', 1, 'Tocar la flauta');
INSERT INTO examples VALUES ('RD-000609-E01', 'RD-000609', 1, '[pp.: cuséami].');
INSERT INTO variants VALUES ('RD-000609-V01', 'RD-000609', 1, 'pp.: cuséami');
INSERT INTO lexical_entries VALUES ('RD-000610', 'Cuseba', 'Cuseba', 'cuseba', NULL, 'Vi', 'Vi', 'Ahogarse, colgarse', 'Ma huijaga cusébari. Ya se colgó.', 'SRC-02', '32', '32', 'Transcrito', 'Autorizada para difusión', 'Pendiente de validación lingüística');
INSERT INTO senses VALUES ('RD-000610-S01', 'RD-000610', 1, 'Ahogarse, colgarse');
INSERT INTO examples VALUES ('RD-000610-E01', 'RD-000610', 1, 'Ma huijaga cusébari. Ya se colgó.');
INSERT INTO lexical_entries VALUES ('RD-000611', 'Cusébana', 'Cusébana', 'cusebana', NULL, 'Vt', 'Vt', 'Ahorcar, agarrotar, estrangular', '', 'SRC-02', '32', '32', 'Transcrito', 'Autorizada para difusión', 'Pendiente de validación lingüística');
INSERT INTO senses VALUES ('RD-000611-S01', 'RD-000611', 1, 'Ahorcar, agarrotar, estrangular');
INSERT INTO lexical_entries VALUES ('RD-000612', 'Cusera', '1Cusera', 'cusera', '1', 'Vt', 'Vt', 'Poner mango al hacha', 'Ripurá cuséramani. Voy a poner un mango nuevo al hacha.', 'SRC-02', '32', '32', 'Transcrito', 'Autorizada para difusión', 'Pendiente de validación lingüística');
INSERT INTO senses VALUES ('RD-000612-S01', 'RD-000612', 1, 'Poner mango al hacha');
INSERT INTO examples VALUES ('RD-000612-E01', 'RD-000612', 1, 'Ripurá cuséramani. Voy a poner un mango nuevo al hacha.');
INSERT INTO lexical_entries VALUES ('RD-000613', 'Cusera', '2Cusera', 'cusera', '2', 'S', 'S', 'Flauta', '', 'SRC-02', '32', '32', 'Transcrito', 'Autorizada para difusión', 'Pendiente de validación lingüística');
INSERT INTO senses VALUES ('RD-000613-S01', 'RD-000613', 1, 'Flauta');
INSERT INTO lexical_entries VALUES ('RD-000614', 'Cusí', '1Cusí', 'cusi', '1', 'S', 'S', 'Palo', 'ripurá cusirá. Mango del hacha.', 'SRC-02', '32', '32', 'Transcrito', 'Autorizada para difusión', 'Pendiente de validación lingüística');
INSERT INTO senses VALUES ('RD-000614-S01', 'RD-000614', 1, 'Palo');
INSERT INTO examples VALUES ('RD-000614-E01', 'RD-000614', 1, 'ripurá cusirá. Mango del hacha.');
INSERT INTO lexical_entries VALUES ('RD-000615', 'Cusí', '2Cusí', 'cusi', '2', 'Vt', 'Vt', 'Tostar (los elotes o las mazorcas)', 'Pachí cusímani. Voy a tostar elotes. [pp.: cusítami].', 'SRC-02', '32', '32', 'Transcrito', 'Autorizada para difusión', 'Pendiente de validación lingüística');
INSERT INTO senses VALUES ('RD-000615-S01', 'RD-000615', 1, 'Tostar (los elotes o las mazorcas)');
INSERT INTO examples VALUES ('RD-000615-E01', 'RD-000615', 1, 'Pachí cusímani. Voy a tostar elotes. [pp.: cusítami].');
INSERT INTO variants VALUES ('RD-000615-V01', 'RD-000615', 1, 'pp.: cusítami');
INSERT INTO lexical_entries VALUES ('RD-000616', 'Cusibera', 'Cusibera', 'cusibera', NULL, 'S', 'S', 'Banca', '', 'SRC-02', '32', '32', 'Transcrito', 'Autorizada para difusión', 'Pendiente de validación lingüística');
INSERT INTO senses VALUES ('RD-000616-S01', 'RD-000616', 1, 'Banca');
INSERT INTO lexical_entries VALUES ('RD-000617', 'Cusihua', 'Cusihua', 'cusihua', NULL, 'Vi', 'Vi', 'Tener un cetro de autoridad, tener cargo. Véase igúsuhua', 'Cusíhuami. S El que tiene un cetro de autoridad, jefe.', 'SRC-02', '32', '32', 'Transcrito', 'Autorizada para difusión', 'Pendiente de validación lingüística');
INSERT INTO senses VALUES ('RD-000617-S01', 'RD-000617', 1, 'Tener un cetro de autoridad, tener cargo. Véase igúsuhua');
INSERT INTO examples VALUES ('RD-000617-E01', 'RD-000617', 1, 'Cusíhuami. S El que tiene un cetro de autoridad, jefe.');
INSERT INTO lexical_entries VALUES ('RD-000618', 'Custícia orá', 'Custícia orá', 'custicia ora', NULL, '', 'Sin clasificar', 'Hacer justicia', '', 'SRC-02', '32', '32', 'Transcrito', 'Autorizada para difusión', 'Pendiente de validación lingüística');
INSERT INTO senses VALUES ('RD-000618-S01', 'RD-000618', 1, 'Hacer justicia');
INSERT INTO lexical_entries VALUES ('RD-000619', 'Cusú', 'Cusú', 'cusu', NULL, 'Vi', 'Vi', 'Gritar, relinchar o bramar (animal), cantar (gallo)', '[fut.: cusuméa]. Cusúhuachi. Adv Cuando cantan o gritan (animales).', 'SRC-02', '32', '32', 'Transcrito', 'Autorizada para difusión', 'Pendiente de validación lingüística');
INSERT INTO senses VALUES ('RD-000619-S01', 'RD-000619', 1, 'Gritar, relinchar o bramar (animal), cantar (gallo)');
INSERT INTO examples VALUES ('RD-000619-E01', 'RD-000619', 1, '[fut.: cusuméa]. Cusúhuachi. Adv Cuando cantan o gritan (animales).');
INSERT INTO variants VALUES ('RD-000619-V01', 'RD-000619', 1, 'fut.: cusuméa');
INSERT INTO lexical_entries VALUES ('RD-000620', 'Cusuchí', 'Cusuchí', 'cusuchi', NULL, 'S', 'S', 'Nalga', '', 'SRC-02', '32', '32', 'Transcrito', 'Autorizada para difusión', 'Pendiente de validación lingüística');
INSERT INTO senses VALUES ('RD-000620-S01', 'RD-000620', 1, 'Nalga');
INSERT INTO lexical_entries VALUES ('RD-000621', 'Cutá', 'Cutá', 'cuta', NULL, 'S', 'S', 'Cuello, garganta', 'Cutachí. En el cuello. Nijé cutara. Mi cuello. Nijé cutárachi. En mi cuello.', 'SRC-02', '32', '32', 'Transcrito', 'Autorizada para difusión', 'Pendiente de validación lingüística');
INSERT INTO senses VALUES ('RD-000621-S01', 'RD-000621', 1, 'Cuello, garganta');
INSERT INTO examples VALUES ('RD-000621-E01', 'RD-000621', 1, 'Cutachí. En el cuello. Nijé cutara. Mi cuello. Nijé cutárachi. En mi cuello.');
INSERT INTO lexical_entries VALUES ('RD-000622', 'Cutámachi', 'Cutámachi', 'cutamachi', NULL, 'S', 'S', 'Nuca.', '', 'SRC-02', '32', '32', 'Transcrito', 'Autorizada para difusión', 'Pendiente de validación lingüística');
INSERT INTO senses VALUES ('RD-000622-S01', 'RD-000622', 1, 'Nuca.');
INSERT INTO lexical_entries VALUES ('RD-000623', 'Cutega', 'Cutega', 'cutega', NULL, '', 'Sin clasificar', '1. vt Poner vigas (a la casa) 2. s Solera, viga, trozo', '', 'SRC-02', '32', '32', 'Transcrito', 'Autorizada para difusión', 'Pendiente de validación lingüística');
INSERT INTO senses VALUES ('RD-000623-S01', 'RD-000623', 1, 'vt Poner vigas (a la casa)');
INSERT INTO senses VALUES ('RD-000623-S02', 'RD-000623', 2, 's Solera, viga, trozo');
INSERT INTO lexical_entries VALUES ('RD-000624', 'Cutémari', 'Cutémari', 'cutemari', NULL, 'S', 'S', 'Cepa de un árbol', '', 'SRC-02', '32', '32', 'Transcrito', 'Autorizada para difusión', 'Pendiente de validación lingüística');
INSERT INTO senses VALUES ('RD-000624-S01', 'RD-000624', 1, 'Cepa de un árbol');
INSERT INTO lexical_entries VALUES ('RD-000625', 'Cúuchara', 'Cúuchara', 'cuuchara', NULL, 'Adj', 'Adj', 'Menor (puesto)', '', 'SRC-02', '32', '32', 'Transcrito', 'Autorizada para difusión', 'Pendiente de validación lingüística');
INSERT INTO senses VALUES ('RD-000625-S01', 'RD-000625', 1, 'Menor (puesto)');
INSERT INTO lexical_entries VALUES ('RD-000626', 'Cúuchi', 'Cúuchi', 'cuuchi', NULL, 'S pl', 'S', 'Chicos, infantes', '[sing.: táa].', 'SRC-02', '32', '32', 'Transcrito', 'Autorizada para difusión', 'Pendiente de validación lingüística');
INSERT INTO senses VALUES ('RD-000626-S01', 'RD-000626', 1, 'Chicos, infantes');
INSERT INTO examples VALUES ('RD-000626-E01', 'RD-000626', 1, '[sing.: táa].');
INSERT INTO variants VALUES ('RD-000626-V01', 'RD-000626', 1, 'sing.: táa');
INSERT INTO lexical_entries VALUES ('RD-000627', 'Chá', '1Chá', 'cha', '1', 'Adj', 'Adj', 'Feo', '', 'SRC-02', '32', '32', 'Transcrito', 'Autorizada para difusión', 'Pendiente de validación lingüística');
INSERT INTO senses VALUES ('RD-000627-S01', 'RD-000627', 1, 'Feo');
INSERT INTO lexical_entries VALUES ('RD-000628', 'Chá, cháa', '2Chá, cháa', 'cha, chaa', '2', 'Vi', 'Vi', 'Tener granos o llagas', 'Ne huabe chati cháa. Tiene muchos granos feos.', 'SRC-02', '32', '32', 'Transcrito', 'Autorizada para difusión', 'Pendiente de validación lingüística');
INSERT INTO senses VALUES ('RD-000628-S01', 'RD-000628', 1, 'Tener granos o llagas');
INSERT INTO examples VALUES ('RD-000628-E01', 'RD-000628', 1, 'Ne huabe chati cháa. Tiene muchos granos feos.');
INSERT INTO variants VALUES ('RD-000628-V01', 'RD-000628', 1, 'cháa');
INSERT INTO lexical_entries VALUES ('RD-000629', 'Chabé', 'Chabé', 'chabe', NULL, 'Adv', 'Adv', 'Antes, hace poco, el otro día', 'Chabéhuami. De antes. Chabébara. Antes (en relación con otro acontecimiento). Chabé choquichí. Al principio.', 'SRC-02', '32', '32', 'Transcrito', 'Autorizada para difusión', 'Pendiente de validación lingüística');
INSERT INTO senses VALUES ('RD-000629-S01', 'RD-000629', 1, 'Antes, hace poco, el otro día');
INSERT INTO examples VALUES ('RD-000629-E01', 'RD-000629', 1, 'Chabéhuami. De antes. Chabébara. Antes (en relación con otro acontecimiento). Chabé choquichí. Al principio.');
INSERT INTO lexical_entries VALUES ('RD-000630', 'Chabecha', 'Chabecha', 'chabecha', NULL, 'Vi', 'Vi', 'Astillarse', 'Basi chabéchari maparí huichiri. La taza de peltre se astilló al caer.', 'SRC-02', '32', '32', 'Transcrito', 'Autorizada para difusión', 'Pendiente de validación lingüística');
INSERT INTO senses VALUES ('RD-000630-S01', 'RD-000630', 1, 'Astillarse');
INSERT INTO examples VALUES ('RD-000630-E01', 'RD-000630', 1, 'Basi chabéchari maparí huichiri. La taza de peltre se astilló al caer.');
INSERT INTO lexical_entries VALUES ('RD-000631', 'Chabóa', 'Chabóa', 'chaboa', NULL, 'S', 'S', 'Barba, bigote', 'Nijé chabóara. Mi barba.', 'SRC-02', '33', '33', 'Transcrito', 'Autorizada para difusión', 'Pendiente de validación lingüística');
INSERT INTO senses VALUES ('RD-000631-S01', 'RD-000631', 1, 'Barba, bigote');
INSERT INTO examples VALUES ('RD-000631-E01', 'RD-000631', 1, 'Nijé chabóara. Mi barba.');
INSERT INTO lexical_entries VALUES ('RD-000632', 'Chabochi', '1Chabochi', 'chabochi', '1', 'S', 'S', 'Mestizo', 'Chabochi ra’íchari. Castellano.', 'SRC-02', '33', '33', 'Transcrito', 'Autorizada para difusión', 'Pendiente de validación lingüística');
INSERT INTO senses VALUES ('RD-000632-S01', 'RD-000632', 1, 'Mestizo');
INSERT INTO examples VALUES ('RD-000632-E01', 'RD-000632', 1, 'Chabochi ra’íchari. Castellano.');
INSERT INTO lexical_entries VALUES ('RD-000633', 'Chabochi', '2Chabochi', 'chabochi', '2', 'S', 'S', 'Tipo de araña (amarilla)', '', 'SRC-02', '33', '33', 'Transcrito', 'Autorizada para difusión', 'Pendiente de validación lingüística');
INSERT INTO senses VALUES ('RD-000633-S01', 'RD-000633', 1, 'Tipo de araña (amarilla)');
INSERT INTO lexical_entries VALUES ('RD-000634', 'Chabopa', 'Chabopa', 'chabopa', NULL, 'Vi', 'Vi', 'Arrancarse las barbas', '', 'SRC-02', '33', '33', 'Transcrito', 'Autorizada para difusión', 'Pendiente de validación lingüística');
INSERT INTO senses VALUES ('RD-000634-S01', 'RD-000634', 1, 'Arrancarse las barbas');
INSERT INTO lexical_entries VALUES ('RD-000635', 'Chacá', 'Chacá', 'chaca', NULL, 'S', 'S', 'Chanate (ave; zanate)', '', 'SRC-02', '33', '33', 'Transcrito', 'Autorizada para difusión', 'Pendiente de validación lingüística');
INSERT INTO senses VALUES ('RD-000635-S01', 'RD-000635', 1, 'Chanate (ave; zanate)');
INSERT INTO lexical_entries VALUES ('RD-000636', 'Chacachi', 'Chacachi', 'chacachi', NULL, 'S', 'S', 'Lomo angosto y corto', '', 'SRC-02', '33', '33', 'Transcrito', 'Autorizada para difusión', 'Pendiente de validación lingüística');
INSERT INTO senses VALUES ('RD-000636-S01', 'RD-000636', 1, 'Lomo angosto y corto');
INSERT INTO lexical_entries VALUES ('RD-000637', 'Chacárami', 'Chacárami', 'chacarami', NULL, 'S', 'S', 'Que tiene ángulo', '', 'SRC-02', '33', '33', 'Transcrito', 'Autorizada para difusión', 'Pendiente de validación lingüística');
INSERT INTO senses VALUES ('RD-000637-S01', 'RD-000637', 1, 'Que tiene ángulo');
INSERT INTO lexical_entries VALUES ('RD-000638', 'Chatátami', 'Chatátami', 'chatatami', NULL, 'Pp', 'Pp', 'Muy angosto (bordo)', 'Ripata rabó hue chacátami ju. Arriba en la orilla de la mesa hay un bordo angostito.', 'SRC-02', '33', '33', 'Transcrito', 'Autorizada para difusión', 'Pendiente de validación lingüística');
INSERT INTO senses VALUES ('RD-000638-S01', 'RD-000638', 1, 'Muy angosto (bordo)');
INSERT INTO examples VALUES ('RD-000638-E01', 'RD-000638', 1, 'Ripata rabó hue chacátami ju. Arriba en la orilla de la mesa hay un bordo angostito.');
INSERT INTO lexical_entries VALUES ('RD-000639', 'Chachámuri', 'Chachámuri', 'chachamuri', NULL, 'S', 'S', 'Tipo de culebra de cascabel chico', '', 'SRC-02', '33', '33', 'Transcrito', 'Autorizada para difusión', 'Pendiente de validación lingüística');
INSERT INTO senses VALUES ('RD-000639-S01', 'RD-000639', 1, 'Tipo de culebra de cascabel chico');
INSERT INTO lexical_entries VALUES ('RD-000640', 'Chaché', 'Chaché', 'chache', NULL, 'Vi', 'Vi', 'Tocarse (una cosa con otra)', '', 'SRC-02', '33', '33', 'Transcrito', 'Autorizada para difusión', 'Pendiente de validación lingüística');
INSERT INTO senses VALUES ('RD-000640-S01', 'RD-000640', 1, 'Tocarse (una cosa con otra)');
INSERT INTO lexical_entries VALUES ('RD-000641', 'Chaguta', 'Chaguta', 'chaguta', NULL, 'Vi', 'Vi', 'Secarse (hoja)', '', 'SRC-02', '33', '33', 'Transcrito', 'Autorizada para difusión', 'Pendiente de validación lingüística');
INSERT INTO senses VALUES ('RD-000641-S01', 'RD-000641', 1, 'Secarse (hoja)');
INSERT INTO lexical_entries VALUES ('RD-000642', 'Chahué', 'Chahué', 'chahue', NULL, 'Vt', 'Vt', 'Envenenar', 'Biré rijoy chahuéiga mi’yari biré cochí. Un hombre mató un perro envenenándolo. [fut.: chahuéama].', 'SRC-02', '33', '33', 'Transcrito', 'Autorizada para difusión', 'Pendiente de validación lingüística');
INSERT INTO senses VALUES ('RD-000642-S01', 'RD-000642', 1, 'Envenenar');
INSERT INTO examples VALUES ('RD-000642-E01', 'RD-000642', 1, 'Biré rijoy chahuéiga mi’yari biré cochí. Un hombre mató un perro envenenándolo. [fut.: chahuéama].');
INSERT INTO variants VALUES ('RD-000642-V01', 'RD-000642', 1, 'fut.: chahuéama');
INSERT INTO lexical_entries VALUES ('RD-000643', 'Cha´í', 'Cha´í', 'cha´i', NULL, 'Vi', 'Vi', 'Apretarse, atorarse', '', 'SRC-02', '33', '33', 'Transcrito', 'Autorizada para difusión', 'Pendiente de validación lingüística');
INSERT INTO senses VALUES ('RD-000643-S01', 'RD-000643', 1, 'Apretarse, atorarse');
INSERT INTO lexical_entries VALUES ('RD-000644', 'Cha’ira', 'Cha’ira', 'cha''ira', NULL, 'Vt', 'Vt', 'Apretar', '', 'SRC-02', '33', '33', 'Transcrito', 'Autorizada para difusión', 'Pendiente de validación lingüística');
INSERT INTO senses VALUES ('RD-000644-S01', 'RD-000644', 1, 'Apretar');
INSERT INTO lexical_entries VALUES ('RD-000645', 'Chajoca', 'Chajoca', 'chajoca', NULL, 'Vt', 'Vt', 'Raspar', 'Echi ocó cajera hue chajócami ju. La cáscara del pino es muy áspera. [pret.: chihuarir; pp.: chajócami].', 'SRC-02', '33', '33', 'Transcrito', 'Autorizada para difusión', 'Pendiente de validación lingüística');
INSERT INTO senses VALUES ('RD-000645-S01', 'RD-000645', 1, 'Raspar');
INSERT INTO examples VALUES ('RD-000645-E01', 'RD-000645', 1, 'Echi ocó cajera hue chajócami ju. La cáscara del pino es muy áspera. [pret.: chihuarir; pp.: chajócami].');
INSERT INTO variants VALUES ('RD-000645-V01', 'RD-000645', 1, 'pret.: chihuarir; pp.: chajócami');
INSERT INTO lexical_entries VALUES ('RD-000646', 'Chamarí', 'Chamarí', 'chamari', NULL, 'S', 'S', 'Venado', '', 'SRC-02', '33', '33', 'Transcrito', 'Autorizada para difusión', 'Pendiente de validación lingüística');
INSERT INTO senses VALUES ('RD-000646-S01', 'RD-000646', 1, 'Venado');
INSERT INTO lexical_entries VALUES ('RD-000647', 'Cha’mérohua', 'Cha’mérohua', 'cha''merohua', NULL, 'S', 'S', 'Lengua', 'Nijé cha’mérahuara. Mi lengua.', 'SRC-02', '33', '33', 'Transcrito', 'Autorizada para difusión', 'Pendiente de validación lingüística');
INSERT INTO senses VALUES ('RD-000647-S01', 'RD-000647', 1, 'Lengua');
INSERT INTO examples VALUES ('RD-000647-E01', 'RD-000647', 1, 'Nijé cha’mérahuara. Mi lengua.');
INSERT INTO lexical_entries VALUES ('RD-000648', 'Cha’mí', 'Cha’mí', 'cha''mi', NULL, 'Vt', 'Vt', 'Lamer', '[fut.: cha’miméa].', 'SRC-02', '33', '33', 'Transcrito', 'Autorizada para difusión', 'Pendiente de validación lingüística');
INSERT INTO senses VALUES ('RD-000648-S01', 'RD-000648', 1, 'Lamer');
INSERT INTO examples VALUES ('RD-000648-E01', 'RD-000648', 1, '[fut.: cha’miméa].');
INSERT INTO variants VALUES ('RD-000648-V01', 'RD-000648', 1, 'fut.: cha’miméa');
INSERT INTO lexical_entries VALUES ('RD-000649', 'Chami níriqui iquiri', 'Chami níriqui iquiri', 'chami niriqui iquiri', NULL, '', 'Sin clasificar', 'Lo sorprendió', '', 'SRC-02', '33', '33', 'Transcrito', 'Autorizada para difusión', 'Pendiente de validación lingüística');
INSERT INTO senses VALUES ('RD-000649-S01', 'RD-000649', 1, 'Lo sorprendió');
INSERT INTO lexical_entries VALUES ('RD-000650', 'Chamurá', 'Chamurá', 'chamura', NULL, 'S', 'S', 'Cascabel', 'Sinohui chamurara. Cascabel de víbora.', 'SRC-02', '33', '33', 'Transcrito', 'Autorizada para difusión', 'Pendiente de validación lingüística');
INSERT INTO senses VALUES ('RD-000650-S01', 'RD-000650', 1, 'Cascabel');
INSERT INTO examples VALUES ('RD-000650-E01', 'RD-000650', 1, 'Sinohui chamurara. Cascabel de víbora.');
INSERT INTO lexical_entries VALUES ('RD-000651', 'Chamuré', 'Chamuré', 'chamure', NULL, 'Vi', 'Vi', 'Tener cascabel', 'Echo sinohui quesasi chamuré. Esa víbora no tiene cascabel.', 'SRC-02', '33', '33', 'Transcrito', 'Autorizada para difusión', 'Pendiente de validación lingüística');
INSERT INTO senses VALUES ('RD-000651-S01', 'RD-000651', 1, 'Tener cascabel');
INSERT INTO examples VALUES ('RD-000651-E01', 'RD-000651', 1, 'Echo sinohui quesasi chamuré. Esa víbora no tiene cascabel.');
INSERT INTO lexical_entries VALUES ('RD-000652', 'Chana', 'Chana', 'chana', NULL, 'Vi', 'Vi', 'Enfermarse (salir granos)', 'Huaminabi chánama. Se enfermará más; le saldrán granos.', 'SRC-02', '33', '33', 'Transcrito', 'Autorizada para difusión', 'Pendiente de validación lingüística');
INSERT INTO senses VALUES ('RD-000652-S01', 'RD-000652', 1, 'Enfermarse (salir granos)');
INSERT INTO examples VALUES ('RD-000652-E01', 'RD-000652', 1, 'Huaminabi chánama. Se enfermará más; le saldrán granos.');
INSERT INTO lexical_entries VALUES ('RD-000653', 'Chané', 'Chané', 'chane', NULL, 'Vi', 'Vi', '1. Sonar mal 2. Resonar 3. Tocar a la puerta', '', 'SRC-02', '33', '33', 'Transcrito', 'Autorizada para difusión', 'Pendiente de validación lingüística');
INSERT INTO senses VALUES ('RD-000653-S01', 'RD-000653', 1, 'Sonar mal');
INSERT INTO senses VALUES ('RD-000653-S02', 'RD-000653', 2, 'Resonar');
INSERT INTO senses VALUES ('RD-000653-S03', 'RD-000653', 3, 'Tocar a la puerta');
INSERT INTO lexical_entries VALUES ('RD-000654', 'Chanébari', 'Chanébari', 'chanebari', NULL, 'S', 'S', 'Sonaja (bailarín), cascabel de pascolero', '', 'SRC-02', '33', '33', 'Transcrito', 'Autorizada para difusión', 'Pendiente de validación lingüística');
INSERT INTO senses VALUES ('RD-000654-S01', 'RD-000654', 1, 'Sonaja (bailarín), cascabel de pascolero');
INSERT INTO lexical_entries VALUES ('RD-000655', 'Chanécuri', 'Chanécuri', 'chanecuri', NULL, 'S', 'S', 'Sonaja de pascolero', '', 'SRC-02', '33', '33', 'Transcrito', 'Autorizada para difusión', 'Pendiente de validación lingüística');
INSERT INTO senses VALUES ('RD-000655-S01', 'RD-000655', 1, 'Sonaja de pascolero');
INSERT INTO lexical_entries VALUES ('RD-000656', 'Chapí', 'Chapí', 'chapi', NULL, '', 'Sin clasificar', '1. vt Coger, agarrar (una persona 2. Tomar (coger) 3. Elegir 4. imper ¡Escójalo! [fut.: chapiméa]', '', 'SRC-02', '33', '33', 'Transcrito', 'Autorizada para difusión', 'Pendiente de validación lingüística');
INSERT INTO senses VALUES ('RD-000656-S01', 'RD-000656', 1, 'vt Coger, agarrar (una persona');
INSERT INTO senses VALUES ('RD-000656-S02', 'RD-000656', 2, 'Tomar (coger)');
INSERT INTO senses VALUES ('RD-000656-S03', 'RD-000656', 3, 'Elegir');
INSERT INTO senses VALUES ('RD-000656-S04', 'RD-000656', 4, 'imper ¡Escójalo! [fut.: chapiméa]');
INSERT INTO lexical_entries VALUES ('RD-000657', 'Chapináari', 'Chapináari', 'chapinaari', NULL, 'Vt pret', 'Vt', 'Querer agarrar', '', 'SRC-02', '33', '33', 'Transcrito', 'Autorizada para difusión', 'Pendiente de validación lingüística');
INSERT INTO senses VALUES ('RD-000657-S01', 'RD-000657', 1, 'Querer agarrar');
INSERT INTO lexical_entries VALUES ('RD-000658', 'Chapiyó', 'Chapiyó', 'chapiyo', NULL, 'S', 'S', 'Los ancianos (que se paran a un lado gritando cuando bailan los matachines)', '', 'SRC-02', '33', '33', 'Transcrito', 'Autorizada para difusión', 'Pendiente de validación lingüística');
INSERT INTO senses VALUES ('RD-000658-S01', 'RD-000658', 1, 'Los ancianos (que se paran a un lado gritando cuando bailan los matachines)');
INSERT INTO lexical_entries VALUES ('RD-000659', 'Chaquena', 'Chaquena', 'chaquena', NULL, 'Adv', 'Adv', 'A un lado (del camino)', 'Chaquena simiri. Andaba a un lado, sin seguir en el camino.', 'SRC-02', '34', '34', 'Transcrito', 'Autorizada para difusión', 'Pendiente de validación lingüística');
INSERT INTO senses VALUES ('RD-000659-S01', 'RD-000659', 1, 'A un lado (del camino)');
INSERT INTO examples VALUES ('RD-000659-E01', 'RD-000659', 1, 'Chaquena simiri. Andaba a un lado, sin seguir en el camino.');
INSERT INTO lexical_entries VALUES ('RD-000660', 'Charé', 'Charé', 'chare', NULL, 'Vi', 'Vi', 'Estar feo (un lugar)', 'Hue charé, que gará burú. Está feo (pedregoso) el terreno, no hay buen camino. Charícáachi. Avd En lugar feo.', 'SRC-02', '34', '34', 'Transcrito', 'Autorizada para difusión', 'Pendiente de validación lingüística');
INSERT INTO senses VALUES ('RD-000660-S01', 'RD-000660', 1, 'Estar feo (un lugar)');
INSERT INTO examples VALUES ('RD-000660-E01', 'RD-000660', 1, 'Hue charé, que gará burú. Está feo (pedregoso) el terreno, no hay buen camino. Charícáachi. Avd En lugar feo.');
INSERT INTO lexical_entries VALUES ('RD-000661', 'Charihuá', 'Charihuá', 'charihua', NULL, 'S', 'S', 'Ramitas', '', 'SRC-02', '34', '34', 'Transcrito', 'Autorizada para difusión', 'Pendiente de validación lingüística');
INSERT INTO senses VALUES ('RD-000661-S01', 'RD-000661', 1, 'Ramitas');
INSERT INTO lexical_entries VALUES ('RD-000662', 'Charihué', 'Charihué', 'charihue', NULL, 'Vi', 'Vi', 'Tener ramitas', '[pret.: charihuéeri; fut.:charihuérama] Rojuá charihuara. S Ramitas del encino.', 'SRC-02', '34', '34', 'Transcrito', 'Autorizada para difusión', 'Pendiente de validación lingüística');
INSERT INTO senses VALUES ('RD-000662-S01', 'RD-000662', 1, 'Tener ramitas');
INSERT INTO examples VALUES ('RD-000662-E01', 'RD-000662', 1, '[pret.: charihuéeri; fut.:charihuérama] Rojuá charihuara. S Ramitas del encino.');
INSERT INTO variants VALUES ('RD-000662-V01', 'RD-000662', 1, 'pret.: charihuéeri; fut.:charihuérama');
INSERT INTO lexical_entries VALUES ('RD-000663', 'Charóara', 'Charóara', 'charoara', NULL, 'S', 'S', 'Quijada', '', 'SRC-02', '34', '34', 'Transcrito', 'Autorizada para difusión', 'Pendiente de validación lingüística');
INSERT INTO senses VALUES ('RD-000663-S01', 'RD-000663', 1, 'Quijada');
INSERT INTO lexical_entries VALUES ('RD-000664', 'Charóarahua', 'Charóarahua', 'charoarahua', NULL, 'S', 'S', 'Barba', '', 'SRC-02', '34', '34', 'Transcrito', 'Autorizada para difusión', 'Pendiente de validación lingüística');
INSERT INTO senses VALUES ('RD-000664-S01', 'RD-000664', 1, 'Barba');
INSERT INTO lexical_entries VALUES ('RD-000665', 'Chati', 'Chati', 'chati', NULL, 'Adv', 'Adv', 'Feo, mal', 'Chati orá. Pecar, hacer mal. Chati oráami. Malhechor, pecador. Chati orarira. Maldad, pecado. Chati oruhuáhuami. Pecado.', 'SRC-02', '34', '34', 'Transcrito', 'Autorizada para difusión', 'Pendiente de validación lingüística');
INSERT INTO senses VALUES ('RD-000665-S01', 'RD-000665', 1, 'Feo, mal');
INSERT INTO examples VALUES ('RD-000665-E01', 'RD-000665', 1, 'Chati orá. Pecar, hacer mal. Chati oráami. Malhechor, pecador. Chati orarira. Maldad, pecado. Chati oruhuáhuami. Pecado.');
INSERT INTO lexical_entries VALUES ('RD-000666', 'Che', 'Che', 'che', NULL, 'Vi', 'Vi', 'Pegarse, permanecer fijo', 'Ri’ré che. Se pega abajo.', 'SRC-02', '34', '34', 'Transcrito', 'Autorizada para difusión', 'Pendiente de validación lingüística');
INSERT INTO senses VALUES ('RD-000666-S01', 'RD-000666', 1, 'Pegarse, permanecer fijo');
INSERT INTO examples VALUES ('RD-000666-E01', 'RD-000666', 1, 'Ri’ré che. Se pega abajo.');
INSERT INTO lexical_entries VALUES ('RD-000667', 'Chehui', 'Chehui', 'chehui', NULL, 'Vt', 'Vt', 'Atajar, atrancar', '¡Rité ch’eega maná! ¡atájalo con una piedra abajo! [pret.: chehuari; fut.: chehuama].', 'SRC-02', '34', '34', 'Transcrito', 'Autorizada para difusión', 'Pendiente de validación lingüística');
INSERT INTO senses VALUES ('RD-000667-S01', 'RD-000667', 1, 'Atajar, atrancar');
INSERT INTO examples VALUES ('RD-000667-E01', 'RD-000667', 1, '¡Rité ch’eega maná! ¡atájalo con una piedra abajo! [pret.: chehuari; fut.: chehuama].');
INSERT INTO variants VALUES ('RD-000667-V01', 'RD-000667', 1, 'pret.: chehuari; fut.: chehuama');
INSERT INTO lexical_entries VALUES ('RD-000668', 'Chérami', 'Chérami', 'cherami', NULL, 'Adj', 'Adj', 'Vieja (cosa)', '', 'SRC-02', '34', '34', 'Transcrito', 'Autorizada para difusión', 'Pendiente de validación lingüística');
INSERT INTO senses VALUES ('RD-000668-S01', 'RD-000668', 1, 'Vieja (cosa)');
INSERT INTO lexical_entries VALUES ('RD-000669', 'Chí', 'Chí', 'chi', NULL, 'Pron', 'Pron', 'Me', '', 'SRC-02', '34', '34', 'Transcrito', 'Autorizada para difusión', 'Pendiente de validación lingüística');
INSERT INTO senses VALUES ('RD-000669-S01', 'RD-000669', 1, 'Me');
INSERT INTO lexical_entries VALUES ('RD-000670', 'Chibá', 'Chibá', 'chiba', NULL, 'S esp', 'S', 'Chiva', 'Chibá huichira. Cuerno de chiva. Chibá hui’íra. Cebo de chiva. Chibá huitara. Estiércol de chiva.', 'SRC-02', '34', '34', 'Transcrito', 'Autorizada para difusión', 'Pendiente de validación lingüística');
INSERT INTO senses VALUES ('RD-000670-S01', 'RD-000670', 1, 'Chiva');
INSERT INTO examples VALUES ('RD-000670-E01', 'RD-000670', 1, 'Chibá huichira. Cuerno de chiva. Chibá hui’íra. Cebo de chiva. Chibá huitara. Estiércol de chiva.');
INSERT INTO lexical_entries VALUES ('RD-000671', 'Chibi', 'Chibi', 'chibi', NULL, 'Adv', 'Adv', 'Mal', '¡Quetasi chibi orá! ¡no lo maltrates!', 'SRC-02', '34', '34', 'Transcrito', 'Autorizada para difusión', 'Pendiente de validación lingüística');
INSERT INTO senses VALUES ('RD-000671-S01', 'RD-000671', 1, 'Mal');
INSERT INTO examples VALUES ('RD-000671-E01', 'RD-000671', 1, '¡Quetasi chibi orá! ¡no lo maltrates!');
INSERT INTO lexical_entries VALUES ('RD-000672', 'Chibisíami', 'Chibisíami', 'chibisiami', NULL, 'Adj', 'Adj', 'Malo', 'Que chibisíami. Manso.', 'SRC-02', '34', '34', 'Transcrito', 'Autorizada para difusión', 'Pendiente de validación lingüística');
INSERT INTO senses VALUES ('RD-000672-S01', 'RD-000672', 1, 'Malo');
INSERT INTO examples VALUES ('RD-000672-E01', 'RD-000672', 1, 'Que chibisíami. Manso.');
INSERT INTO lexical_entries VALUES ('RD-000673', 'Chicá', 'Chicá', 'chica', NULL, 'S', 'S', 'Ardilla mediana (de la tierra)', '', 'SRC-02', '34', '34', 'Transcrito', 'Autorizada para difusión', 'Pendiente de validación lingüística');
INSERT INTO senses VALUES ('RD-000673-S01', 'RD-000673', 1, 'Ardilla mediana (de la tierra)');
INSERT INTO lexical_entries VALUES ('RD-000674', 'Chicónami', 'Chicónami', 'chiconami', NULL, 'Adj', 'Adj', 'Chueco', 'Biré cusí chicónami. Palo chueco.', 'SRC-02', '34', '34', 'Transcrito', 'Autorizada para difusión', 'Pendiente de validación lingüística');
INSERT INTO senses VALUES ('RD-000674-S01', 'RD-000674', 1, 'Chueco');
INSERT INTO examples VALUES ('RD-000674-E01', 'RD-000674', 1, 'Biré cusí chicónami. Palo chueco.');
INSERT INTO lexical_entries VALUES ('RD-000675', 'Chicora', 'Chicora', 'chicora', NULL, 'Vi', 'Vi', 'Tener comezón', '[pret.: chicóori; fut.: chicórama; pp.: chicórahuami].', 'SRC-02', '34', '34', 'Transcrito', 'Autorizada para difusión', 'Pendiente de validación lingüística');
INSERT INTO senses VALUES ('RD-000675-S01', 'RD-000675', 1, 'Tener comezón');
INSERT INTO examples VALUES ('RD-000675-E01', 'RD-000675', 1, '[pret.: chicóori; fut.: chicórama; pp.: chicórahuami].');
INSERT INTO variants VALUES ('RD-000675-V01', 'RD-000675', 1, 'pret.: chicóori; fut.: chicórama; pp.: chicórahuami');
INSERT INTO lexical_entries VALUES ('RD-000676', 'Chicuri', 'Chicuri', 'chicuri', NULL, 'S', 'S', 'Ratón', '', 'SRC-02', '34', '34', 'Transcrito', 'Autorizada para difusión', 'Pendiente de validación lingüística');
INSERT INTO senses VALUES ('RD-000676-S01', 'RD-000676', 1, 'Ratón');
INSERT INTO lexical_entries VALUES ('RD-000677', 'Chichimó', 'Chichimó', 'chichimo', NULL, 'S', 'S', 'Ardillita de la tierra (vive entre las piedras)', '', 'SRC-02', '34', '34', 'Transcrito', 'Autorizada para difusión', 'Pendiente de validación lingüística');
INSERT INTO senses VALUES ('RD-000677-S01', 'RD-000677', 1, 'Ardillita de la tierra (vive entre las piedras)');
INSERT INTO lexical_entries VALUES ('RD-000678', 'Chi’é', 'Chi’é', 'chi''e', NULL, 'S', 'S', 'Cuñado, cuñada (casada con el hermano mayor o la hermana mayor; con la prima hermana. Mujer casada con primo hermano mayor).', '', 'SRC-02', '34', '34', 'Transcrito', 'Autorizada para difusión', 'Pendiente de validación lingüística');
INSERT INTO senses VALUES ('RD-000678-S01', 'RD-000678', 1, 'Cuñado, cuñada (casada con el hermano mayor o la hermana mayor; con la prima hermana. Mujer casada con primo hermano mayor).');
INSERT INTO lexical_entries VALUES ('RD-000679', '¿Chigá?', '¿Chigá?', '¿chiga?', NULL, 'Interr', 'Interr', '¿Quién?', '', 'SRC-02', '34', '34', 'Transcrito', 'Autorizada para difusión', 'Pendiente de validación lingüística');
INSERT INTO senses VALUES ('RD-000679-S01', 'RD-000679', 1, '¿Quién?');
INSERT INTO lexical_entries VALUES ('RD-000680', 'Chigó', 'Chigó', 'chigo', NULL, 'Vt', 'Vt', 'Robar', '[pret.: chigori]. Chigórati. Fue robado. Chigóratami. Robado. Chiguá. Robando.', 'SRC-02', '34', '34', 'Transcrito', 'Autorizada para difusión', 'Pendiente de validación lingüística');
INSERT INTO senses VALUES ('RD-000680-S01', 'RD-000680', 1, 'Robar');
INSERT INTO examples VALUES ('RD-000680-E01', 'RD-000680', 1, '[pret.: chigori]. Chigórati. Fue robado. Chigóratami. Robado. Chiguá. Robando.');
INSERT INTO variants VALUES ('RD-000680-V01', 'RD-000680', 1, 'pret.: chigori');
INSERT INTO lexical_entries VALUES ('RD-000681', 'Chigórami', 'Chigórami', 'chigorami', NULL, 'Adj, s', 'Adj', 'Ladrón', '', 'SRC-02', '34', '34', 'Transcrito', 'Autorizada para difusión', 'Pendiente de validación lingüística');
INSERT INTO senses VALUES ('RD-000681-S01', 'RD-000681', 1, 'Ladrón');
INSERT INTO lexical_entries VALUES ('RD-000682', 'Chigosa', 'Chigosa', 'chigosa', NULL, 'Vt', 'Vt', 'Robar (de paso)', 'Chigósari echo rijoy huenomí. El hombre robó dinero de paso.', 'SRC-02', '34', '34', 'Transcrito', 'Autorizada para difusión', 'Pendiente de validación lingüística');
INSERT INTO senses VALUES ('RD-000682-S01', 'RD-000682', 1, 'Robar (de paso)');
INSERT INTO examples VALUES ('RD-000682-E01', 'RD-000682', 1, 'Chigósari echo rijoy huenomí. El hombre robó dinero de paso.');
INSERT INTO lexical_entries VALUES ('RD-000683', 'Chihuá', 'Chihuá', 'chihua', NULL, 'Vt', 'Vt', '1. Pegar (un balazo o con otra cosa) 2. Apuñalar 3. Robar 4. Herir', '', 'SRC-02', '34', '35', 'Transcrito', 'Autorizada para difusión', 'Pendiente de validación lingüística');
INSERT INTO senses VALUES ('RD-000683-S01', 'RD-000683', 1, 'Pegar (un balazo o con otra cosa)');
INSERT INTO senses VALUES ('RD-000683-S02', 'RD-000683', 2, 'Apuñalar');
INSERT INTO senses VALUES ('RD-000683-S03', 'RD-000683', 3, 'Robar');
INSERT INTO senses VALUES ('RD-000683-S04', 'RD-000683', 4, 'Herir');
INSERT INTO lexical_entries VALUES ('RD-000684', 'Chi’huá', 'Chi’huá', 'chi''hua', NULL, 'Vi', 'Vi', '1. Romperse 2. Cortarse', 'Casichí chi’huari. Se cortó en la pierna. [pret.: chi’huari]. Chi’huaní. Vi Estar rompiéndose. Chi’huáami. Adj Roto, quebrado.', 'SRC-02', '35', '35', 'Transcrito', 'Autorizada para difusión', 'Pendiente de validación lingüística');
INSERT INTO senses VALUES ('RD-000684-S01', 'RD-000684', 1, 'Romperse');
INSERT INTO senses VALUES ('RD-000684-S02', 'RD-000684', 2, 'Cortarse');
INSERT INTO examples VALUES ('RD-000684-E01', 'RD-000684', 1, 'Casichí chi’huari. Se cortó en la pierna. [pret.: chi’huari]. Chi’huaní. Vi Estar rompiéndose. Chi’huáami. Adj Roto, quebrado.');
INSERT INTO variants VALUES ('RD-000684-V01', 'RD-000684', 1, 'pret.: chi’huari');
INSERT INTO lexical_entries VALUES ('RD-000685', 'Chihuahua', 'Chihuahua', 'chihuahua', NULL, 'Vt pl', 'Vt', 'Robar mucho', '', 'SRC-02', '35', '35', 'Transcrito', 'Autorizada para difusión', 'Pendiente de validación lingüística');
INSERT INTO senses VALUES ('RD-000685-S01', 'RD-000685', 1, 'Robar mucho');
INSERT INTO lexical_entries VALUES ('RD-000686', 'Chihuáhuara', 'Chihuáhuara', 'chihuahuara', NULL, 'S', 'S', 'Bolsa de cuero, saco de manta, talega', '', 'SRC-02', '35', '35', 'Transcrito', 'Autorizada para difusión', 'Pendiente de validación lingüística');
INSERT INTO senses VALUES ('RD-000686-S01', 'RD-000686', 1, 'Bolsa de cuero, saco de manta, talega');
INSERT INTO lexical_entries VALUES ('RD-000687', 'Chi’huana', 'Chi’huana', 'chi''huana', NULL, 'Vt', 'Vt', '1. Romper 2. Cortar 3. Rasgar', '[fut.: chi’huanama; pret.: chi’huánari].', 'SRC-02', '35', '35', 'Transcrito', 'Autorizada para difusión', 'Pendiente de validación lingüística');
INSERT INTO senses VALUES ('RD-000687-S01', 'RD-000687', 1, 'Romper');
INSERT INTO senses VALUES ('RD-000687-S02', 'RD-000687', 2, 'Cortar');
INSERT INTO senses VALUES ('RD-000687-S03', 'RD-000687', 3, 'Rasgar');
INSERT INTO examples VALUES ('RD-000687-E01', 'RD-000687', 1, '[fut.: chi’huanama; pret.: chi’huánari].');
INSERT INTO variants VALUES ('RD-000687-V01', 'RD-000687', 1, 'fut.: chi’huanama; pret.: chi’huánari');
INSERT INTO lexical_entries VALUES ('RD-000688', 'Chi’huara', 'Chi’huara', 'chi''huara', NULL, 'S', 'S', 'Ubre', '', 'SRC-02', '35', '35', 'Transcrito', 'Autorizada para difusión', 'Pendiente de validación lingüística');
INSERT INTO senses VALUES ('RD-000688-S01', 'RD-000688', 1, 'Ubre');
INSERT INTO lexical_entries VALUES ('RD-000689', 'Chihuí', '1Chihuí', 'chihui', '1', 'S', 'S', 'Cócono (silvestre), guajolote', '', 'SRC-02', '35', '35', 'Transcrito', 'Autorizada para difusión', 'Pendiente de validación lingüística');
INSERT INTO senses VALUES ('RD-000689-S01', 'RD-000689', 1, 'Cócono (silvestre), guajolote');
INSERT INTO lexical_entries VALUES ('RD-000690', 'Chihuí', '2Chihuí', 'chihui', '2', 'Vi', 'Vi', '1. Pegarse, golpearse 2. Cortarse', '[fut.: chihuiméa].', 'SRC-02', '35', '35', 'Transcrito', 'Autorizada para difusión', 'Pendiente de validación lingüística');
INSERT INTO senses VALUES ('RD-000690-S01', 'RD-000690', 1, 'Pegarse, golpearse');
INSERT INTO senses VALUES ('RD-000690-S02', 'RD-000690', 2, 'Cortarse');
INSERT INTO examples VALUES ('RD-000690-E01', 'RD-000690', 1, '[fut.: chihuiméa].');
INSERT INTO variants VALUES ('RD-000690-V01', 'RD-000690', 1, 'fut.: chihuiméa');
INSERT INTO lexical_entries VALUES ('RD-000691', 'Chi’í', 'Chi’í', 'chi''i', NULL, 'Vt', 'Vt', 'Mamar, tomar pecho', '', 'SRC-02', '35', '35', 'Transcrito', 'Autorizada para difusión', 'Pendiente de validación lingüística');
INSERT INTO senses VALUES ('RD-000691-S01', 'RD-000691', 1, 'Mamar, tomar pecho');
INSERT INTO lexical_entries VALUES ('RD-000692', 'Chi’íami', 'Chi’íami', 'chi''iami', NULL, 'Adj', 'Adj', 'Mamador', 'Echi táa múchari hue chi’íami ju. Ese bebé es muy mamador.', 'SRC-02', '35', '35', 'Transcrito', 'Autorizada para difusión', 'Pendiente de validación lingüística');
INSERT INTO senses VALUES ('RD-000692-S01', 'RD-000692', 1, 'Mamador');
INSERT INTO examples VALUES ('RD-000692-E01', 'RD-000692', 1, 'Echi táa múchari hue chi’íami ju. Ese bebé es muy mamador.');
INSERT INTO lexical_entries VALUES ('RD-000693', 'Chi’ibú', 'Chi’ibú', 'chi''ibu', NULL, 'Vt', 'Vt', 'Acornear, picar (con alguna cosa)', 'Biré toro tamí chi’iburi. Un toro me picó con sus cuernos.', 'SRC-02', '35', '35', 'Transcrito', 'Autorizada para difusión', 'Pendiente de validación lingüística');
INSERT INTO senses VALUES ('RD-000693-S01', 'RD-000693', 1, 'Acornear, picar (con alguna cosa)');
INSERT INTO examples VALUES ('RD-000693-E01', 'RD-000693', 1, 'Biré toro tamí chi’iburi. Un toro me picó con sus cuernos.');
INSERT INTO lexical_entries VALUES ('RD-000694', 'Chi’íra', 'Chi’íra', 'chi''ira', NULL, 'Vt', 'Vt', 'Amamantar, dar el pecho', 'Chi’mú. Vt Dar leche.', 'SRC-02', '35', '35', 'Transcrito', 'Autorizada para difusión', 'Pendiente de validación lingüística');
INSERT INTO senses VALUES ('RD-000694-S01', 'RD-000694', 1, 'Amamantar, dar el pecho');
INSERT INTO examples VALUES ('RD-000694-E01', 'RD-000694', 1, 'Chi’mú. Vt Dar leche.');
INSERT INTO lexical_entries VALUES ('RD-000695', 'Chijá', 'Chijá', 'chija', NULL, 'Vi pl', 'Vi', 'Desparramarse', 'Chijaga piré. Viven desparramados. Chijana. Vt pl Desparramar. Chijasa. Están dispersándose. Chijanárami. Desparramados por otro.', 'SRC-02', '35', '35', 'Transcrito', 'Autorizada para difusión', 'Pendiente de validación lingüística');
INSERT INTO senses VALUES ('RD-000695-S01', 'RD-000695', 1, 'Desparramarse');
INSERT INTO examples VALUES ('RD-000695-E01', 'RD-000695', 1, 'Chijaga piré. Viven desparramados. Chijana. Vt pl Desparramar. Chijasa. Están dispersándose. Chijanárami. Desparramados por otro.');
INSERT INTO lexical_entries VALUES ('RD-000696', 'Chijisó', 'Chijisó', 'chijiso', NULL, 'Vt', 'Vt', 'Picar (con alguna cosa)', 'Cusiti chijisori. Le picó con un palo.', 'SRC-02', '35', '35', 'Transcrito', 'Autorizada para difusión', 'Pendiente de validación lingüística');
INSERT INTO senses VALUES ('RD-000696-S01', 'RD-000696', 1, 'Picar (con alguna cosa)');
INSERT INTO examples VALUES ('RD-000696-E01', 'RD-000696', 1, 'Cusiti chijisori. Le picó con un palo.');
INSERT INTO lexical_entries VALUES ('RD-000697', 'Chijuna', 'Chijuna', 'chijuna', NULL, 'Vt', 'Vt', 'Dar asco (por ser sucio o feo), menospreciar', '', 'SRC-02', '35', '35', 'Transcrito', 'Autorizada para difusión', 'Pendiente de validación lingüística');
INSERT INTO senses VALUES ('RD-000697-S01', 'RD-000697', 1, 'Dar asco (por ser sucio o feo), menospreciar');
INSERT INTO lexical_entries VALUES ('RD-000698', 'Chimari', 'Chimari', 'chimari', NULL, 'S', 'S', 'Una mata parecida a la cebolla, pero no se come por su sabor fuerte; mata a los sembrados', '', 'SRC-02', '35', '35', 'Transcrito', 'Autorizada para difusión', 'Pendiente de validación lingüística');
INSERT INTO senses VALUES ('RD-000698-S01', 'RD-000698', 1, 'Una mata parecida a la cebolla, pero no se come por su sabor fuerte; mata a los sembrados');
INSERT INTO lexical_entries VALUES ('RD-000699', 'Chimorí', 'Chimorí', 'chimori', NULL, 'S', 'S', 'Ardilla amarilla (se sube a los árboles)', '', 'SRC-02', '35', '35', 'Transcrito', 'Autorizada para difusión', 'Pendiente de validación lingüística');
INSERT INTO senses VALUES ('RD-000699-S01', 'RD-000699', 1, 'Ardilla amarilla (se sube a los árboles)');
INSERT INTO lexical_entries VALUES ('RD-000700', 'Chimú', 'Chimú', 'chimu', NULL, 'Vi', 'Vi', 'Estar doblándose el filo', '', 'SRC-02', '35', '35', 'Transcrito', 'Autorizada para difusión', 'Pendiente de validación lingüística');
INSERT INTO senses VALUES ('RD-000700-S01', 'RD-000700', 1, 'Estar doblándose el filo');
INSERT INTO lexical_entries VALUES ('RD-000701', 'Chi’múcari', 'Chi’múcari', 'chi''mucari', NULL, 'S', 'S', 'Calabacita', '', 'SRC-02', '35', '35', 'Transcrito', 'Autorizada para difusión', 'Pendiente de validación lingüística');
INSERT INTO senses VALUES ('RD-000701-S01', 'RD-000701', 1, 'Calabacita');
INSERT INTO lexical_entries VALUES ('RD-000702', 'Chiminú', 'Chiminú', 'chiminu', NULL, 'Vt', 'Vt', 'Estar doblando', '[fut.: chimunama].', 'SRC-02', '35', '35', 'Transcrito', 'Autorizada para difusión', 'Pendiente de validación lingüística');
INSERT INTO senses VALUES ('RD-000702-S01', 'RD-000702', 1, 'Estar doblando');
INSERT INTO examples VALUES ('RD-000702-E01', 'RD-000702', 1, '[fut.: chimunama].');
INSERT INTO variants VALUES ('RD-000702-V01', 'RD-000702', 1, 'fut.: chimunama');
INSERT INTO lexical_entries VALUES ('RD-000703', 'Chi’mura', 'Chi’mura', 'chi''mura', NULL, 'S', 'S', 'Seno', '', 'SRC-02', '35', '35', 'Transcrito', 'Autorizada para difusión', 'Pendiente de validación lingüística');
INSERT INTO senses VALUES ('RD-000703-S01', 'RD-000703', 1, 'Seno');
INSERT INTO lexical_entries VALUES ('RD-000704', 'Chi’muri', 'Chi’muri', 'chi''muri', NULL, 'S', 'S', 'Teta', '', 'SRC-02', '35', '35', 'Transcrito', 'Autorizada para difusión', 'Pendiente de validación lingüística');
INSERT INTO senses VALUES ('RD-000704-S01', 'RD-000704', 1, 'Teta');
INSERT INTO lexical_entries VALUES ('RD-000705', 'Chi’ná', 'Chi’ná', 'chi''na', NULL, 'Vt', 'Vt', 'Echar chispas (la lumbre)', '', 'SRC-02', '35', '35', 'Transcrito', 'Autorizada para difusión', 'Pendiente de validación lingüística');
INSERT INTO senses VALUES ('RD-000705-S01', 'RD-000705', 1, 'Echar chispas (la lumbre)');
INSERT INTO lexical_entries VALUES ('RD-000706', 'Chiná', 'Chiná', 'china', NULL, 'Adj', 'Adj', 'Despeinado', '', 'SRC-02', '35', '35', 'Transcrito', 'Autorizada para difusión', 'Pendiente de validación lingüística');
INSERT INTO senses VALUES ('RD-000706-S01', 'RD-000706', 1, 'Despeinado');
INSERT INTO lexical_entries VALUES ('RD-000707', 'Chinasa', 'Chinasa', 'chinasa', NULL, 'Vt', 'Vt', 'Esconder', 'Chiná niráa. Secretamente. chiná iyena. Anda escondido.', 'SRC-02', '35', '35', 'Transcrito', 'Autorizada para difusión', 'Pendiente de validación lingüística');
INSERT INTO senses VALUES ('RD-000707-S01', 'RD-000707', 1, 'Esconder');
INSERT INTO examples VALUES ('RD-000707-E01', 'RD-000707', 1, 'Chiná niráa. Secretamente. chiná iyena. Anda escondido.');
INSERT INTO lexical_entries VALUES ('RD-000708', 'Chiní', 'Chiní', 'chini', NULL, 'S', 'S', 'Manta, ropa', 'Chiní burirúami. Pieza de manta. Chiní quimita. Rebozo.', 'SRC-02', '35', '35', 'Transcrito', 'Autorizada para difusión', 'Pendiente de validación lingüística');
INSERT INTO senses VALUES ('RD-000708-S01', 'RD-000708', 1, 'Manta, ropa');
INSERT INTO examples VALUES ('RD-000708-E01', 'RD-000708', 1, 'Chiní burirúami. Pieza de manta. Chiní quimita. Rebozo.');
INSERT INTO lexical_entries VALUES ('RD-000709', 'Chinita', 'Chinita', 'chinita', NULL, 's', 'S', 'Peine comercial', '', 'SRC-02', '35', '35', 'Transcrito', 'Autorizada para difusión', 'Pendiente de validación lingüística');
INSERT INTO senses VALUES ('RD-000709-S01', 'RD-000709', 1, 'Peine comercial');
INSERT INTO lexical_entries VALUES ('RD-000710', 'Chipahuí', 'Chipahuí', 'chipahui', NULL, 'S', 'S', 'Ardilla gris (de los árboles)', '', 'SRC-02', '35', '35', 'Transcrito', 'Autorizada para difusión', 'Pendiente de validación lingüística');
INSERT INTO senses VALUES ('RD-000710-S01', 'RD-000710', 1, 'Ardilla gris (de los árboles)');
INSERT INTO lexical_entries VALUES ('RD-000711', 'Chipérami', 'Chipérami', 'chiperami', NULL, 'Pp', 'Pp', 'Plano', '', 'SRC-02', '36', '36', 'Transcrito', 'Autorizada para difusión', 'Pendiente de validación lingüística');
INSERT INTO senses VALUES ('RD-000711-S01', 'RD-000711', 1, 'Plano');
INSERT INTO lexical_entries VALUES ('RD-000712', 'Chipó', 'Chipó', 'chipo', NULL, 'Vi', 'Vi', 'Palpitar', '', 'SRC-02', '36', '36', 'Transcrito', 'Autorizada para difusión', 'Pendiente de validación lingüística');
INSERT INTO senses VALUES ('RD-000712-S01', 'RD-000712', 1, 'Palpitar');
INSERT INTO lexical_entries VALUES ('RD-000713', 'Chipó', 'Chipó', 'chipo', NULL, 'Vi', 'Vi', 'Salpicar, brincar (como manteca en la sartén)', '', 'SRC-02', '36', '36', 'Transcrito', 'Autorizada para difusión', 'Pendiente de validación lingüística');
INSERT INTO senses VALUES ('RD-000713-S01', 'RD-000713', 1, 'Salpicar, brincar (como manteca en la sartén)');
INSERT INTO lexical_entries VALUES ('RD-000714', 'Chipú', 'Chipú', 'chipu', NULL, 'Vi', 'Vi', 'Estar amargo (p. ej.: café)', 'Echi cajé hue chipú. El café está amargo, no tiene dulce [pret.: chipúari; fut.: chipúrama; pp.: chipúami; pres.: chipura].', 'SRC-02', '36', '36', 'Transcrito', 'Autorizada para difusión', 'Pendiente de validación lingüística');
INSERT INTO senses VALUES ('RD-000714-S01', 'RD-000714', 1, 'Estar amargo (p. ej.: café)');
INSERT INTO examples VALUES ('RD-000714-E01', 'RD-000714', 1, 'Echi cajé hue chipú. El café está amargo, no tiene dulce [pret.: chipúari; fut.: chipúrama; pp.: chipúami; pres.: chipura].');
INSERT INTO variants VALUES ('RD-000714-V01', 'RD-000714', 1, 'pret.: chipúari; fut.: chipúrama; pp.: chipúami; pres.: chipura');
INSERT INTO lexical_entries VALUES ('RD-000715', 'Chiquí', 'Chiquí', 'chiqui', NULL, 'S', 'S', 'Camote (se usa para hacer pegamento para los violines)', 'Chiquí jiti uchugá nihuarihua echo raberi. Pegándolo con ese camote se fabrica el violín.', 'SRC-02', '36', '36', 'Transcrito', 'Autorizada para difusión', 'Pendiente de validación lingüística');
INSERT INTO senses VALUES ('RD-000715-S01', 'RD-000715', 1, 'Camote (se usa para hacer pegamento para los violines)');
INSERT INTO examples VALUES ('RD-000715-E01', 'RD-000715', 1, 'Chiquí jiti uchugá nihuarihua echo raberi. Pegándolo con ese camote se fabrica el violín.');
INSERT INTO lexical_entries VALUES ('RD-000716', 'Chi’rá', '1Chi’rá', 'chi''ra', '1', 'Vi', 'Vi', 'Amanecer (el día)', 'Pe arí chi’riméaré. Tal vez va a amanecer en un rato. [fut.: chi’riméa].', 'SRC-02', '36', '36', 'Transcrito', 'Autorizada para difusión', 'Pendiente de validación lingüística');
INSERT INTO senses VALUES ('RD-000716-S01', 'RD-000716', 1, 'Amanecer (el día)');
INSERT INTO examples VALUES ('RD-000716-E01', 'RD-000716', 1, 'Pe arí chi’riméaré. Tal vez va a amanecer en un rato. [fut.: chi’riméa].');
INSERT INTO variants VALUES ('RD-000716-V01', 'RD-000716', 1, 'fut.: chi’riméa');
INSERT INTO lexical_entries VALUES ('RD-000717', 'Chi’rá', '2Chi’rá', 'chi''ra', '2', 'Vi', 'Vi', 'Estar tierno (elote, calabaza)', '[pp.: chi’ráami].', 'SRC-02', '36', '36', 'Transcrito', 'Autorizada para difusión', 'Pendiente de validación lingüística');
INSERT INTO senses VALUES ('RD-000717-S01', 'RD-000717', 1, 'Estar tierno (elote, calabaza)');
INSERT INTO examples VALUES ('RD-000717-E01', 'RD-000717', 1, '[pp.: chi’ráami].');
INSERT INTO variants VALUES ('RD-000717-V01', 'RD-000717', 1, 'pp.: chi’ráami');
INSERT INTO lexical_entries VALUES ('RD-000718', 'Chi’rá', '3Chi’rá', 'chi''ra', '3', 'Vt', 'Vt', 'aplastar', 'Ripuchí chi’ránarini macúsahua jiti. Aplasté la pulga con mi dedo. Chi’rana. Vt aplastar (con el dedo).', 'SRC-02', '36', '36', 'Transcrito', 'Autorizada para difusión', 'Pendiente de validación lingüística');
INSERT INTO senses VALUES ('RD-000718-S01', 'RD-000718', 1, 'aplastar');
INSERT INTO examples VALUES ('RD-000718-E01', 'RD-000718', 1, 'Ripuchí chi’ránarini macúsahua jiti. Aplasté la pulga con mi dedo. Chi’rana. Vt aplastar (con el dedo).');
INSERT INTO lexical_entries VALUES ('RD-000719', 'Chira, chirohua', 'Chira, chirohua', 'chira, chirohua', NULL, 'Vi', 'Vi', 'Cuchichear, murmurar', 'Chírahua anini. Se oye que cuchichean.', 'SRC-02', '36', '36', 'Transcrito', 'Autorizada para difusión', 'Pendiente de validación lingüística');
INSERT INTO senses VALUES ('RD-000719-S01', 'RD-000719', 1, 'Cuchichear, murmurar');
INSERT INTO examples VALUES ('RD-000719-E01', 'RD-000719', 1, 'Chírahua anini. Se oye que cuchichean.');
INSERT INTO variants VALUES ('RD-000719-V01', 'RD-000719', 1, 'chirohua');
INSERT INTO lexical_entries VALUES ('RD-000720', 'Chi’ré', '1Chi’ré', 'chi''re', '1', '', 'Sin clasificar', 'Importar', '¿Chu chiré? ¿Qué importa? Que chireco. No importa.', 'SRC-02', '36', '36', 'Transcrito', 'Autorizada para difusión', 'Pendiente de validación lingüística');
INSERT INTO senses VALUES ('RD-000720-S01', 'RD-000720', 1, 'Importar');
INSERT INTO examples VALUES ('RD-000720-E01', 'RD-000720', 1, '¿Chu chiré? ¿Qué importa? Que chireco. No importa.');
INSERT INTO lexical_entries VALUES ('RD-000721', 'Chi’ré', '2Chi’ré', 'chi''re', '2', 'Vi', 'Vi', '1. pasar (un tiempo), pernoctar', 'Ma ocuá chi’reri. Ya hace dos días (pasaron dos noches). Ba’arí nahuó chi’rema. Mañana va a hacer cuatro días. Ocuá chi’rigá cu norínamani. Después de dos días regresaré.', 'SRC-02', '36', '36', 'Transcrito', 'Autorizada para difusión', 'Pendiente de validación lingüística');
INSERT INTO senses VALUES ('RD-000721-S01', 'RD-000721', 1, '1. pasar (un tiempo), pernoctar');
INSERT INTO examples VALUES ('RD-000721-E01', 'RD-000721', 1, 'Ma ocuá chi’reri. Ya hace dos días (pasaron dos noches). Ba’arí nahuó chi’rema. Mañana va a hacer cuatro días. Ocuá chi’rigá cu norínamani. Después de dos días regresaré.');
INSERT INTO lexical_entries VALUES ('RD-000722', 'Chi’reba', 'Chi’reba', 'chi''reba', NULL, 'Vi', 'Vi', 'Pasarea la noche, posar', 'Gará chi’rébarini. Pasé bien la noche. Jena’í chi’ribámani. Aquí voy a pasar la noche.', 'SRC-02', '36', '36', 'Transcrito', 'Autorizada para difusión', 'Pendiente de validación lingüística');
INSERT INTO senses VALUES ('RD-000722-S01', 'RD-000722', 1, 'Pasarea la noche, posar');
INSERT INTO examples VALUES ('RD-000722-E01', 'RD-000722', 1, 'Gará chi’rébarini. Pasé bien la noche. Jena’í chi’ribámani. Aquí voy a pasar la noche.');
INSERT INTO lexical_entries VALUES ('RD-000723', 'Chirena', 'Chirena', 'chirena', NULL, 'Vi', 'Vi', 'Estar sudando', '', 'SRC-02', '36', '36', 'Transcrito', 'Autorizada para difusión', 'Pendiente de validación lingüística');
INSERT INTO senses VALUES ('RD-000723-S01', 'RD-000723', 1, 'Estar sudando');
INSERT INTO lexical_entries VALUES ('RD-000724', 'Chirí', 'Chirí', 'chiri', NULL, 'S', 'S', 'Queja', 'Chirí anigá bitiri. Estaban acostados en el suelo gritando sus quejas. Chirí animéa. Dirá sus quejas en alta voz.', 'SRC-02', '36', '36', 'Transcrito', 'Autorizada para difusión', 'Pendiente de validación lingüística');
INSERT INTO senses VALUES ('RD-000724-S01', 'RD-000724', 1, 'Queja');
INSERT INTO examples VALUES ('RD-000724-E01', 'RD-000724', 1, 'Chirí anigá bitiri. Estaban acostados en el suelo gritando sus quejas. Chirí animéa. Dirá sus quejas en alta voz.');
INSERT INTO lexical_entries VALUES ('RD-000725', 'Chirigá', 'Chirigá', 'chiriga', NULL, 'Adv', 'Adv', 'De ninguna manera', 'Quetasi chirigá omérari. De ninguna manera pudieron.', 'SRC-02', '36', '36', 'Transcrito', 'Autorizada para difusión', 'Pendiente de validación lingüística');
INSERT INTO senses VALUES ('RD-000725-S01', 'RD-000725', 1, 'De ninguna manera');
INSERT INTO examples VALUES ('RD-000725-E01', 'RD-000725', 1, 'Quetasi chirigá omérari. De ninguna manera pudieron.');
INSERT INTO lexical_entries VALUES ('RD-000726', 'Chirihué', 'Chirihué', 'chirihue', NULL, 'Vi', 'Vi', 'Humedecerse, tener sudor', '[pret.: chirihuéari; chiruérama; pp.: chirihuéami].', 'SRC-02', '36', '36', 'Transcrito', 'Autorizada para difusión', 'Pendiente de validación lingüística');
INSERT INTO senses VALUES ('RD-000726-S01', 'RD-000726', 1, 'Humedecerse, tener sudor');
INSERT INTO examples VALUES ('RD-000726-E01', 'RD-000726', 1, '[pret.: chirihuéari; chiruérama; pp.: chirihuéami].');
INSERT INTO variants VALUES ('RD-000726-V01', 'RD-000726', 1, 'pret.: chirihuéari; chiruérama; pp.: chirihuéami');
INSERT INTO lexical_entries VALUES ('RD-000727', 'Chirihuéraba', 'Chirihuéraba', 'chirihueraba', NULL, 'Adv', 'Adv', 'No hay de qué', '', 'SRC-02', '36', '36', 'Transcrito', 'Autorizada para difusión', 'Pendiente de validación lingüística');
INSERT INTO senses VALUES ('RD-000727-S01', 'RD-000727', 1, 'No hay de qué');
INSERT INTO lexical_entries VALUES ('RD-000728', 'Chi’rimea', 'Chi’rimea', 'chi''rimea', NULL, '', 'Sin clasificar', 'Amanecerá', '[futuro de chi’rá]', 'SRC-02', '36', '36', 'Transcrito', 'Autorizada para difusión', 'Pendiente de validación lingüística');
INSERT INTO senses VALUES ('RD-000728-S01', 'RD-000728', 1, 'Amanecerá');
INSERT INTO examples VALUES ('RD-000728-E01', 'RD-000728', 1, '[futuro de chi’rá]');
INSERT INTO variants VALUES ('RD-000728-V01', 'RD-000728', 1, 'futuro de chi’rá');
INSERT INTO lexical_entries VALUES ('RD-000729', 'Chi’rina', 'Chi’rina', 'chi''rina', NULL, 'Vt', 'Vt', 'Hacer echar chispas', '[fut.: chi’rinama].', 'SRC-02', '36', '36', 'Transcrito', 'Autorizada para difusión', 'Pendiente de validación lingüística');
INSERT INTO senses VALUES ('RD-000729-S01', 'RD-000729', 1, 'Hacer echar chispas');
INSERT INTO examples VALUES ('RD-000729-E01', 'RD-000729', 1, '[fut.: chi’rinama].');
INSERT INTO variants VALUES ('RD-000729-V01', 'RD-000729', 1, 'fut.: chi’rinama');
INSERT INTO lexical_entries VALUES ('RD-000730', 'Chi’riní', 'Chi’riní', 'chi''rini', NULL, 'Vi', 'Vi', 'Estar echando chispas', '[pret.: chi’riri; fut.: chi’rima]. Chi’rinana. Echará chispas (una persona)', 'SRC-02', '36', '36', 'Transcrito', 'Autorizada para difusión', 'Pendiente de validación lingüística');
INSERT INTO senses VALUES ('RD-000730-S01', 'RD-000730', 1, 'Estar echando chispas');
INSERT INTO examples VALUES ('RD-000730-E01', 'RD-000730', 1, '[pret.: chi’riri; fut.: chi’rima]. Chi’rinana. Echará chispas (una persona)');
INSERT INTO variants VALUES ('RD-000730-V01', 'RD-000730', 1, 'pret.: chi’riri; fut.: chi’rima');
INSERT INTO lexical_entries VALUES ('RD-000731', 'Chi’rirú', 'Chi’rirú', 'chi''riru', NULL, 'Vt', 'Vt', 'Llevar (en la punta de un palito)', 'Mani mi’yair biré sayahui; cusiti chi’riruca micabé pámani. Ya maté una víbora de cascabel; la llevaré en la punta de un palito para tirarla lejos.', 'SRC-02', '36', '37', 'Transcrito', 'Autorizada para difusión', 'Pendiente de validación lingüística');
INSERT INTO senses VALUES ('RD-000731-S01', 'RD-000731', 1, 'Llevar (en la punta de un palito)');
INSERT INTO examples VALUES ('RD-000731-E01', 'RD-000731', 1, 'Mani mi’yair biré sayahui; cusiti chi’riruca micabé pámani. Ya maté una víbora de cascabel; la llevaré en la punta de un palito para tirarla lejos.');
INSERT INTO lexical_entries VALUES ('RD-000732', 'Chi’riruri', 'Chi’riruri', 'chi''riruri', NULL, 'S', 'S', 'El palo con que las mujeres tiran los aros cuando corren en las carreras.', 'Rohuera chi’riruri. Tiró el aro con un palito.', 'SRC-02', '37', '37', 'Transcrito', 'Autorizada para difusión', 'Pendiente de validación lingüística');
INSERT INTO senses VALUES ('RD-000732-S01', 'RD-000732', 1, 'El palo con que las mujeres tiran los aros cuando corren en las carreras.');
INSERT INTO examples VALUES ('RD-000732-E01', 'RD-000732', 1, 'Rohuera chi’riruri. Tiró el aro con un palito.');
INSERT INTO lexical_entries VALUES ('RD-000733', 'Chi’ró', 'Chi’ró', 'chi''ro', NULL, 'Vi', 'Vi', 'Salpicar, aletear, brincar', 'Ma pohuasa biré rochí, arí hue chi’roma. Cuando se agarra un pez con el anzuelo, entonces aletea mucho. Chi’ronó. Estar salpicando.', 'SRC-02', '37', '37', 'Transcrito', 'Autorizada para difusión', 'Pendiente de validación lingüística');
INSERT INTO senses VALUES ('RD-000733-S01', 'RD-000733', 1, 'Salpicar, aletear, brincar');
INSERT INTO examples VALUES ('RD-000733-E01', 'RD-000733', 1, 'Ma pohuasa biré rochí, arí hue chi’roma. Cuando se agarra un pez con el anzuelo, entonces aletea mucho. Chi’ronó. Estar salpicando.');
INSERT INTO lexical_entries VALUES ('RD-000734', 'Chirohua', 'Chirohua', 'chirohua', NULL, '', 'Sin clasificar', 'Cuchichear', '[Variante de chira].', 'SRC-02', '37', '37', 'Transcrito', 'Autorizada para difusión', 'Pendiente de validación lingüística');
INSERT INTO senses VALUES ('RD-000734-S01', 'RD-000734', 1, 'Cuchichear');
INSERT INTO examples VALUES ('RD-000734-E01', 'RD-000734', 1, '[Variante de chira].');
INSERT INTO variants VALUES ('RD-000734-V01', 'RD-000734', 1, 'Variante de chira');
INSERT INTO lexical_entries VALUES ('RD-000735', 'Chirúrami', 'Chirúrami', 'chirurami', NULL, '', 'Sin clasificar', '1. S Círculos 2. Adj pl Redondos [sing.: sitúrami]', 'Ne chitúraga jahui cúrohui. Los niños forman círculos.', 'SRC-02', '37', '37', 'Transcrito', 'Autorizada para difusión', 'Pendiente de validación lingüística');
INSERT INTO senses VALUES ('RD-000735-S01', 'RD-000735', 1, 'S Círculos');
INSERT INTO senses VALUES ('RD-000735-S02', 'RD-000735', 2, 'Adj pl Redondos [sing.: sitúrami]');
INSERT INTO examples VALUES ('RD-000735-E01', 'RD-000735', 1, 'Ne chitúraga jahui cúrohui. Los niños forman círculos.');
INSERT INTO lexical_entries VALUES ('RD-000736', 'Chi’yé', 'Chi’yé', 'chi''ye', NULL, 'S', 'S', 'Cuñado (esposo de la hermana mayor).', '', 'SRC-02', '37', '37', 'Transcrito', 'Autorizada para difusión', 'Pendiente de validación lingüística');
INSERT INTO senses VALUES ('RD-000736-S01', 'RD-000736', 1, 'Cuñado (esposo de la hermana mayor).');
INSERT INTO lexical_entries VALUES ('RD-000737', 'Chiyó', 'Chiyó', 'chiyo', NULL, 'S', 'S', 'Borrego con cuatro cuernos', '', 'SRC-02', '37', '37', 'Transcrito', 'Autorizada para difusión', 'Pendiente de validación lingüística');
INSERT INTO senses VALUES ('RD-000737-S01', 'RD-000737', 1, 'Borrego con cuatro cuernos');
INSERT INTO lexical_entries VALUES ('RD-000738', 'Chiyohui', 'Chiyohui', 'chiyohui', NULL, 'S', 'S', 'Tipo de ave de pecho amarillo', '', 'SRC-02', '37', '37', 'Transcrito', 'Autorizada para difusión', 'Pendiente de validación lingüística');
INSERT INTO senses VALUES ('RD-000738-S01', 'RD-000738', 1, 'Tipo de ave de pecho amarillo');
INSERT INTO lexical_entries VALUES ('RD-000739', 'Cho', 'Cho', 'cho', NULL, 'Adv', 'Adv', 'Todavía', 'Quetasi cho ucú. No llueve todavía. Abijí hue ucú. Todavía lueve mucho.', 'SRC-02', '37', '37', 'Transcrito', 'Autorizada para difusión', 'Pendiente de validación lingüística');
INSERT INTO senses VALUES ('RD-000739-S01', 'RD-000739', 1, 'Todavía');
INSERT INTO examples VALUES ('RD-000739-E01', 'RD-000739', 1, 'Quetasi cho ucú. No llueve todavía. Abijí hue ucú. Todavía lueve mucho.');
INSERT INTO lexical_entries VALUES ('RD-000740', 'Choba', '1Choba', 'choba', '1', 'Vt', 'Vt', 'Hacer trenzas', '[pp.: chóbarami]. Chobatai. Hacer trenzas (a otra).', 'SRC-02', '37', '37', 'Transcrito', 'Autorizada para difusión', 'Pendiente de validación lingüística');
INSERT INTO senses VALUES ('RD-000740-S01', 'RD-000740', 1, 'Hacer trenzas');
INSERT INTO examples VALUES ('RD-000740-E01', 'RD-000740', 1, '[pp.: chóbarami]. Chobatai. Hacer trenzas (a otra).');
INSERT INTO variants VALUES ('RD-000740-V01', 'RD-000740', 1, 'pp.: chóbarami');
INSERT INTO lexical_entries VALUES ('RD-000741', 'Choba', '2Choba', 'choba', '2', 'Vi', 'Vi', 'Quemarse (por el sol).', 'Rayénari jiti chóbari binoy acárachi. Por el sol se quemó su cara. [pp.: chobácami].', 'SRC-02', '37', '37', 'Transcrito', 'Autorizada para difusión', 'Pendiente de validación lingüística');
INSERT INTO senses VALUES ('RD-000741-S01', 'RD-000741', 1, 'Quemarse (por el sol).');
INSERT INTO examples VALUES ('RD-000741-E01', 'RD-000741', 1, 'Rayénari jiti chóbari binoy acárachi. Por el sol se quemó su cara. [pp.: chobácami].');
INSERT INTO variants VALUES ('RD-000741-V01', 'RD-000741', 1, 'pp.: chobácami');
INSERT INTO lexical_entries VALUES ('RD-000742', 'Chobátana', 'Chobátana', 'chobatana', NULL, 'Vt', 'Vt', 'Ennegrecer', '', 'SRC-02', '37', '37', 'Transcrito', 'Autorizada para difusión', 'Pendiente de validación lingüística');
INSERT INTO senses VALUES ('RD-000742-S01', 'RD-000742', 1, 'Ennegrecer');
INSERT INTO lexical_entries VALUES ('RD-000743', 'Chócami', 'Chócami', 'chocami', NULL, 'Adj', 'Adj', 'Negro', '', 'SRC-02', '37', '37', 'Transcrito', 'Autorizada para difusión', 'Pendiente de validación lingüística');
INSERT INTO senses VALUES ('RD-000743-S01', 'RD-000743', 1, 'Negro');
INSERT INTO lexical_entries VALUES ('RD-000744', 'Chocó', 'Chocó', 'choco', NULL, 'Vi', 'Vi', 'Estar agrio', '[pret.: chochóori; fut.: chochórama; pp.: chocóami].', 'SRC-02', '37', '37', 'Transcrito', 'Autorizada para difusión', 'Pendiente de validación lingüística');
INSERT INTO senses VALUES ('RD-000744-S01', 'RD-000744', 1, 'Estar agrio');
INSERT INTO examples VALUES ('RD-000744-E01', 'RD-000744', 1, '[pret.: chochóori; fut.: chochórama; pp.: chocóami].');
INSERT INTO variants VALUES ('RD-000744-V01', 'RD-000744', 1, 'pret.: chochóori; fut.: chochórama; pp.: chocóami');
INSERT INTO lexical_entries VALUES ('RD-000745', 'Chocoba', 'Chocoba', 'chocoba', NULL, '', 'Sin clasificar', '1. vi Hincarse, ponerse de rodillas 2. s Rodilla', '¡Chocoba huiribá! ¡Ponte de rodillas! Chocóbachi. En las rodillas. Chocóbaga huirí. Se arrodilla (sing.). Chocóbaga jahui. Se arrodillan (pl.). Chocóbachi. En la rodilla.', 'SRC-02', '37', '37', 'Transcrito', 'Autorizada para difusión', 'Pendiente de validación lingüística');
INSERT INTO senses VALUES ('RD-000745-S01', 'RD-000745', 1, 'vi Hincarse, ponerse de rodillas');
INSERT INTO senses VALUES ('RD-000745-S02', 'RD-000745', 2, 's Rodilla');
INSERT INTO examples VALUES ('RD-000745-E01', 'RD-000745', 1, '¡Chocoba huiribá! ¡Ponte de rodillas! Chocóbachi. En las rodillas. Chocóbaga huirí. Se arrodilla (sing.). Chocóbaga jahui. Se arrodillan (pl.). Chocóbachi. En la rodilla.');
INSERT INTO lexical_entries VALUES ('RD-000746', 'Chocóbara', 'Chocóbara', 'chocobara', NULL, 'S', 'S', 'Madrastra', '', 'SRC-02', '37', '37', 'Transcrito', 'Autorizada para difusión', 'Pendiente de validación lingüística');
INSERT INTO senses VALUES ('RD-000746-S01', 'RD-000746', 1, 'Madrastra');
INSERT INTO lexical_entries VALUES ('RD-000747', 'Chocóbari', 'Chocóbari', 'chocobari', NULL, 'S', 'S', 'Cierta mata que tiene una flor muy bonita', '', 'SRC-02', '37', '37', 'Transcrito', 'Autorizada para difusión', 'Pendiente de validación lingüística');
INSERT INTO senses VALUES ('RD-000747-S01', 'RD-000747', 1, 'Cierta mata que tiene una flor muy bonita');
INSERT INTO lexical_entries VALUES ('RD-000748', 'Chocojipa', 'Chocojipa', 'chocojipa', NULL, 'Vt', 'Vt', 'Comenzar una carrera (tirando las bolas)', 'Pe arí chocojípama. Un poco tarde comenzarán la carrera.', 'SRC-02', '37', '37', 'Transcrito', 'Autorizada para difusión', 'Pendiente de validación lingüística');
INSERT INTO senses VALUES ('RD-000748-S01', 'RD-000748', 1, 'Comenzar una carrera (tirando las bolas)');
INSERT INTO examples VALUES ('RD-000748-E01', 'RD-000748', 1, 'Pe arí chocojípama. Un poco tarde comenzarán la carrera.');
INSERT INTO lexical_entries VALUES ('RD-000749', 'Chochora', 'Chochora', 'chochora', NULL, 'Vi', 'Vi', 'Entumirse (pie, brazo)', 'Ma chochórari ronochí. Ya se le entumió el pie.', 'SRC-02', '37', '37', 'Transcrito', 'Autorizada para difusión', 'Pendiente de validación lingüística');
INSERT INTO senses VALUES ('RD-000749-S01', 'RD-000749', 1, 'Entumirse (pie, brazo)');
INSERT INTO examples VALUES ('RD-000749-E01', 'RD-000749', 1, 'Ma chochórari ronochí. Ya se le entumió el pie.');
INSERT INTO lexical_entries VALUES ('RD-000750', 'Cho’huá', 'Cho’huá', 'cho''hua', NULL, 'Vt', 'Vt', 'Apagar, extinguir (lumbre)', 'Nijeni sinibí cho’huá echi na’í maparini cu simea bitichí jonsa. Yo siempre apago la lumbre cuando salgo de la casa.', 'SRC-02', '37', '37', 'Transcrito', 'Autorizada para difusión', 'Pendiente de validación lingüística');
INSERT INTO senses VALUES ('RD-000750-S01', 'RD-000750', 1, 'Apagar, extinguir (lumbre)');
INSERT INTO examples VALUES ('RD-000750-E01', 'RD-000750', 1, 'Nijeni sinibí cho’huá echi na’í maparini cu simea bitichí jonsa. Yo siempre apago la lumbre cuando salgo de la casa.');
INSERT INTO lexical_entries VALUES ('RD-000751', 'Cho’huí', 'Cho’huí', 'cho''hui', NULL, 'Vi', 'Vi', 'Apagarse, extinguirse', 'Ma cho’huiri na’ique. Ya se apagó la lumbre. [pret.: cho’huiri; fut.: cho’huimea].', 'SRC-02', '37', '37', 'Transcrito', 'Autorizada para difusión', 'Pendiente de validación lingüística');
INSERT INTO senses VALUES ('RD-000751-S01', 'RD-000751', 1, 'Apagarse, extinguirse');
INSERT INTO examples VALUES ('RD-000751-E01', 'RD-000751', 1, 'Ma cho’huiri na’ique. Ya se apagó la lumbre. [pret.: cho’huiri; fut.: cho’huimea].');
INSERT INTO variants VALUES ('RD-000751-V01', 'RD-000751', 1, 'pret.: cho’huiri; fut.: cho’huimea');
INSERT INTO lexical_entries VALUES ('RD-000752', 'Cho’má', 'Cho’má', 'cho''ma', NULL, '', 'Sin clasificar', '1. s Moco 2. vi Resfriarse', 'Echo tohuí hue cho’meami ju. Ese niño tiene mucho moco. Cho’méami. Mocoso. Cho’mé. Vi Tener moco.', 'SRC-02', '37', '38', 'Transcrito', 'Autorizada para difusión', 'Pendiente de validación lingüística');
INSERT INTO senses VALUES ('RD-000752-S01', 'RD-000752', 1, 's Moco');
INSERT INTO senses VALUES ('RD-000752-S02', 'RD-000752', 2, 'vi Resfriarse');
INSERT INTO examples VALUES ('RD-000752-E01', 'RD-000752', 1, 'Echo tohuí hue cho’meami ju. Ese niño tiene mucho moco. Cho’méami. Mocoso. Cho’mé. Vi Tener moco.');
INSERT INTO lexical_entries VALUES ('RD-000753', 'Chomá', 'Chomá', 'choma', NULL, 'S', 'S', 'Nariz', '', 'SRC-02', '38', '38', 'Transcrito', 'Autorizada para difusión', 'Pendiente de validación lingüística');
INSERT INTO senses VALUES ('RD-000753-S01', 'RD-000753', 1, 'Nariz');
INSERT INTO lexical_entries VALUES ('RD-000754', 'Cho’mabú', 'Cho’mabú', 'cho''mabu', NULL, 'Vi', 'Vi', 'Limpiarse la nariz', '', 'SRC-02', '38', '38', 'Transcrito', 'Autorizada para difusión', 'Pendiente de validación lingüística');
INSERT INTO senses VALUES ('RD-000754-S01', 'RD-000754', 1, 'Limpiarse la nariz');
INSERT INTO lexical_entries VALUES ('RD-000755', 'Cho’mácara aní', 'Cho’mácara aní', 'cho''macara ani', NULL, '', 'Sin clasificar', 'Estar ronco', '', 'SRC-02', '38', '38', 'Transcrito', 'Autorizada para difusión', 'Pendiente de validación lingüística');
INSERT INTO senses VALUES ('RD-000755-S01', 'RD-000755', 1, 'Estar ronco');
INSERT INTO lexical_entries VALUES ('RD-000756', 'Cho’maná', 'Cho’maná', 'cho''mana', NULL, 'Vi', 'Vi', 'Tener catarro', '', 'SRC-02', '38', '38', 'Transcrito', 'Autorizada para difusión', 'Pendiente de validación lingüística');
INSERT INTO senses VALUES ('RD-000756-S01', 'RD-000756', 1, 'Tener catarro');
INSERT INTO lexical_entries VALUES ('RD-000757', 'Cho’márachi', 'Cho’márachi', 'cho''marachi', NULL, 'S', 'S', 'Hoyo de la nariz', '', 'SRC-02', '38', '38', 'Transcrito', 'Autorizada para difusión', 'Pendiente de validación lingüística');
INSERT INTO senses VALUES ('RD-000757-S01', 'RD-000757', 1, 'Hoyo de la nariz');
INSERT INTO lexical_entries VALUES ('RD-000758', 'Chomítuami', 'Chomítuami', 'chomituami', NULL, 'Adj', 'Adj', 'Rojo oscuro, morado', '', 'SRC-02', '38', '38', 'Transcrito', 'Autorizada para difusión', 'Pendiente de validación lingüística');
INSERT INTO senses VALUES ('RD-000758-S01', 'RD-000758', 1, 'Rojo oscuro, morado');
INSERT INTO lexical_entries VALUES ('RD-000759', 'Cho’ná', 'Cho’ná', 'cho''na', NULL, 'Vt', 'Vt', 'Pegar (con la mano), abofetear, golpear (con alguna cosa)', 'Sicati capóriga cho’nari. Doblando el puño, le pegó. [fut.: cho’nimea]. Matochi cho’nogá. Tocando le hombro.', 'SRC-02', '38', '38', 'Transcrito', 'Autorizada para difusión', 'Pendiente de validación lingüística');
INSERT INTO senses VALUES ('RD-000759-S01', 'RD-000759', 1, 'Pegar (con la mano), abofetear, golpear (con alguna cosa)');
INSERT INTO examples VALUES ('RD-000759-E01', 'RD-000759', 1, 'Sicati capóriga cho’nari. Doblando el puño, le pegó. [fut.: cho’nimea]. Matochi cho’nogá. Tocando le hombro.');
INSERT INTO variants VALUES ('RD-000759-V01', 'RD-000759', 1, 'fut.: cho’nimea');
INSERT INTO lexical_entries VALUES ('RD-000760', 'Chona', 'Chona', 'chona', NULL, 'Vi', 'Vi', '1. Oscurecer 2. Ennegrecerse', 'Ma arihua, que ‘me ayó chonama. Ya es tarde, pronto oscurecerá. Echi táa tohuí ri’yeca chucú echo’ná napichi, cara chonama. Ese niñito está jugando en la chimenea; se va a tiznar (ennegrecer) completamente. [pret.: chónari; fut.: chonama]. Chónohua. Hacer negro. Chónami. Adv Sucio, oscuro.', 'SRC-02', '38', '38', 'Transcrito', 'Autorizada para difusión', 'Pendiente de validación lingüística');
INSERT INTO senses VALUES ('RD-000760-S01', 'RD-000760', 1, 'Oscurecer');
INSERT INTO senses VALUES ('RD-000760-S02', 'RD-000760', 2, 'Ennegrecerse');
INSERT INTO examples VALUES ('RD-000760-E01', 'RD-000760', 1, 'Ma arihua, que ‘me ayó chonama. Ya es tarde, pronto oscurecerá. Echi táa tohuí ri’yeca chucú echo’ná napichi, cara chonama. Ese niñito está jugando en la chimenea; se va a tiznar (ennegrecer) completamente. [pret.: chónari; fut.: chonama]. Chónohua. Hacer negro. Chónami. Adv Sucio, oscuro.');
INSERT INTO variants VALUES ('RD-000760-V01', 'RD-000760', 1, 'pret.: chónari; fut.: chonama');
INSERT INTO lexical_entries VALUES ('RD-000761', 'Chónachi', 'Chónachi', 'chonachi', NULL, '', 'Sin clasificar', 'A oscuras, en la oscuridad', '', 'SRC-02', '38', '38', 'Transcrito', 'Autorizada para difusión', 'Pendiente de validación lingüística');
INSERT INTO senses VALUES ('RD-000761-S01', 'RD-000761', 1, 'A oscuras, en la oscuridad');
INSERT INTO lexical_entries VALUES ('RD-000762', 'Cho’ó', 'Cho’ó', 'cho''o', NULL, 'S', 'S', 'Hocico', 'Cahué cho’ora. El hocico del caballo. Churuguí cho’orá. El pico del pájaro.', 'SRC-02', '38', '38', 'Transcrito', 'Autorizada para difusión', 'Pendiente de validación lingüística');
INSERT INTO senses VALUES ('RD-000762-S01', 'RD-000762', 1, 'Hocico');
INSERT INTO examples VALUES ('RD-000762-E01', 'RD-000762', 1, 'Cahué cho’ora. El hocico del caballo. Churuguí cho’orá. El pico del pájaro.');
INSERT INTO lexical_entries VALUES ('RD-000763', 'Cho’obáchari', 'Cho’obáchari', 'cho''obachari', NULL, 'S', 'S', 'Máscara', '', 'SRC-02', '38', '38', 'Transcrito', 'Autorizada para difusión', 'Pendiente de validación lingüística');
INSERT INTO senses VALUES ('RD-000763-S01', 'RD-000763', 1, 'Máscara');
INSERT INTO lexical_entries VALUES ('RD-000764', 'Cho’ohué', 'Cho’ohué', 'cho''ohue', NULL, 'Vi', 'Vi', 'Moverse el hocico', '', 'SRC-02', '38', '38', 'Transcrito', 'Autorizada para difusión', 'Pendiente de validación lingüística');
INSERT INTO senses VALUES ('RD-000764-S01', 'RD-000764', 1, 'Moverse el hocico');
INSERT INTO lexical_entries VALUES ('RD-000765', 'Cho’ojí', 'Cho’ojí', 'cho''oji', NULL, 'Vt', 'Vt', 'Amarrar el hocico (a un animal)', '', 'SRC-02', '38', '38', 'Transcrito', 'Autorizada para difusión', 'Pendiente de validación lingüística');
INSERT INTO senses VALUES ('RD-000765-S01', 'RD-000765', 1, 'Amarrar el hocico (a un animal)');
INSERT INTO lexical_entries VALUES ('RD-000766', 'Cho’omaba', 'Cho’omaba', 'cho''omaba', NULL, 'Vt', 'Vt', 'Taparse la boca y nariz (por vergüenza)', 'Jaré muguí hue cho’omaba mapujiti hue rihuera. Algunas mujeres se tapan la boca porque tienen vergüenza.', 'SRC-02', '38', '38', 'Transcrito', 'Autorizada para difusión', 'Pendiente de validación lingüística');
INSERT INTO senses VALUES ('RD-000766-S01', 'RD-000766', 1, 'Taparse la boca y nariz (por vergüenza)');
INSERT INTO examples VALUES ('RD-000766-E01', 'RD-000766', 1, 'Jaré muguí hue cho’omaba mapujiti hue rihuera. Algunas mujeres se tapan la boca porque tienen vergüenza.');
INSERT INTO lexical_entries VALUES ('RD-000767', 'Chopé', 'Chopé', 'chope', NULL, 'S', 'S', 'Ocote', '', 'SRC-02', '38', '38', 'Transcrito', 'Autorizada para difusión', 'Pendiente de validación lingüística');
INSERT INTO senses VALUES ('RD-000767-S01', 'RD-000767', 1, 'Ocote');
INSERT INTO lexical_entries VALUES ('RD-000768', 'Chopi', 'Chopi', 'chopi', NULL, '', 'Sin clasificar', '1. adv Solamente 2. conj Pero, sino', 'Chopi arigá. Siquiera. Chópirigá rihuéami ju. Es tocayo.', 'SRC-02', '38', '38', 'Transcrito', 'Autorizada para difusión', 'Pendiente de validación lingüística');
INSERT INTO senses VALUES ('RD-000768-S01', 'RD-000768', 1, 'adv Solamente');
INSERT INTO senses VALUES ('RD-000768-S02', 'RD-000768', 2, 'conj Pero, sino');
INSERT INTO examples VALUES ('RD-000768-E01', 'RD-000768', 1, 'Chopi arigá. Siquiera. Chópirigá rihuéami ju. Es tocayo.');
INSERT INTO lexical_entries VALUES ('RD-000769', 'Chopirigá', 'Chopirigá', 'chopiriga', NULL, '', 'Sin clasificar', 'Lo mismo, nada más', 'Ocuanica chópirigá aniri. Los dos dijeron lo mismo.', 'SRC-02', '38', '38', 'Transcrito', 'Autorizada para difusión', 'Pendiente de validación lingüística');
INSERT INTO senses VALUES ('RD-000769-S01', 'RD-000769', 1, 'Lo mismo, nada más');
INSERT INTO examples VALUES ('RD-000769-E01', 'RD-000769', 1, 'Ocuanica chópirigá aniri. Los dos dijeron lo mismo.');
INSERT INTO lexical_entries VALUES ('RD-000770', 'Chopona', 'Chopona', 'chopona', NULL, 'Vt', 'Vt', 'Cruzar las piernas', '¡Chopona asá! ¡Siéntate! (con las piernas cruzadas).', 'SRC-02', '38', '38', 'Transcrito', 'Autorizada para difusión', 'Pendiente de validación lingüística');
INSERT INTO senses VALUES ('RD-000770-S01', 'RD-000770', 1, 'Cruzar las piernas');
INSERT INTO examples VALUES ('RD-000770-E01', 'RD-000770', 1, '¡Chopona asá! ¡Siéntate! (con las piernas cruzadas).');
INSERT INTO lexical_entries VALUES ('RD-000771', 'Chopota', 'Chopota', 'chopota', NULL, '', 'Sin clasificar', '1. Vi Doblarse (un mecate por estar muy torcido) 2. Tener calambre', 'Huiya cara chopótari. El mecate se dobló (porque estaba demasiado torcido).', 'SRC-02', '38', '38', 'Transcrito', 'Autorizada para difusión', 'Pendiente de validación lingüística');
INSERT INTO senses VALUES ('RD-000771-S01', 'RD-000771', 1, 'Vi Doblarse (un mecate por estar muy torcido)');
INSERT INTO senses VALUES ('RD-000771-S02', 'RD-000771', 2, 'Tener calambre');
INSERT INTO examples VALUES ('RD-000771-E01', 'RD-000771', 1, 'Huiya cara chopótari. El mecate se dobló (porque estaba demasiado torcido).');
INSERT INTO lexical_entries VALUES ('RD-000772', 'Chopurú', 'Chopurú', 'chopuru', NULL, 'Vi', 'Vi', 'Ser ocotoso (reg.: resinoso, el tronco)', '', 'SRC-02', '38', '38', 'Transcrito', 'Autorizada para difusión', 'Pendiente de validación lingüística');
INSERT INTO senses VALUES ('RD-000772-S01', 'RD-000772', 1, 'Ser ocotoso (reg.: resinoso, el tronco)');
INSERT INTO lexical_entries VALUES ('RD-000773', 'Choquéami', 'Choquéami', 'choqueami', NULL, 'S pl', 'S', 'veces', 'Ocuá choquéami rarajípari. Corrieron dos veces. [pl.: siné].', 'SRC-02', '38', '38', 'Transcrito', 'Autorizada para difusión', 'Pendiente de validación lingüística');
INSERT INTO senses VALUES ('RD-000773-S01', 'RD-000773', 1, 'veces');
INSERT INTO examples VALUES ('RD-000773-E01', 'RD-000773', 1, 'Ocuá choquéami rarajípari. Corrieron dos veces. [pl.: siné].');
INSERT INTO variants VALUES ('RD-000773-V01', 'RD-000773', 1, 'pl.: siné');
INSERT INTO lexical_entries VALUES ('RD-000774', 'Choquéhuari', 'Choquéhuari', 'choquehuari', NULL, 'S', 'S', 'Tipo de ave que grita temprano en la mañana', '', 'SRC-02', '38', '38', 'Transcrito', 'Autorizada para difusión', 'Pendiente de validación lingüística');
INSERT INTO senses VALUES ('RD-000774-S01', 'RD-000774', 1, 'Tipo de ave que grita temprano en la mañana');
INSERT INTO lexical_entries VALUES ('RD-000775', 'Choquichí', 'Choquichí', 'choquichi', NULL, 'Adv', 'Adv', 'Al principio, en el principio', '', 'SRC-02', '38', '38', 'Transcrito', 'Autorizada para difusión', 'Pendiente de validación lingüística');
INSERT INTO senses VALUES ('RD-000775-S01', 'RD-000775', 1, 'Al principio, en el principio');
INSERT INTO lexical_entries VALUES ('RD-000776', 'Choquira', '1Choquira', 'choquira', '1', 'Adj', 'Adj', 'Culpable', 'Choquira ju. Tiene la culpa. Choquira níiri. Lo provocó.', 'SRC-02', '38', '39', 'Transcrito', 'Autorizada para difusión', 'Pendiente de validación lingüística');
INSERT INTO senses VALUES ('RD-000776-S01', 'RD-000776', 1, 'Culpable');
INSERT INTO examples VALUES ('RD-000776-E01', 'RD-000776', 1, 'Choquira ju. Tiene la culpa. Choquira níiri. Lo provocó.');
INSERT INTO lexical_entries VALUES ('RD-000777', 'Choquira', '2Choquira', 'choquira', '2', '', 'Sin clasificar', 'Principio', '', 'SRC-02', '39', '39', 'Transcrito', 'Autorizada para difusión', 'Pendiente de validación lingüística');
INSERT INTO senses VALUES ('RD-000777-S01', 'RD-000777', 1, 'Principio');
INSERT INTO lexical_entries VALUES ('RD-000778', 'Choquirá', 'Choquirá', 'choquira', NULL, '', 'Sin clasificar', '1. vt pl Hacer cabecillas (reg.: para carreras), organizar carreras 2. s Cabecilla (para carreras)', '', 'SRC-02', '39', '39', 'Transcrito', 'Autorizada para difusión', 'Pendiente de validación lingüística');
INSERT INTO senses VALUES ('RD-000778-S01', 'RD-000778', 1, 'vt pl Hacer cabecillas (reg.: para carreras), organizar carreras');
INSERT INTO senses VALUES ('RD-000778-S02', 'RD-000778', 2, 's Cabecilla (para carreras)');
INSERT INTO lexical_entries VALUES ('RD-000779', 'Choré', 'Choré', 'chore', NULL, '', 'Sin clasificar', '1. vi Tener trementina (el pino) 2. s Resina', '[fut.: choromea]', 'SRC-02', '39', '39', 'Transcrito', 'Autorizada para difusión', 'Pendiente de validación lingüística');
INSERT INTO senses VALUES ('RD-000779-S01', 'RD-000779', 1, 'vi Tener trementina (el pino)');
INSERT INTO senses VALUES ('RD-000779-S02', 'RD-000779', 2, 's Resina');
INSERT INTO examples VALUES ('RD-000779-E01', 'RD-000779', 1, '[fut.: choromea]');
INSERT INTO variants VALUES ('RD-000779-V01', 'RD-000779', 1, 'fut.: choromea');
INSERT INTO lexical_entries VALUES ('RD-000780', 'Cho’rí', 'Cho’rí', 'cho''ri', NULL, 'S', 'S', 'Mata extendida; sirve como quelite', '', 'SRC-02', '39', '39', 'Transcrito', 'Autorizada para difusión', 'Pendiente de validación lingüística');
INSERT INTO senses VALUES ('RD-000780-S01', 'RD-000780', 1, 'Mata extendida; sirve como quelite');
INSERT INTO lexical_entries VALUES ('RD-000781', 'Choró', 'Choró', 'choro', NULL, 'Vi', 'Vi', 'Estar pegajoso', '[pp.: choroami].', 'SRC-02', '39', '39', 'Transcrito', 'Autorizada para difusión', 'Pendiente de validación lingüística');
INSERT INTO senses VALUES ('RD-000781-S01', 'RD-000781', 1, 'Estar pegajoso');
INSERT INTO examples VALUES ('RD-000781-E01', 'RD-000781', 1, '[pp.: choroami].');
INSERT INTO variants VALUES ('RD-000781-V01', 'RD-000781', 1, 'pp.: choroami');
INSERT INTO lexical_entries VALUES ('RD-000782', 'Chórohua', 'Chórohua', 'chorohua', NULL, 'S', 'S', 'Mugre, suciedad', '', 'SRC-02', '39', '39', 'Transcrito', 'Autorizada para difusión', 'Pendiente de validación lingüística');
INSERT INTO senses VALUES ('RD-000782-S01', 'RD-000782', 1, 'Mugre, suciedad');
INSERT INTO lexical_entries VALUES ('RD-000783', 'Chorohuera', 'Chorohuera', 'chorohuera', NULL, 'Vi', 'Vi', 'Ensuciarse', '', 'SRC-02', '39', '39', 'Transcrito', 'Autorizada para difusión', 'Pendiente de validación lingüística');
INSERT INTO senses VALUES ('RD-000783-S01', 'RD-000783', 1, 'Ensuciarse');
INSERT INTO lexical_entries VALUES ('RD-000784', 'Chota', 'Chota', 'chota', NULL, 'Vt', 'Vt', 'Comenzar, empezar, emprender', 'Ma chotabo nochásia. Ya empezamos a trabajar. [fut.: chotama].', 'SRC-02', '39', '39', 'Transcrito', 'Autorizada para difusión', 'Pendiente de validación lingüística');
INSERT INTO senses VALUES ('RD-000784-S01', 'RD-000784', 1, 'Comenzar, empezar, emprender');
INSERT INTO examples VALUES ('RD-000784-E01', 'RD-000784', 1, 'Ma chotabo nochásia. Ya empezamos a trabajar. [fut.: chotama].');
INSERT INTO variants VALUES ('RD-000784-V01', 'RD-000784', 1, 'fut.: chotama');
INSERT INTO lexical_entries VALUES ('RD-000785', 'Choyá', 'Choyá', 'choya', NULL, 'Vi', 'Vi', 'Encogerse', 'Coyana. Encoger. Choyátari. Hacerse encoger, doblarse.', 'SRC-02', '39', '39', 'Transcrito', 'Autorizada para difusión', 'Pendiente de validación lingüística');
INSERT INTO senses VALUES ('RD-000785-S01', 'RD-000785', 1, 'Encogerse');
INSERT INTO examples VALUES ('RD-000785-E01', 'RD-000785', 1, 'Coyana. Encoger. Choyátari. Hacerse encoger, doblarse.');
INSERT INTO lexical_entries VALUES ('RD-000786', 'Chu', 'Chu', 'chu', NULL, 'Interr', 'Interr', '¿Qué?', '¿Chu anihuáami ju? ¿Qué quiere decir? ¿Chu iquí? ¿Qué pasa? ¿Chu mi iquiri? ¿Qué te parece? ¿Chu quipu? ¿Cuánto?, ¿qué cantidad? ¿Chu yena? ¿A qué hora? ¿Chu yena micabé ju? ¿Qué tan lejos está? ¿Chu yiri? ¿Qué clase?, ¿cuál?, ¿qué color?', 'SRC-02', '39', '39', 'Transcrito', 'Autorizada para difusión', 'Pendiente de validación lingüística');
INSERT INTO senses VALUES ('RD-000786-S01', 'RD-000786', 1, '¿Qué?');
INSERT INTO examples VALUES ('RD-000786-E01', 'RD-000786', 1, '¿Chu anihuáami ju? ¿Qué quiere decir? ¿Chu iquí? ¿Qué pasa? ¿Chu mi iquiri? ¿Qué te parece? ¿Chu quipu? ¿Cuánto?, ¿qué cantidad? ¿Chu yena? ¿A qué hora? ¿Chu yena micabé ju? ¿Qué tan lejos está? ¿Chu yiri? ¿Qué clase?, ¿cuál?, ¿qué color?');
INSERT INTO lexical_entries VALUES ('RD-000787', 'Chúbirigá', 'Chúbirigá', 'chubiriga', NULL, 'Adv', 'Adv', 'De alguna manera', 'Chubirigá nihuabo. Vamos a hacerlo de alguna manera.', 'SRC-02', '39', '39', 'Transcrito', 'Autorizada para difusión', 'Pendiente de validación lingüística');
INSERT INTO senses VALUES ('RD-000787-S01', 'RD-000787', 1, 'De alguna manera');
INSERT INTO examples VALUES ('RD-000787-E01', 'RD-000787', 1, 'Chubirigá nihuabo. Vamos a hacerlo de alguna manera.');
INSERT INTO lexical_entries VALUES ('RD-000788', 'Chubiyiri', 'Chubiyiri', 'chubiyiri', NULL, 'Adj', 'Adj', 'Cualquier color o clase, lo que sea', 'Arigá rariméani biré napacha, mapu chubiyiri nirúrasagá. De todos modos compraré una camisa, de cualquier color que haya.', 'SRC-02', '39', '39', 'Transcrito', 'Autorizada para difusión', 'Pendiente de validación lingüística');
INSERT INTO senses VALUES ('RD-000788-S01', 'RD-000788', 1, 'Cualquier color o clase, lo que sea');
INSERT INTO examples VALUES ('RD-000788-E01', 'RD-000788', 1, 'Arigá rariméani biré napacha, mapu chubiyiri nirúrasagá. De todos modos compraré una camisa, de cualquier color que haya.');
INSERT INTO lexical_entries VALUES ('RD-000789', 'Chuca', 'Chuca', 'chuca', NULL, 'Vi', 'Vi', 'Comer con tortilla', 'Muní chúcama. Va a comer frijoles con tortilla en lugar de cuchara.', 'SRC-02', '39', '39', 'Transcrito', 'Autorizada para difusión', 'Pendiente de validación lingüística');
INSERT INTO senses VALUES ('RD-000789-S01', 'RD-000789', 1, 'Comer con tortilla');
INSERT INTO examples VALUES ('RD-000789-E01', 'RD-000789', 1, 'Muní chúcama. Va a comer frijoles con tortilla en lugar de cuchara.');
INSERT INTO lexical_entries VALUES ('RD-000790', 'Chúcari', 'Chúcari', 'chucari', NULL, 'S', 'S', 'Comida (carne cocida con frijol).', '', 'SRC-02', '39', '39', 'Transcrito', 'Autorizada para difusión', 'Pendiente de validación lingüística');
INSERT INTO senses VALUES ('RD-000790-S01', 'RD-000790', 1, 'Comida (carne cocida con frijol).');
INSERT INTO lexical_entries VALUES ('RD-000791', 'Chucú', 'Chucú', 'chucu', NULL, 'Vi sing', 'Vi', 'Estar parado (animal, barco, camión de carga, persona agachada)', '[pl.: uchú]. Chucugá iyena. Gatea.', 'SRC-02', '39', '39', 'Transcrito', 'Autorizada para difusión', 'Pendiente de validación lingüística');
INSERT INTO senses VALUES ('RD-000791-S01', 'RD-000791', 1, 'Estar parado (animal, barco, camión de carga, persona agachada)');
INSERT INTO examples VALUES ('RD-000791-E01', 'RD-000791', 1, '[pl.: uchú]. Chucugá iyena. Gatea.');
INSERT INTO variants VALUES ('RD-000791-V01', 'RD-000791', 1, 'pl.: uchú');
INSERT INTO lexical_entries VALUES ('RD-000792', 'Chucuba', 'Chucuba', 'chucuba', NULL, 'Vi', 'Vi', 'Pararse (animal)', '[fut.: chucubama].', 'SRC-02', '39', '39', 'Transcrito', 'Autorizada para difusión', 'Pendiente de validación lingüística');
INSERT INTO senses VALUES ('RD-000792-S01', 'RD-000792', 1, 'Pararse (animal)');
INSERT INTO examples VALUES ('RD-000792-E01', 'RD-000792', 1, '[fut.: chucubama].');
INSERT INTO variants VALUES ('RD-000792-V01', 'RD-000792', 1, 'fut.: chucubama');
INSERT INTO lexical_entries VALUES ('RD-000793', 'Chuché', 'Chuché', 'chuche', NULL, 'Interr', 'Interr', '¿Qué?', '¿Chucheni orama? ¿Qué le voy a hacer?', 'SRC-02', '39', '39', 'Transcrito', 'Autorizada para difusión', 'Pendiente de validación lingüística');
INSERT INTO senses VALUES ('RD-000793-S01', 'RD-000793', 1, '¿Qué?');
INSERT INTO examples VALUES ('RD-000793-E01', 'RD-000793', 1, '¿Chucheni orama? ¿Qué le voy a hacer?');
INSERT INTO lexical_entries VALUES ('RD-000794', 'Chu’huá', 'Chu’huá', 'chu''hua', NULL, 'S', 'S', 'Tipo de quelite con hojas anchas', '', 'SRC-02', '39', '39', 'Transcrito', 'Autorizada para difusión', 'Pendiente de validación lingüística');
INSERT INTO senses VALUES ('RD-000794-S01', 'RD-000794', 1, 'Tipo de quelite con hojas anchas');
INSERT INTO lexical_entries VALUES ('RD-000795', 'Chuhué', 'Chuhué', 'chuhue', NULL, 'Adv', 'Adv', 'Como quiera', 'Chuhué biréanomí. En donde quiera. Chuhué biré. Cualquier. Chuhué bacháami simíriami. Travieso.', 'SRC-02', '39', '39', 'Transcrito', 'Autorizada para difusión', 'Pendiente de validación lingüística');
INSERT INTO senses VALUES ('RD-000795-S01', 'RD-000795', 1, 'Como quiera');
INSERT INTO examples VALUES ('RD-000795-E01', 'RD-000795', 1, 'Chuhué biréanomí. En donde quiera. Chuhué biré. Cualquier. Chuhué bacháami simíriami. Travieso.');
INSERT INTO lexical_entries VALUES ('RD-000796', 'Chu’huechi', 'Chu’huechi', 'chu''huechi', NULL, 'S', 'S', '1. panteón 2. sepulcro, tumba', '', 'SRC-02', '39', '39', 'Transcrito', 'Autorizada para difusión', 'Pendiente de validación lingüística');
INSERT INTO senses VALUES ('RD-000796-S01', 'RD-000796', 1, 'panteón');
INSERT INTO senses VALUES ('RD-000796-S02', 'RD-000796', 2, 'sepulcro, tumba');
INSERT INTO lexical_entries VALUES ('RD-000797', 'Chu’huépari', 'Chu’huépari', 'chu''huepari', NULL, 'S', 'S', 'Pájaro saltapared', '', 'SRC-02', '39', '39', 'Transcrito', 'Autorizada para difusión', 'Pendiente de validación lingüística');
INSERT INTO senses VALUES ('RD-000797-S01', 'RD-000797', 1, 'Pájaro saltapared');
INSERT INTO lexical_entries VALUES ('RD-000798', 'Chuhuérahua', 'Chuhuérahua', 'chuhuerahua', NULL, 'Vt', 'Vt', 'Hacer como quiera, no hacerlo bien', '', 'SRC-02', '40', '40', 'Transcrito', 'Autorizada para difusión', 'Pendiente de validación lingüística');
INSERT INTO senses VALUES ('RD-000798-S01', 'RD-000798', 1, 'Hacer como quiera, no hacerlo bien');
INSERT INTO lexical_entries VALUES ('RD-000799', 'Chu’huí', 'Chu’huí', 'chu''hui', NULL, 'S', 'S', '1. espíritu, espanto, fantasma 2. cadáver', 'Chu’huí inaro. Anda un espanto. Chu’huí matóamo ‘yena. Anda llevando un cadáver.', 'SRC-02', '40', '40', 'Transcrito', 'Autorizada para difusión', 'Pendiente de validación lingüística');
INSERT INTO senses VALUES ('RD-000799-S01', 'RD-000799', 1, 'espíritu, espanto, fantasma');
INSERT INTO senses VALUES ('RD-000799-S02', 'RD-000799', 2, 'cadáver');
INSERT INTO examples VALUES ('RD-000799-E01', 'RD-000799', 1, 'Chu’huí inaro. Anda un espanto. Chu’huí matóamo ‘yena. Anda llevando un cadáver.');
INSERT INTO lexical_entries VALUES ('RD-000800', 'Chu’huiró', 'Chu’huiró', 'chu''huiro', NULL, 'Vt', 'Vt', 'Sepultar enterrar', '[pp.: chu’huirótami].', 'SRC-02', '40', '40', 'Transcrito', 'Autorizada para difusión', 'Pendiente de validación lingüística');
INSERT INTO senses VALUES ('RD-000800-S01', 'RD-000800', 1, 'Sepultar enterrar');
INSERT INTO examples VALUES ('RD-000800-E01', 'RD-000800', 1, '[pp.: chu’huirótami].');
INSERT INTO variants VALUES ('RD-000800-V01', 'RD-000800', 1, 'pp.: chu’huirótami');
INSERT INTO lexical_entries VALUES ('RD-000801', 'Chu’má', 'Chu’má', 'chu''ma', NULL, 'Vt', 'Vt', 'Chupar, picotear', '[fut.: chu’mamaéa].', 'SRC-02', '40', '40', 'Transcrito', 'Autorizada para difusión', 'Pendiente de validación lingüística');
INSERT INTO senses VALUES ('RD-000801-S01', 'RD-000801', 1, 'Chupar, picotear');
INSERT INTO examples VALUES ('RD-000801-E01', 'RD-000801', 1, '[fut.: chu’mamaéa].');
INSERT INTO variants VALUES ('RD-000801-V01', 'RD-000801', 1, 'fut.: chu’mamaéa');
INSERT INTO lexical_entries VALUES ('RD-000802', 'Chumarí', 'Chumarí', 'chumari', NULL, 'S', 'S', 'Venado', 'Marichi. Venadito.', 'SRC-02', '40', '40', 'Transcrito', 'Autorizada para difusión', 'Pendiente de validación lingüística');
INSERT INTO senses VALUES ('RD-000802-S01', 'RD-000802', 1, 'Venado');
INSERT INTO examples VALUES ('RD-000802-E01', 'RD-000802', 1, 'Marichi. Venadito.');
INSERT INTO lexical_entries VALUES ('RD-000803', 'Chumé', 'Chumé', 'chume', NULL, 'Vi', 'Vi', 'Tener labios', 'Nijé chumírachi. En mis labios.', 'SRC-02', '40', '40', 'Transcrito', 'Autorizada para difusión', 'Pendiente de validación lingüística');
INSERT INTO senses VALUES ('RD-000803-S01', 'RD-000803', 1, 'Tener labios');
INSERT INTO examples VALUES ('RD-000803-E01', 'RD-000803', 1, 'Nijé chumírachi. En mis labios.');
INSERT INTO lexical_entries VALUES ('RD-000804', 'Chu’mí', 'Chu’mí', 'chu''mi', NULL, 'Vt', 'Vt', '1. chupar (comiendo) 2. comer comida aguada (con los dedos)', '[fut.: chu’muméa].', 'SRC-02', '40', '40', 'Transcrito', 'Autorizada para difusión', 'Pendiente de validación lingüística');
INSERT INTO senses VALUES ('RD-000804-S01', 'RD-000804', 1, 'chupar (comiendo)');
INSERT INTO senses VALUES ('RD-000804-S02', 'RD-000804', 2, 'comer comida aguada (con los dedos)');
INSERT INTO examples VALUES ('RD-000804-E01', 'RD-000804', 1, '[fut.: chu’muméa].');
INSERT INTO variants VALUES ('RD-000804-V01', 'RD-000804', 1, 'fut.: chu’muméa');
INSERT INTO lexical_entries VALUES ('RD-000805', 'Chumí', 'Chumí', 'chumi', NULL, 'S', 'S', 'Labio', '', 'SRC-02', '40', '40', 'Transcrito', 'Autorizada para difusión', 'Pendiente de validación lingüística');
INSERT INTO senses VALUES ('RD-000805-S01', 'RD-000805', 1, 'Labio');
INSERT INTO lexical_entries VALUES ('RD-000806', 'Chumorí', 'Chumorí', 'chumori', NULL, 'S', 'S', 'Ardilla (color gris, anda en los árboles)', '', 'SRC-02', '40', '40', 'Transcrito', 'Autorizada para difusión', 'Pendiente de validación lingüística');
INSERT INTO senses VALUES ('RD-000806-S01', 'RD-000806', 1, 'Ardilla (color gris, anda en los árboles)');
INSERT INTO lexical_entries VALUES ('RD-000807', 'Chuná', 'Chuná', 'chuna', NULL, 'S', 'S', 'Higuera', 'Chunárari. En la higuera. Chuná racara. Higos.', 'SRC-02', '40', '40', 'Transcrito', 'Autorizada para difusión', 'Pendiente de validación lingüística');
INSERT INTO senses VALUES ('RD-000807-S01', 'RD-000807', 1, 'Higuera');
INSERT INTO examples VALUES ('RD-000807-E01', 'RD-000807', 1, 'Chunárari. En la higuera. Chuná racara. Higos.');
INSERT INTO lexical_entries VALUES ('RD-000808', 'Chunú', 'Chunú', 'chunu', NULL, 'Vt', 'Vt', 'Chupar, absorber', 'Hui’yé gará chunú ba’huí. La tierra absorbe el agua. [fut.: chunuméa]. Chunugá bají. Lo chupa. Chunurú. Vt Chupar, sorber (una vez)', 'SRC-02', '40', '40', 'Transcrito', 'Autorizada para difusión', 'Pendiente de validación lingüística');
INSERT INTO senses VALUES ('RD-000808-S01', 'RD-000808', 1, 'Chupar, absorber');
INSERT INTO examples VALUES ('RD-000808-E01', 'RD-000808', 1, 'Hui’yé gará chunú ba’huí. La tierra absorbe el agua. [fut.: chunuméa]. Chunugá bají. Lo chupa. Chunurú. Vt Chupar, sorber (una vez)');
INSERT INTO variants VALUES ('RD-000808-V01', 'RD-000808', 1, 'fut.: chunuméa');
INSERT INTO lexical_entries VALUES ('RD-000809', 'Chupabú', 'Chupabú', 'chupabu', NULL, 'Vt', 'Vt', 'Despuntar', '', 'SRC-02', '40', '40', 'Transcrito', 'Autorizada para difusión', 'Pendiente de validación lingüística');
INSERT INTO senses VALUES ('RD-000809-S01', 'RD-000809', 1, 'Despuntar');
INSERT INTO lexical_entries VALUES ('RD-000810', 'Chupamóori', 'Chupamóori', 'chupamoori', NULL, 'Vi pret', 'Vi', 'Quebrarse la punta', 'Ma chupamóori huica. Ya se quebró la punta del palo de sembrar.', 'SRC-02', '40', '40', 'Transcrito', 'Autorizada para difusión', 'Pendiente de validación lingüística');
INSERT INTO senses VALUES ('RD-000810-S01', 'RD-000810', 1, 'Quebrarse la punta');
INSERT INTO examples VALUES ('RD-000810-E01', 'RD-000810', 1, 'Ma chupamóori huica. Ya se quebró la punta del palo de sembrar.');
INSERT INTO lexical_entries VALUES ('RD-000811', 'Chupara', 'Chupara', 'chupara', NULL, 'Vt', 'Vt', 'Sacar punta', '', 'SRC-02', '40', '40', 'Transcrito', 'Autorizada para difusión', 'Pendiente de validación lingüística');
INSERT INTO senses VALUES ('RD-000811-S01', 'RD-000811', 1, 'Sacar punta');
INSERT INTO lexical_entries VALUES ('RD-000812', 'Chupéami', 'Chupéami', 'chupeami', NULL, 'Adj', 'Adj', 'Agudo, puntiagudo', 'Je’ná ripiyá hue chupéamo ju. Este cuchillo es muy puntiagudo.', 'SRC-02', '40', '40', 'Transcrito', 'Autorizada para difusión', 'Pendiente de validación lingüística');
INSERT INTO senses VALUES ('RD-000812-S01', 'RD-000812', 1, 'Agudo, puntiagudo');
INSERT INTO examples VALUES ('RD-000812-E01', 'RD-000812', 1, 'Je’ná ripiyá hue chupéamo ju. Este cuchillo es muy puntiagudo.');
INSERT INTO lexical_entries VALUES ('RD-000813', 'Churé', '1Churé', 'chure', '1', 'Interr', 'Interr', '¿Por qué?', '¿Churécura? ¿Por qué? ¿Churicóriaba? ¿Por qué?', 'SRC-02', '40', '40', 'Transcrito', 'Autorizada para difusión', 'Pendiente de validación lingüística');
INSERT INTO senses VALUES ('RD-000813-S01', 'RD-000813', 1, '¿Por qué?');
INSERT INTO examples VALUES ('RD-000813-E01', 'RD-000813', 1, '¿Churécura? ¿Por qué? ¿Churicóriaba? ¿Por qué?');
INSERT INTO lexical_entries VALUES ('RD-000814', 'Churé', '2Churé', 'chure', '2', 'S', 'S', 'Coatí, cholubo (un ani,al que anda en los arroyos y hociquea la tierra)', '', 'SRC-02', '40', '40', 'Transcrito', 'Autorizada para difusión', 'Pendiente de validación lingüística');
INSERT INTO senses VALUES ('RD-000814-S01', 'RD-000814', 1, 'Coatí, cholubo (un ani,al que anda en los arroyos y hociquea la tierra)');
INSERT INTO lexical_entries VALUES ('RD-000815', 'Churi', 'Churi', 'churi', NULL, 'S sing', 'S', 'Perrito', 'Huicabé nirú cuchiri. Hay muchos perritos [pl.: cuchuri].', 'SRC-02', '40', '40', 'Transcrito', 'Autorizada para difusión', 'Pendiente de validación lingüística');
INSERT INTO senses VALUES ('RD-000815-S01', 'RD-000815', 1, 'Perrito');
INSERT INTO examples VALUES ('RD-000815-E01', 'RD-000815', 1, 'Huicabé nirú cuchiri. Hay muchos perritos [pl.: cuchuri].');
INSERT INTO variants VALUES ('RD-000815-V01', 'RD-000815', 1, 'pl.: cuchuri');
INSERT INTO lexical_entries VALUES ('RD-000816', '¿Churicó?', '¿Churicó?', '¿churico?', NULL, 'Interr', 'Interr', '¿Cuándo? ¿Qué día?', '¿Churicó rahué? Interr ¿Qué día?', 'SRC-02', '40', '40', 'Transcrito', 'Autorizada para difusión', 'Pendiente de validación lingüística');
INSERT INTO senses VALUES ('RD-000816-S01', 'RD-000816', 1, '¿Cuándo? ¿Qué día?');
INSERT INTO examples VALUES ('RD-000816-E01', 'RD-000816', 1, '¿Churicó rahué? Interr ¿Qué día?');
INSERT INTO lexical_entries VALUES ('RD-000817', 'Churichi', 'Churichi', 'churichi', NULL, 'S', 'S', 'Cerro picudo, pico, cima', '', 'SRC-02', '40', '40', 'Transcrito', 'Autorizada para difusión', 'Pendiente de validación lingüística');
INSERT INTO senses VALUES ('RD-000817-S01', 'RD-000817', 1, 'Cerro picudo, pico, cima');
INSERT INTO lexical_entries VALUES ('RD-000818', '¿Churigá?', '¿Churigá?', '¿churiga?', NULL, 'Interr', 'Interr', '¿Cómo?, ¿de qué modo?, ¿de qué manera?', '¿Churigá mi mayé? ¿Qué te parece?', 'SRC-02', '40', '40', 'Transcrito', 'Autorizada para difusión', 'Pendiente de validación lingüística');
INSERT INTO senses VALUES ('RD-000818-S01', 'RD-000818', 1, '¿Cómo?, ¿de qué modo?, ¿de qué manera?');
INSERT INTO examples VALUES ('RD-000818-E01', 'RD-000818', 1, '¿Churigá mi mayé? ¿Qué te parece?');
INSERT INTO lexical_entries VALUES ('RD-000819', 'Churipi', 'Churipi', 'churipi', NULL, 'S', 'S', 'Pollito', '', 'SRC-02', '40', '40', 'Transcrito', 'Autorizada para difusión', 'Pendiente de validación lingüística');
INSERT INTO senses VALUES ('RD-000819-S01', 'RD-000819', 1, 'Pollito');
INSERT INTO lexical_entries VALUES ('RD-000820', 'Churírari', 'Churírari', 'churirari', NULL, 'S', 'S', 'Pico del cerro, entre los cerros, en la punta del cerro', '', 'SRC-02', '40', '40', 'Transcrito', 'Autorizada para difusión', 'Pendiente de validación lingüística');
INSERT INTO senses VALUES ('RD-000820-S01', 'RD-000820', 1, 'Pico del cerro, entre los cerros, en la punta del cerro');
INSERT INTO lexical_entries VALUES ('RD-000821', 'Churomí ocó', 'Churomí ocó', 'churomi oco', NULL, 'Vi', 'Vi', 'Tener reuma, sentir el cuerpo dolorido', '', 'SRC-02', '40', '40', 'Transcrito', 'Autorizada para difusión', 'Pendiente de validación lingüística');
INSERT INTO senses VALUES ('RD-000821-S01', 'RD-000821', 1, 'Tener reuma, sentir el cuerpo dolorido');
INSERT INTO lexical_entries VALUES ('RD-000822', 'Churú', 'Churú', 'churu', NULL, 'S', 'S', 'Tamaño, tan grande', '¿Chu churubi? ¿Qué tan grande es? Je churú ju. Es de este tamaño. Pe táa ju, mapu churú echi táa racara. Es tan chiquito como esa pequeña semilla.', 'SRC-02', '40', '40', 'Transcrito', 'Autorizada para difusión', 'Pendiente de validación lingüística');
INSERT INTO senses VALUES ('RD-000822-S01', 'RD-000822', 1, 'Tamaño, tan grande');
INSERT INTO examples VALUES ('RD-000822-E01', 'RD-000822', 1, '¿Chu churubi? ¿Qué tan grande es? Je churú ju. Es de este tamaño. Pe táa ju, mapu churú echi táa racara. Es tan chiquito como esa pequeña semilla.');
INSERT INTO lexical_entries VALUES ('RD-000823', 'Churubí', 'Churubí', 'churubi', NULL, 'Vi', 'Vi', 'Ponerse paño (en la cabeza)', '', 'SRC-02', '41', '41', 'Transcrito', 'Autorizada para difusión', 'Pendiente de validación lingüística');
INSERT INTO senses VALUES ('RD-000823-S01', 'RD-000823', 1, 'Ponerse paño (en la cabeza)');
INSERT INTO lexical_entries VALUES ('RD-000824', 'Churubi', 'Churubi', 'churubi', NULL, 'Adv', 'Adv', 'En todo tiempo', 'Churubi rahué. Todos los días.', 'SRC-02', '41', '41', 'Transcrito', 'Autorizada para difusión', 'Pendiente de validación lingüística');
INSERT INTO senses VALUES ('RD-000824-S01', 'RD-000824', 1, 'En todo tiempo');
INSERT INTO examples VALUES ('RD-000824-E01', 'RD-000824', 1, 'Churubi rahué. Todos los días.');
INSERT INTO lexical_entries VALUES ('RD-000825', 'Churubíchara', 'Churubíchara', 'churubichara', NULL, 'S', 'S', 'Cotense (tela)', '', 'SRC-02', '41', '41', 'Transcrito', 'Autorizada para difusión', 'Pendiente de validación lingüística');
INSERT INTO senses VALUES ('RD-000825-S01', 'RD-000825', 1, 'Cotense (tela)');
INSERT INTO lexical_entries VALUES ('RD-000826', 'Churubira', 'Churubira', 'churubira', NULL, 'S', 'S', 'Paño para la cabeza, un cotense', '', 'SRC-02', '41', '41', 'Transcrito', 'Autorizada para difusión', 'Pendiente de validación lingüística');
INSERT INTO senses VALUES ('RD-000826-S01', 'RD-000826', 1, 'Paño para la cabeza, un cotense');
INSERT INTO lexical_entries VALUES ('RD-000827', 'Churuguí', 'Churuguí', 'churugui', NULL, 'S', 'S', 'pájaro', 'Churuguí cho’orá. Pico de pájaro. Churuguí rosorá. El nido del pájaro.', 'SRC-02', '41', '41', 'Transcrito', 'Autorizada para difusión', 'Pendiente de validación lingüística');
INSERT INTO senses VALUES ('RD-000827-S01', 'RD-000827', 1, 'pájaro');
INSERT INTO examples VALUES ('RD-000827-E01', 'RD-000827', 1, 'Churuguí cho’orá. Pico de pájaro. Churuguí rosorá. El nido del pájaro.');
INSERT INTO lexical_entries VALUES ('RD-000828', '¿Chuséa?', '¿Chuséa?', '¿chusea?', NULL, 'Interr', 'Interr', '¿Por qué?', '', 'SRC-02', '41', '41', 'Transcrito', 'Autorizada para difusión', 'Pendiente de validación lingüística');
INSERT INTO senses VALUES ('RD-000828-S01', 'RD-000828', 1, '¿Por qué?');
INSERT INTO lexical_entries VALUES ('RD-000829', 'Chutá', 'Chutá', 'chuta', NULL, 'Vt', 'Vt', 'Afilar', '[fut.: chutama; pp.: chutárami].', 'SRC-02', '41', '41', 'Transcrito', 'Autorizada para difusión', 'Pendiente de validación lingüística');
INSERT INTO senses VALUES ('RD-000829-S01', 'RD-000829', 1, 'Afilar');
INSERT INTO examples VALUES ('RD-000829-E01', 'RD-000829', 1, '[fut.: chutama; pp.: chutárami].');
INSERT INTO variants VALUES ('RD-000829-V01', 'RD-000829', 1, 'fut.: chutama; pp.: chutárami');
INSERT INTO lexical_entries VALUES ('RD-000830', 'Chu’yá', 'Chu’yá', 'chu''ya', NULL, 'S', 'S', 'Azulejo (grande y copetudo)', '', 'SRC-02', '41', '41', 'Transcrito', 'Autorizada para difusión', 'Pendiente de validación lingüística');
INSERT INTO senses VALUES ('RD-000830-S01', 'RD-000830', 1, 'Azulejo (grande y copetudo)');
INSERT INTO lexical_entries VALUES ('RD-000831', 'Chu’yépari', 'Chu’yépari', 'chu''yepari', NULL, 'S', 'S', 'Saltapared (más grande)', '', 'SRC-02', '41', '41', 'Transcrito', 'Autorizada para difusión', 'Pendiente de validación lingüística');
INSERT INTO senses VALUES ('RD-000831-S01', 'RD-000831', 1, 'Saltapared (más grande)');
INSERT INTO lexical_entries VALUES ('RD-000832', '¿Chuyiri?', '¿Chuyiri?', '¿chuyiri?', NULL, 'Interr', 'Interr', '¿Cuál?, ¿de qué color?', '', 'SRC-02', '41', '41', 'Transcrito', 'Autorizada para difusión', 'Pendiente de validación lingüística');
INSERT INTO senses VALUES ('RD-000832-S01', 'RD-000832', 1, '¿Cuál?, ¿de qué color?');
INSERT INTO lexical_entries VALUES ('RD-000833', 'Chuyíripi', 'Chuyíripi', 'chuyiripi', NULL, 'Pron', 'Pron', 'Cualquiera', '', 'SRC-02', '41', '41', 'Transcrito', 'Autorizada para difusión', 'Pendiente de validación lingüística');
INSERT INTO senses VALUES ('RD-000833-S01', 'RD-000833', 1, 'Cualquiera');
INSERT INTO lexical_entries VALUES ('RD-000834', 'Échani', 'Échani', 'echani', NULL, '', 'Sin clasificar', 'Así dice, eso dice', '', 'SRC-02', '41', '41', 'Transcrito', 'Autorizada para difusión', 'Pendiente de validación lingüística');
INSERT INTO senses VALUES ('RD-000834-S01', 'RD-000834', 1, 'Así dice, eso dice');
INSERT INTO lexical_entries VALUES ('RD-000835', 'Echarí', 'Echarí', 'echari', NULL, 'Adv', 'Adv', 'Entonces, más allá', 'Echarí jonsa. Desde entonces.', 'SRC-02', '41', '41', 'Transcrito', 'Autorizada para difusión', 'Pendiente de validación lingüística');
INSERT INTO senses VALUES ('RD-000835-S01', 'RD-000835', 1, 'Entonces, más allá');
INSERT INTO examples VALUES ('RD-000835-E01', 'RD-000835', 1, 'Echarí jonsa. Desde entonces.');
INSERT INTO lexical_entries VALUES ('RD-000836', 'Echi', 'Echi', 'echi', NULL, 'Pron dem', 'Pron', 'Ése, ésa, aquél, eso', 'Echi jaré. Esos, esas.', 'SRC-02', '41', '41', 'Transcrito', 'Autorizada para difusión', 'Pendiente de validación lingüística');
INSERT INTO senses VALUES ('RD-000836-S01', 'RD-000836', 1, 'Ése, ésa, aquél, eso');
INSERT INTO examples VALUES ('RD-000836-E01', 'RD-000836', 1, 'Echi jaré. Esos, esas.');
INSERT INTO lexical_entries VALUES ('RD-000837', 'Échico', 'Échico', 'echico', NULL, 'Adj dem', 'Adj', 'Ese, esa', '', 'SRC-02', '41', '41', 'Transcrito', 'Autorizada para difusión', 'Pendiente de validación lingüística');
INSERT INTO senses VALUES ('RD-000837-S01', 'RD-000837', 1, 'Ese, esa');
INSERT INTO lexical_entries VALUES ('RD-000838', 'Echijiti', 'Echijiti', 'echijiti', NULL, 'Adv', 'Adv', 'Por algo, por causa de, por lo tanto', '', 'SRC-02', '41', '41', 'Transcrito', 'Autorizada para difusión', 'Pendiente de validación lingüística');
INSERT INTO senses VALUES ('RD-000838-S01', 'RD-000838', 1, 'Por algo, por causa de, por lo tanto');
INSERT INTO lexical_entries VALUES ('RD-000839', 'Echimí', 'Echimí', 'echimi', NULL, 'Adj dem', 'Adj', 'Aquel, aquella', '', 'SRC-02', '41', '41', 'Transcrito', 'Autorizada para difusión', 'Pendiente de validación lingüística');
INSERT INTO senses VALUES ('RD-000839-S01', 'RD-000839', 1, 'Aquel, aquella');
INSERT INTO lexical_entries VALUES ('RD-000840', 'Echiquí', 'Echiquí', 'echiqui', NULL, 'Adj dem', 'Adj', 'Esa cantidad', 'Echiquini ra’ichama es todo que voy a decir.', 'SRC-02', '41', '41', 'Transcrito', 'Autorizada para difusión', 'Pendiente de validación lingüística');
INSERT INTO senses VALUES ('RD-000840-S01', 'RD-000840', 1, 'Esa cantidad');
INSERT INTO examples VALUES ('RD-000840-E01', 'RD-000840', 1, 'Echiquini ra’ichama es todo que voy a decir.');
INSERT INTO lexical_entries VALUES ('RD-000841', 'Echirigá', 'Echirigá', 'echiriga', NULL, 'Adv', 'Adv', 'Así, de esa manera', 'Echirigá huarubé. Tan grande.', 'SRC-02', '41', '41', 'Transcrito', 'Autorizada para difusión', 'Pendiente de validación lingüística');
INSERT INTO senses VALUES ('RD-000841-S01', 'RD-000841', 1, 'Así, de esa manera');
INSERT INTO examples VALUES ('RD-000841-E01', 'RD-000841', 1, 'Echirigá huarubé. Tan grande.');
INSERT INTO lexical_entries VALUES ('RD-000842', 'Echiyena', 'Echiyena', 'echiyena', NULL, 'Adj', 'Adj', 'Ese tanto', '', 'SRC-02', '41', '41', 'Transcrito', 'Autorizada para difusión', 'Pendiente de validación lingüística');
INSERT INTO senses VALUES ('RD-000842-S01', 'RD-000842', 1, 'Ese tanto');
INSERT INTO lexical_entries VALUES ('RD-000843', 'Echiyiri', 'Echiyiri', 'echiyiri', NULL, 'Adj', 'Adj', 'Esa clase, tal', '', 'SRC-02', '41', '41', 'Transcrito', 'Autorizada para difusión', 'Pendiente de validación lingüística');
INSERT INTO senses VALUES ('RD-000843-S01', 'RD-000843', 1, 'Esa clase, tal');
INSERT INTO lexical_entries VALUES ('RD-000844', 'Echocuá', 'Echocuá', 'echocua', NULL, 'Adv', 'Adv', 'Allí, por atrás', 'Echocuá inaro. Allí, por atrás, viene.', 'SRC-02', '41', '41', 'Transcrito', 'Autorizada para difusión', 'Pendiente de validación lingüística');
INSERT INTO senses VALUES ('RD-000844-S01', 'RD-000844', 1, 'Allí, por atrás');
INSERT INTO examples VALUES ('RD-000844-E01', 'RD-000844', 1, 'Echocuá inaro. Allí, por atrás, viene.');
INSERT INTO lexical_entries VALUES ('RD-000845', 'Echomí', 'Echomí', 'echomi', NULL, 'Adv', 'Adv', 'Para allá', 'Echomí inaro. Por allá va. ¡Echomí! ¡Quítate! ¡Hazte a un lado!', 'SRC-02', '41', '41', 'Transcrito', 'Autorizada para difusión', 'Pendiente de validación lingüística');
INSERT INTO senses VALUES ('RD-000845-S01', 'RD-000845', 1, 'Para allá');
INSERT INTO examples VALUES ('RD-000845-E01', 'RD-000845', 1, 'Echomí inaro. Por allá va. ¡Echomí! ¡Quítate! ¡Hazte a un lado!');
INSERT INTO lexical_entries VALUES ('RD-000846', 'Echo’ná', 'Echo’ná', 'echo''na', NULL, 'Adv', 'Adv', 'Allí, allá, ahí, hacia allá, por allá', 'Echo’ná inaro. Alla viene. Echo’ná Samichí. A Samachique.', 'SRC-02', '41', '41', 'Transcrito', 'Autorizada para difusión', 'Pendiente de validación lingüística');
INSERT INTO senses VALUES ('RD-000846-S01', 'RD-000846', 1, 'Allí, allá, ahí, hacia allá, por allá');
INSERT INTO examples VALUES ('RD-000846-E01', 'RD-000846', 1, 'Echo’ná inaro. Alla viene. Echo’ná Samichí. A Samachique.');
INSERT INTO lexical_entries VALUES ('RD-000847', 'Echorá', 'Echorá', 'echora', NULL, '', 'Sin clasificar', 'Así hace, eso hace, de ese modo hace', '', 'SRC-02', '41', '41', 'Transcrito', 'Autorizada para difusión', 'Pendiente de validación lingüística');
INSERT INTO senses VALUES ('RD-000847-S01', 'RD-000847', 1, 'Así hace, eso hace, de ese modo hace');
INSERT INTO lexical_entries VALUES ('RD-000848', 'Eperí', 'Eperí', 'eperi', NULL, 'Vi', 'Vi', 'Estuvimos acostados', 'Huete ‘nata eperita. Estuvimos acostados pensando.', 'SRC-02', '41', '41', 'Transcrito', 'Autorizada para difusión', 'Pendiente de validación lingüística');
INSERT INTO senses VALUES ('RD-000848-S01', 'RD-000848', 1, 'Estuvimos acostados');
INSERT INTO examples VALUES ('RD-000848-E01', 'RD-000848', 1, 'Huete ‘nata eperita. Estuvimos acostados pensando.');
INSERT INTO lexical_entries VALUES ('RD-000849', 'Gará', 'Gará', 'gara', NULL, 'Adj, adv', 'Adj', '1. bueno (sabroso) 2. bien (sano)', 'Hue gará ju muní. Está muy bueno el frijol. Echi mapu nayúamo níiri ma gará ju. El que estaba enfermo ya está bien.', 'SRC-02', '41', '41', 'Transcrito', 'Autorizada para difusión', 'Pendiente de validación lingüística');
INSERT INTO senses VALUES ('RD-000849-S01', 'RD-000849', 1, 'bueno (sabroso)');
INSERT INTO senses VALUES ('RD-000849-S02', 'RD-000849', 2, 'bien (sano)');
INSERT INTO examples VALUES ('RD-000849-E01', 'RD-000849', 1, 'Hue gará ju muní. Está muy bueno el frijol. Echi mapu nayúamo níiri ma gará ju. El que estaba enfermo ya está bien.');
INSERT INTO lexical_entries VALUES ('RD-000850', 'Gará aní', 'Gará aní', 'gara ani', NULL, 'Vi pl', 'Vi', 'Ponerse de acuerdo', 'Si’néami gará aniri carí nihuáboriya. Todos se pusieron de acuerdo en que se construyese una casa.', 'SRC-02', '41', '41', 'Transcrito', 'Autorizada para difusión', 'Pendiente de validación lingüística');
INSERT INTO senses VALUES ('RD-000850-S01', 'RD-000850', 1, 'Ponerse de acuerdo');
INSERT INTO examples VALUES ('RD-000850-E01', 'RD-000850', 1, 'Si’néami gará aniri carí nihuáboriya. Todos se pusieron de acuerdo en que se construyese una casa.');
INSERT INTO lexical_entries VALUES ('RD-000851', 'Garabé', 'Garabé', 'garabe', NULL, 'Adj', 'Adj', 'Muy bien, muy bueno, fino, perfecto', 'Garabé ané. Alabar.', 'SRC-02', '41', '41', 'Transcrito', 'Autorizada para difusión', 'Pendiente de validación lingüística');
INSERT INTO senses VALUES ('RD-000851-S01', 'RD-000851', 1, 'Muy bien, muy bueno, fino, perfecto');
INSERT INTO examples VALUES ('RD-000851-E01', 'RD-000851', 1, 'Garabé ané. Alabar.');
INSERT INTO lexical_entries VALUES ('RD-000852', 'Garabéara', 'Garabéara', 'garabeara', NULL, 'Adj', 'Adj', 'Muy bueno', '', 'SRC-02', '41', '41', 'Transcrito', 'Autorizada para difusión', 'Pendiente de validación lingüística');
INSERT INTO senses VALUES ('RD-000852-S01', 'RD-000852', 1, 'Muy bueno');
INSERT INTO lexical_entries VALUES ('RD-000853', 'Garabérata', 'Garabérata', 'garaberata', NULL, 'Vt', 'Vt', 'Hacer muy bueno', '', 'SRC-02', '41', '41', 'Transcrito', 'Autorizada para difusión', 'Pendiente de validación lingüística');
INSERT INTO senses VALUES ('RD-000853-S01', 'RD-000853', 1, 'Hacer muy bueno');
INSERT INTO lexical_entries VALUES ('RD-000854', 'Garábusi', 'Garábusi', 'garabusi', NULL, 'S', 'S', 'Bolitas en el encino que se forman en mayo', '', 'SRC-02', '41', '41', 'Transcrito', 'Autorizada para difusión', 'Pendiente de validación lingüística');
INSERT INTO senses VALUES ('RD-000854-S01', 'RD-000854', 1, 'Bolitas en el encino que se forman en mayo');
INSERT INTO lexical_entries VALUES ('RD-000855', 'Garana', 'Garana', 'garana', NULL, 'Vi', 'Vi', 'Mejorarse, convertirse', '', 'SRC-02', '42', '42', 'Transcrito', 'Autorizada para difusión', 'Pendiente de validación lingüística');
INSERT INTO senses VALUES ('RD-000855-S01', 'RD-000855', 1, 'Mejorarse, convertirse');
INSERT INTO lexical_entries VALUES ('RD-000856', 'Garani machí', 'Garani machí', 'garani machi', NULL, '', 'Sin clasificar', 'Estoy seguro', '', 'SRC-02', '42', '42', 'Transcrito', 'Autorizada para difusión', 'Pendiente de validación lingüística');
INSERT INTO senses VALUES ('RD-000856-S01', 'RD-000856', 1, 'Estoy seguro');
INSERT INTO lexical_entries VALUES ('RD-000857', 'Garanta', 'Garanta', 'garanta', NULL, 'Vt', 'Vt', 'Mejorar', '', 'SRC-02', '42', '42', 'Transcrito', 'Autorizada para difusión', 'Pendiente de validación lingüística');
INSERT INTO senses VALUES ('RD-000857-S01', 'RD-000857', 1, 'Mejorar');
INSERT INTO lexical_entries VALUES ('RD-000858', 'Garara', 'Garara', 'garara', NULL, 'Vt', 'Vt', 'Componer, mejorar', '', 'SRC-02', '42', '42', 'Transcrito', 'Autorizada para difusión', 'Pendiente de validación lingüística');
INSERT INTO senses VALUES ('RD-000858-S01', 'RD-000858', 1, 'Componer, mejorar');
INSERT INTO lexical_entries VALUES ('RD-000859', 'Garé', 'Garé', 'gare', NULL, 'Vt', 'Vt', 'Amar, querer (véase 2caré)', '[pp.: garérami].', 'SRC-02', '42', '42', 'Transcrito', 'Autorizada para difusión', 'Pendiente de validación lingüística');
INSERT INTO senses VALUES ('RD-000859-S01', 'RD-000859', 1, 'Amar, querer (véase 2caré)');
INSERT INTO examples VALUES ('RD-000859-E01', 'RD-000859', 1, '[pp.: garérami].');
INSERT INTO variants VALUES ('RD-000859-V01', 'RD-000859', 1, 'pp.: garérami');
INSERT INTO lexical_entries VALUES ('RD-000860', 'Nota: al principio de la palabra no siempre se pronuncia la hu.', 'Nota: al principio de la palabra no siempre se pronuncia la hu.', 'nota: al principio de la palabra no siempre se pronuncia la hu.', NULL, '', 'Sin clasificar', '', '', 'SRC-02', '42', '42', 'Transcrito', 'Autorizada para difusión', 'Pendiente de validación lingüística');
INSERT INTO lexical_entries VALUES ('RD-000861', 'Hua', '1Hua', 'hua', '1', 'S', 'S', 'Flecha', 'Echi tohuí hua ca inaro. Ese niño anda llevando flechas.', 'SRC-02', '42', '42', 'Transcrito', 'Autorizada para difusión', 'Pendiente de validación lingüística');
INSERT INTO senses VALUES ('RD-000861-S01', 'RD-000861', 1, 'Flecha');
INSERT INTO examples VALUES ('RD-000861-E01', 'RD-000861', 1, 'Echi tohuí hua ca inaro. Ese niño anda llevando flechas.');
INSERT INTO lexical_entries VALUES ('RD-000862', 'Hua', '2Hua', 'hua', '2', 'Vi', 'Vi', 'Madurarse', 'Que cho huari masana. Todavía no se han madurado las manzanas. [ad.: huáami; pp.: huacami].', 'SRC-02', '42', '42', 'Transcrito', 'Autorizada para difusión', 'Pendiente de validación lingüística');
INSERT INTO senses VALUES ('RD-000862-S01', 'RD-000862', 1, 'Madurarse');
INSERT INTO examples VALUES ('RD-000862-E01', 'RD-000862', 1, 'Que cho huari masana. Todavía no se han madurado las manzanas. [ad.: huáami; pp.: huacami].');
INSERT INTO variants VALUES ('RD-000862-V01', 'RD-000862', 1, 'ad.: huáami; pp.: huacami');
INSERT INTO lexical_entries VALUES ('RD-000863', 'Hua’á', 'Hua’á', 'hua''a', NULL, 'S', 'S', 'Sabina (árbol)', '', 'SRC-02', '42', '42', 'Transcrito', 'Autorizada para difusión', 'Pendiente de validación lingüística');
INSERT INTO senses VALUES ('RD-000863-S01', 'RD-000863', 1, 'Sabina (árbol)');
INSERT INTO lexical_entries VALUES ('RD-000864', 'Huáasi, huacasí', 'Huáasi, huacasí', 'huaasi, huacasi', NULL, 'S esp', 'S', 'Vaca, res', 'Huáasi huichira. Cuero de vaca. Huáasí huitara. Estiércol de vaca. Huáasi ohuira. Toro.', 'SRC-02', '42', '42', 'Transcrito', 'Autorizada para difusión', 'Pendiente de validación lingüística');
INSERT INTO senses VALUES ('RD-000864-S01', 'RD-000864', 1, 'Vaca, res');
INSERT INTO examples VALUES ('RD-000864-E01', 'RD-000864', 1, 'Huáasi huichira. Cuero de vaca. Huáasí huitara. Estiércol de vaca. Huáasi ohuira. Toro.');
INSERT INTO variants VALUES ('RD-000864-V01', 'RD-000864', 1, 'huacasí');
INSERT INTO lexical_entries VALUES ('RD-000865', 'Huabé', 'Huabé', 'huabe', NULL, 'Adv', 'Adv', 'Muchísimo.', 'Véase hue.', 'SRC-02', '42', '42', 'Transcrito', 'Autorizada para difusión', 'Pendiente de validación lingüística');
INSERT INTO senses VALUES ('RD-000865-S01', 'RD-000865', 1, 'Muchísimo.');
INSERT INTO examples VALUES ('RD-000865-E01', 'RD-000865', 1, 'Véase hue.');
INSERT INTO lexical_entries VALUES ('RD-000866', 'Huaca', '1Huaca', 'huaca', '1', 'S', 'S', 'Rana verde chiquita', '', 'SRC-02', '42', '42', 'Transcrito', 'Autorizada para difusión', 'Pendiente de validación lingüística');
INSERT INTO senses VALUES ('RD-000866-S01', 'RD-000866', 1, 'Rana verde chiquita');
INSERT INTO lexical_entries VALUES ('RD-000867', 'Huaca', '2Huaca', 'huaca', '2', 'S', 'S', 'Cuñado (esposo de la hermama menor)', 'Queni huácahua. Mi cuñado. Nijé huácara. Mi cuñado.', 'SRC-02', '42', '42', 'Transcrito', 'Autorizada para difusión', 'Pendiente de validación lingüística');
INSERT INTO senses VALUES ('RD-000867-S01', 'RD-000867', 1, 'Cuñado (esposo de la hermama menor)');
INSERT INTO examples VALUES ('RD-000867-E01', 'RD-000867', 1, 'Queni huácahua. Mi cuñado. Nijé huácara. Mi cuñado.');
INSERT INTO lexical_entries VALUES ('RD-000868', 'Huacá', '1Huacá', 'huaca', '1', 'Vi', 'Vi', 'Rajarse (una rama), mellarse', '', 'SRC-02', '42', '42', 'Transcrito', 'Autorizada para difusión', 'Pendiente de validación lingüística');
INSERT INTO senses VALUES ('RD-000868-S01', 'RD-000868', 1, 'Rajarse (una rama), mellarse');
INSERT INTO lexical_entries VALUES ('RD-000869', 'Huacá', '2Huacá', 'huaca', '2', 'S', 'S', 'Tuétano, médula', 'Ochí huacara. Tuétano de determinado hueso.', 'SRC-02', '42', '42', 'Transcrito', 'Autorizada para difusión', 'Pendiente de validación lingüística');
INSERT INTO senses VALUES ('RD-000869-S01', 'RD-000869', 1, 'Tuétano, médula');
INSERT INTO examples VALUES ('RD-000869-E01', 'RD-000869', 1, 'Ochí huacara. Tuétano de determinado hueso.');
INSERT INTO lexical_entries VALUES ('RD-000870', 'Huácami', 'Huácami', 'huacami', NULL, '', 'Sin clasificar', 'maduro', '[pp de 2hua]', 'SRC-02', '42', '42', 'Transcrito', 'Autorizada para difusión', 'Pendiente de validación lingüística');
INSERT INTO senses VALUES ('RD-000870-S01', 'RD-000870', 1, 'maduro');
INSERT INTO examples VALUES ('RD-000870-E01', 'RD-000870', 1, '[pp de 2hua]');
INSERT INTO variants VALUES ('RD-000870-V01', 'RD-000870', 1, 'pp de 2hua');
INSERT INTO lexical_entries VALUES ('RD-000871', 'Huacaná', 'Huacaná', 'huacana', NULL, 'Vt', 'Vt', 'Rajar (una bifurcación de ramas, etc.), mellar', '[pret.: huacánari; fut.: huacanama]. Huacana. Vt mellar', 'SRC-02', '42', '42', 'Transcrito', 'Autorizada para difusión', 'Pendiente de validación lingüística');
INSERT INTO senses VALUES ('RD-000871-S01', 'RD-000871', 1, 'Rajar (una bifurcación de ramas, etc.), mellar');
INSERT INTO examples VALUES ('RD-000871-E01', 'RD-000871', 1, '[pret.: huacánari; fut.: huacanama]. Huacana. Vt mellar');
INSERT INTO variants VALUES ('RD-000871-V01', 'RD-000871', 1, 'pret.: huacánari; fut.: huacanama');
INSERT INTO lexical_entries VALUES ('RD-000872', 'Huacasí', 'Huacasí', 'huacasi', NULL, 'S', 'S', 'Vaca, res', '[variante de huáasi].', 'SRC-02', '42', '42', 'Transcrito', 'Autorizada para difusión', 'Pendiente de validación lingüística');
INSERT INTO senses VALUES ('RD-000872-S01', 'RD-000872', 1, 'Vaca, res');
INSERT INTO examples VALUES ('RD-000872-E01', 'RD-000872', 1, '[variante de huáasi].');
INSERT INTO variants VALUES ('RD-000872-V01', 'RD-000872', 1, 'variante de huáasi');
INSERT INTO lexical_entries VALUES ('RD-000873', 'Huacocha', 'Huacocha', 'huacocha', NULL, 'Vi', 'Vi', '1. Estar chueco o encorvado (p. ej.: pierna que e quedó gruesa en una parte por haberse quebrado) 2. Estar chueco o grueso en partes (p. ej.: rama nudosa de encimo)', '[pp.: huacóchami].', 'SRC-02', '42', '42', 'Transcrito', 'Autorizada para difusión', 'Pendiente de validación lingüística');
INSERT INTO senses VALUES ('RD-000873-S01', 'RD-000873', 1, 'Estar chueco o encorvado (p. ej.: pierna que e quedó gruesa en una parte por haberse quebrado)');
INSERT INTO senses VALUES ('RD-000873-S02', 'RD-000873', 2, 'Estar chueco o grueso en partes (p. ej.: rama nudosa de encimo)');
INSERT INTO examples VALUES ('RD-000873-E01', 'RD-000873', 1, '[pp.: huacóchami].');
INSERT INTO variants VALUES ('RD-000873-V01', 'RD-000873', 1, 'pp.: huacóchami');
INSERT INTO lexical_entries VALUES ('RD-000874', 'Huacóina', 'Huacóina', 'huacoina', NULL, 'S', 'S', 'Animalito parecido al alacrán', '', 'SRC-02', '42', '42', 'Transcrito', 'Autorizada para difusión', 'Pendiente de validación lingüística');
INSERT INTO senses VALUES ('RD-000874-S01', 'RD-000874', 1, 'Animalito parecido al alacrán');
INSERT INTO lexical_entries VALUES ('RD-000875', 'Hua’ché', 'Hua’ché', 'hua''che', NULL, 'Vi', 'Vi', 'Atiesarse de frío, enfriarse (una persona)', 'Hua’checa mucuri. Se murió atiesado. [pret.: hua’cheri; fut.: hua’chema].', 'SRC-02', '42', '42', 'Transcrito', 'Autorizada para difusión', 'Pendiente de validación lingüística');
INSERT INTO senses VALUES ('RD-000875-S01', 'RD-000875', 1, 'Atiesarse de frío, enfriarse (una persona)');
INSERT INTO examples VALUES ('RD-000875-E01', 'RD-000875', 1, 'Hua’checa mucuri. Se murió atiesado. [pret.: hua’cheri; fut.: hua’chema].');
INSERT INTO variants VALUES ('RD-000875-V01', 'RD-000875', 1, 'pret.: hua’cheri; fut.: hua’chema');
INSERT INTO lexical_entries VALUES ('RD-000876', 'Huachí', 'Huachí', 'huachi', NULL, 'Vi', 'Vi', 'Enderezarse', 'Huachínaga oráami. Justo. Huachínaga simí. Se va en una línea recta. Huachí huiribaga. Parándose derechito.', 'SRC-02', '42', '42', 'Transcrito', 'Autorizada para difusión', 'Pendiente de validación lingüística');
INSERT INTO senses VALUES ('RD-000876-S01', 'RD-000876', 1, 'Enderezarse');
INSERT INTO examples VALUES ('RD-000876-E01', 'RD-000876', 1, 'Huachínaga oráami. Justo. Huachínaga simí. Se va en una línea recta. Huachí huiribaga. Parándose derechito.');
INSERT INTO lexical_entries VALUES ('RD-000877', 'Huachíami', 'Huachíami', 'huachiami', NULL, 'Adj', 'Adj', 'Derecho (recto)', 'Véase huatoná.', 'SRC-02', '42', '42', 'Transcrito', 'Autorizada para difusión', 'Pendiente de validación lingüística');
INSERT INTO senses VALUES ('RD-000877-S01', 'RD-000877', 1, 'Derecho (recto)');
INSERT INTO examples VALUES ('RD-000877-E01', 'RD-000877', 1, 'Véase huatoná.');
INSERT INTO lexical_entries VALUES ('RD-000878', 'Huachica', 'Huachica', 'huachica', NULL, 'S', 'S', 'Costilla', 'Nijé huachícara. Mi costilla. Huachícachi. S En las costillas.', 'SRC-02', '42', '42', 'Transcrito', 'Autorizada para difusión', 'Pendiente de validación lingüística');
INSERT INTO senses VALUES ('RD-000878-S01', 'RD-000878', 1, 'Costilla');
INSERT INTO examples VALUES ('RD-000878-E01', 'RD-000878', 1, 'Nijé huachícara. Mi costilla. Huachícachi. S En las costillas.');
INSERT INTO lexical_entries VALUES ('RD-000879', 'Huachina', 'Huachina', 'huachina', NULL, 'Vt', 'Vt', 'Enderezar', '¡Huachina! ¡Enderézalo! [fut.: huachinama].', 'SRC-02', '42', '42', 'Transcrito', 'Autorizada para difusión', 'Pendiente de validación lingüística');
INSERT INTO senses VALUES ('RD-000879-S01', 'RD-000879', 1, 'Enderezar');
INSERT INTO examples VALUES ('RD-000879-E01', 'RD-000879', 1, '¡Huachina! ¡Enderézalo! [fut.: huachinama].');
INSERT INTO variants VALUES ('RD-000879-V01', 'RD-000879', 1, 'fut.: huachinama');
INSERT INTO lexical_entries VALUES ('RD-000880', 'Huachínami', 'Huachínami', 'huachinami', NULL, 'Adj', 'Adj', 'Derecho', '', 'SRC-02', '42', '42', 'Transcrito', 'Autorizada para difusión', 'Pendiente de validación lingüística');
INSERT INTO senses VALUES ('RD-000880-S01', 'RD-000880', 1, 'Derecho');
INSERT INTO lexical_entries VALUES ('RD-000881', 'Huachó', 'Huachó', 'huacho', NULL, 'S', 'S', 'Garza', '', 'SRC-02', '42', '42', 'Transcrito', 'Autorizada para difusión', 'Pendiente de validación lingüística');
INSERT INTO senses VALUES ('RD-000881-S01', 'RD-000881', 1, 'Garza');
INSERT INTO lexical_entries VALUES ('RD-000882', 'Hua’ícari', 'Hua’ícari', 'hua''icari', NULL, 'S', 'S', 'Esófago', 'Nijé hua’ícara. Mi esófago.', 'SRC-02', '42', '42', 'Transcrito', 'Autorizada para difusión', 'Pendiente de validación lingüística');
INSERT INTO senses VALUES ('RD-000882-S01', 'RD-000882', 1, 'Esófago');
INSERT INTO examples VALUES ('RD-000882-E01', 'RD-000882', 1, 'Nijé hua’ícara. Mi esófago.');
INSERT INTO lexical_entries VALUES ('RD-000883', 'Huajó', 'Huajó', 'huajo', NULL, 'S', 'S', 'Zancudo', '', 'SRC-02', '42', '42', 'Transcrito', 'Autorizada para difusión', 'Pendiente de validación lingüística');
INSERT INTO senses VALUES ('RD-000883-S01', 'RD-000883', 1, 'Zancudo');
INSERT INTO lexical_entries VALUES ('RD-000884', 'Huajomari', 'Huajomari', 'huajomari', NULL, 'S', 'S', 'Chirrionera (culebra látigo, grande, pinta, no muy peligrosa)', '', 'SRC-02', '43', '43', 'Transcrito', 'Autorizada para difusión', 'Pendiente de validación lingüística');
INSERT INTO senses VALUES ('RD-000884-S01', 'RD-000884', 1, 'Chirrionera (culebra látigo, grande, pinta, no muy peligrosa)');
INSERT INTO lexical_entries VALUES ('RD-000885', 'Huajóo', 'Huajóo', 'huajoo', NULL, 'Vi pl', 'Vi', 'Salir (p. ej.: animales del corral)', '[pret.: huajóori; fut.: huajóoma]. Huajónari. Los echó fuera del corral. [fut.: huajonama].', 'SRC-02', '43', '43', 'Transcrito', 'Autorizada para difusión', 'Pendiente de validación lingüística');
INSERT INTO senses VALUES ('RD-000885-S01', 'RD-000885', 1, 'Salir (p. ej.: animales del corral)');
INSERT INTO examples VALUES ('RD-000885-E01', 'RD-000885', 1, '[pret.: huajóori; fut.: huajóoma]. Huajónari. Los echó fuera del corral. [fut.: huajonama].');
INSERT INTO variants VALUES ('RD-000885-V01', 'RD-000885', 1, 'pret.: huajóori; fut.: huajóoma');
INSERT INTO variants VALUES ('RD-000885-V02', 'RD-000885', 2, 'fut.: huajonama');
INSERT INTO lexical_entries VALUES ('RD-000886', 'Huamí', 'Huamí', 'huami', NULL, 'Adv', 'Adv', 'Allá, más', '', 'SRC-02', '43', '43', 'Transcrito', 'Autorizada para difusión', 'Pendiente de validación lingüística');
INSERT INTO senses VALUES ('RD-000886-S01', 'RD-000886', 1, 'Allá, más');
INSERT INTO lexical_entries VALUES ('RD-000887', 'Huaminá', 'Huaminá', 'huamina', NULL, '', 'Sin clasificar', 'Por allá', '', 'SRC-02', '43', '43', 'Transcrito', 'Autorizada para difusión', 'Pendiente de validación lingüística');
INSERT INTO senses VALUES ('RD-000887-S01', 'RD-000887', 1, 'Por allá');
INSERT INTO lexical_entries VALUES ('RD-000888', 'Huaminá arihué', 'Huaminá arihué', 'huamina arihue', NULL, 'Vt', 'Vt', 'Abandonar', 'Echi rijoy huaminá arihueri binoy upira. Ese hombre abandonó a su mujer. [fut.: huaminá arihuema].', 'SRC-02', '43', '43', 'Transcrito', 'Autorizada para difusión', 'Pendiente de validación lingüística');
INSERT INTO senses VALUES ('RD-000888-S01', 'RD-000888', 1, 'Abandonar');
INSERT INTO examples VALUES ('RD-000888-E01', 'RD-000888', 1, 'Echi rijoy huaminá arihueri binoy upira. Ese hombre abandonó a su mujer. [fut.: huaminá arihuema].');
INSERT INTO variants VALUES ('RD-000888-V01', 'RD-000888', 1, 'fut.: huaminá arihuema');
INSERT INTO lexical_entries VALUES ('RD-000889', 'Huaminá ‘masa', 'Huaminá ‘masa', 'huamina ''masa', NULL, 'Vi sing', 'Vi', 'Escaparse', '[pl.: huaminá jumsa].', 'SRC-02', '43', '43', 'Transcrito', 'Autorizada para difusión', 'Pendiente de validación lingüística');
INSERT INTO senses VALUES ('RD-000889-S01', 'RD-000889', 1, 'Escaparse');
INSERT INTO examples VALUES ('RD-000889-E01', 'RD-000889', 1, '[pl.: huaminá jumsa].');
INSERT INTO variants VALUES ('RD-000889-V01', 'RD-000889', 1, 'pl.: huaminá jumsa');
INSERT INTO lexical_entries VALUES ('RD-000890', 'Huaminá pa', 'Huaminá pa', 'huamina pa', NULL, 'Vt', 'Vt', 'Arrojar', '', 'SRC-02', '43', '43', 'Transcrito', 'Autorizada para difusión', 'Pendiente de validación lingüística');
INSERT INTO senses VALUES ('RD-000890-S01', 'RD-000890', 1, 'Arrojar');
INSERT INTO lexical_entries VALUES ('RD-000891', 'Huaminabi', 'Huaminabi', 'huaminabi', NULL, 'Adv', 'Adv', 'Más todavía, mucho más', '', 'SRC-02', '43', '43', 'Transcrito', 'Autorizada para difusión', 'Pendiente de validación lingüística');
INSERT INTO senses VALUES ('RD-000891-S01', 'RD-000891', 1, 'Más todavía, mucho más');
INSERT INTO lexical_entries VALUES ('RD-000892', 'Huaminana', 'Huaminana', 'huaminana', NULL, 'Adv', 'Adv', 'Después, más adelante', '', 'SRC-02', '43', '43', 'Transcrito', 'Autorizada para difusión', 'Pendiente de validación lingüística');
INSERT INTO senses VALUES ('RD-000892-S01', 'RD-000892', 1, 'Después, más adelante');
INSERT INTO lexical_entries VALUES ('RD-000893', 'Huaminánomí', 'Huaminánomí', 'huaminanomi', NULL, 'Adv', 'Adv', 'Más allá (en el futuro), después', '', 'SRC-02', '43', '43', 'Transcrito', 'Autorizada para difusión', 'Pendiente de validación lingüística');
INSERT INTO senses VALUES ('RD-000893-S01', 'RD-000893', 1, 'Más allá (en el futuro), después');
INSERT INTO lexical_entries VALUES ('RD-000894', 'Huaná', 'Huaná', 'huana', NULL, 'Adv', 'Adv', 'Aparte, lejos', 'Huanabú. Apartar.', 'SRC-02', '43', '43', 'Transcrito', 'Autorizada para difusión', 'Pendiente de validación lingüística');
INSERT INTO senses VALUES ('RD-000894-S01', 'RD-000894', 1, 'Aparte, lejos');
INSERT INTO examples VALUES ('RD-000894-E01', 'RD-000894', 1, 'Huanabú. Apartar.');
INSERT INTO lexical_entries VALUES ('RD-000895', 'Huaní', 'Huaní', 'huani', NULL, 'Vt', 'Vt', 'Sacar (gusanos chupando con carrizo)', '[gut.: huaniméa].', 'SRC-02', '43', '43', 'Transcrito', 'Autorizada para difusión', 'Pendiente de validación lingüística');
INSERT INTO senses VALUES ('RD-000895-S01', 'RD-000895', 1, 'Sacar (gusanos chupando con carrizo)');
INSERT INTO examples VALUES ('RD-000895-E01', 'RD-000895', 1, '[gut.: huaniméa].');
INSERT INTO variants VALUES ('RD-000895-V01', 'RD-000895', 1, 'gut.: huaniméa');
INSERT INTO lexical_entries VALUES ('RD-000896', 'Huanihuí', '1Huanihuí', 'huanihui', '1', 'Vi', 'Vi', 'Apartarse', '', 'SRC-02', '43', '43', 'Transcrito', 'Autorizada para difusión', 'Pendiente de validación lingüística');
INSERT INTO senses VALUES ('RD-000896-S01', 'RD-000896', 1, 'Apartarse');
INSERT INTO lexical_entries VALUES ('RD-000897', 'Huanihuí', '2Huanihuí', 'huanihui', '2', 'Adv', 'Adv', 'Pasado mañana, anteayer', 'Huanihuí sébarini. Anteayer llegué. Huaniguí ocuá. Desde ayer. Huanihuí piché. Hasta pasado mañana. Huanihuí rocogó. Anteanoche.', 'SRC-02', '43', '43', 'Transcrito', 'Autorizada para difusión', 'Pendiente de validación lingüística');
INSERT INTO senses VALUES ('RD-000897-S01', 'RD-000897', 1, 'Pasado mañana, anteayer');
INSERT INTO examples VALUES ('RD-000897-E01', 'RD-000897', 1, 'Huanihuí sébarini. Anteayer llegué. Huaniguí ocuá. Desde ayer. Huanihuí piché. Hasta pasado mañana. Huanihuí rocogó. Anteanoche.');
INSERT INTO lexical_entries VALUES ('RD-000898', 'Huaqué', 'Huaqué', 'huaque', NULL, 'Vt', 'Vt', 'Secar', '', 'SRC-02', '43', '43', 'Transcrito', 'Autorizada para difusión', 'Pendiente de validación lingüística');
INSERT INTO senses VALUES ('RD-000898-S01', 'RD-000898', 1, 'Secar');
INSERT INTO lexical_entries VALUES ('RD-000899', 'Huaquí', 'Huaquí', 'huaqui', NULL, 'S', 'S', 'Un palo o parbol seco', 'Huaquítari. En un árbol seco.', 'SRC-02', '43', '43', 'Transcrito', 'Autorizada para difusión', 'Pendiente de validación lingüística');
INSERT INTO senses VALUES ('RD-000899-S01', 'RD-000899', 1, 'Un palo o parbol seco');
INSERT INTO examples VALUES ('RD-000899-E01', 'RD-000899', 1, 'Huaquítari. En un árbol seco.');
INSERT INTO lexical_entries VALUES ('RD-000900', 'Huaquiché', 'Huaquiché', 'huaquiche', NULL, 'Vi', 'Vi', 'Secarse', '', 'SRC-02', '43', '43', 'Transcrito', 'Autorizada para difusión', 'Pendiente de validación lingüística');
INSERT INTO senses VALUES ('RD-000900-S01', 'RD-000900', 1, 'Secarse');
INSERT INTO lexical_entries VALUES ('RD-000901', 'Huaquichébana', 'Huaquichébana', 'huaquichebana', NULL, 'Vt', 'Vt', 'Secar', '', 'SRC-02', '43', '43', 'Transcrito', 'Autorizada para difusión', 'Pendiente de validación lingüística');
INSERT INTO senses VALUES ('RD-000901-S01', 'RD-000901', 1, 'Secar');
INSERT INTO lexical_entries VALUES ('RD-000902', 'Huaquichéami', 'Huaquichéami', 'huaquicheami', NULL, 'Adj', 'Adj', 'Seco', '', 'SRC-02', '43', '43', 'Transcrito', 'Autorizada para difusión', 'Pendiente de validación lingüística');
INSERT INTO senses VALUES ('RD-000902-S01', 'RD-000902', 1, 'Seco');
INSERT INTO lexical_entries VALUES ('RD-000903', 'Huaquiná', 'Huaquiná', 'huaquina', NULL, 'Adv', 'Adv', 'Para acá, acá', 'Huaquinánocuá. Adv Más acá en tiempo. Quiná. Por acá, acá.', 'SRC-02', '43', '43', 'Transcrito', 'Autorizada para difusión', 'Pendiente de validación lingüística');
INSERT INTO senses VALUES ('RD-000903-S01', 'RD-000903', 1, 'Para acá, acá');
INSERT INTO examples VALUES ('RD-000903-E01', 'RD-000903', 1, 'Huaquinánocuá. Adv Más acá en tiempo. Quiná. Por acá, acá.');
INSERT INTO lexical_entries VALUES ('RD-000904', 'Huará', 'Huará', 'huara', NULL, 'S', 'S', 'Perico grande, verde', '', 'SRC-02', '43', '43', 'Transcrito', 'Autorizada para difusión', 'Pendiente de validación lingüística');
INSERT INTO senses VALUES ('RD-000904-S01', 'RD-000904', 1, 'Perico grande, verde');
INSERT INTO lexical_entries VALUES ('RD-000905', '´Huara', '´Huara', '´huara', NULL, 'Vi', 'Vi', 'Endurecerse (un cuero)', '´Huárami. Pp Duro, que no se puede doblar.', 'SRC-02', '43', '43', 'Transcrito', 'Autorizada para difusión', 'Pendiente de validación lingüística');
INSERT INTO senses VALUES ('RD-000905-S01', 'RD-000905', 1, 'Endurecerse (un cuero)');
INSERT INTO examples VALUES ('RD-000905-E01', 'RD-000905', 1, '´Huárami. Pp Duro, que no se puede doblar.');
INSERT INTO lexical_entries VALUES ('RD-000906', 'Huaré', 'Huaré', 'huare', NULL, 'Adv', 'Adv', 'Quizás, tal vez.', 'Norínamiré. Vendrá, tal vez.', 'SRC-02', '43', '43', 'Transcrito', 'Autorizada para difusión', 'Pendiente de validación lingüística');
INSERT INTO senses VALUES ('RD-000906-S01', 'RD-000906', 1, 'Quizás, tal vez.');
INSERT INTO examples VALUES ('RD-000906-E01', 'RD-000906', 1, 'Norínamiré. Vendrá, tal vez.');
INSERT INTO lexical_entries VALUES ('RD-000907', 'Huari', 'Huari', 'huari', NULL, 'S esp', 'S', 'Huari (reg.), cesta, canasta', 'Huatobé. S Canasta grande.', 'SRC-02', '43', '43', 'Transcrito', 'Autorizada para difusión', 'Pendiente de validación lingüística');
INSERT INTO senses VALUES ('RD-000907-S01', 'RD-000907', 1, 'Huari (reg.), cesta, canasta');
INSERT INTO examples VALUES ('RD-000907-E01', 'RD-000907', 1, 'Huatobé. S Canasta grande.');
INSERT INTO lexical_entries VALUES ('RD-000908', 'Huarina', 'Huarina', 'huarina', NULL, 'Vi', 'Vi', 'Ser muy ligero, veloz', 'Echi rarajípami ne huabé huarina. Ese corredor es muy ligero. [pp.: huarínami].', 'SRC-02', '43', '43', 'Transcrito', 'Autorizada para difusión', 'Pendiente de validación lingüística');
INSERT INTO senses VALUES ('RD-000908-S01', 'RD-000908', 1, 'Ser muy ligero, veloz');
INSERT INTO examples VALUES ('RD-000908-E01', 'RD-000908', 1, 'Echi rarajípami ne huabé huarina. Ese corredor es muy ligero. [pp.: huarínami].');
INSERT INTO variants VALUES ('RD-000908-V01', 'RD-000908', 1, 'pp.: huarínami');
INSERT INTO lexical_entries VALUES ('RD-000909', 'Huarínaga ‘ma', 'Huarínaga ‘ma', 'huarinaga ''ma', NULL, '', 'Sin clasificar', 'Corre recio', '', 'SRC-02', '43', '43', 'Transcrito', 'Autorizada para difusión', 'Pendiente de validación lingüística');
INSERT INTO senses VALUES ('RD-000909-S01', 'RD-000909', 1, 'Corre recio');
INSERT INTO lexical_entries VALUES ('RD-000910', 'Huaró', 'Huaró', 'huaro', NULL, 'Vi', 'Vi', 'Marchitarse, secarse por el sol', 'Maparí quetsai ucú hui’ribé niráa, hue huaró echi ichí. Cuando no llueve por mucho tiempo, se marchitan las matas.', 'SRC-02', '43', '43', 'Transcrito', 'Autorizada para difusión', 'Pendiente de validación lingüística');
INSERT INTO senses VALUES ('RD-000910-S01', 'RD-000910', 1, 'Marchitarse, secarse por el sol');
INSERT INTO examples VALUES ('RD-000910-E01', 'RD-000910', 1, 'Maparí quetsai ucú hui’ribé niráa, hue huaró echi ichí. Cuando no llueve por mucho tiempo, se marchitan las matas.');
INSERT INTO lexical_entries VALUES ('RD-000911', 'Huarona', 'Huarona', 'huarona', NULL, 'Vt', 'Vt', 'Secar, marchitar', '[fut.: huaronama].', 'SRC-02', '43', '43', 'Transcrito', 'Autorizada para difusión', 'Pendiente de validación lingüística');
INSERT INTO senses VALUES ('RD-000911-S01', 'RD-000911', 1, 'Secar, marchitar');
INSERT INTO examples VALUES ('RD-000911-E01', 'RD-000911', 1, '[fut.: huaronama].');
INSERT INTO variants VALUES ('RD-000911-V01', 'RD-000911', 1, 'fut.: huaronama');
INSERT INTO lexical_entries VALUES ('RD-000912', 'Huarú', 'Huarú', 'huaru', NULL, 'Adj sing', 'Adj', 'Grande, mucho, muy', 'Huarú bu’huíbari ba’huí. Creció mucho el arroyo. Huarú ucuri. Llovió mucho. Huarú sapéami ju. Está muy gordo. [pl.: ohuari]. Huarú ba’huechi. Mar. Huarú bahuechi suhué. Orilla del mar. Huarú chipérami. Como una tabla ancha. Huarú ritérari. Peñasco. Huarú sapéami. Panzón.', 'SRC-02', '43', '44', 'Transcrito', 'Autorizada para difusión', 'Pendiente de validación lingüística');
INSERT INTO senses VALUES ('RD-000912-S01', 'RD-000912', 1, 'Grande, mucho, muy');
INSERT INTO examples VALUES ('RD-000912-E01', 'RD-000912', 1, 'Huarú bu’huíbari ba’huí. Creció mucho el arroyo. Huarú ucuri. Llovió mucho. Huarú sapéami ju. Está muy gordo. [pl.: ohuari]. Huarú ba’huechi. Mar. Huarú bahuechi suhué. Orilla del mar. Huarú chipérami. Como una tabla ancha. Huarú ritérari. Peñasco. Huarú sapéami. Panzón.');
INSERT INTO variants VALUES ('RD-000912-V01', 'RD-000912', 1, 'pl.: ohuari');
INSERT INTO lexical_entries VALUES ('RD-000913', 'Huarubé', 'Huarubé', 'huarube', NULL, 'Adj', 'Adj', 'Enorme, gigante, inmenso', 'Huarubé nihuá. Vt Agrandar.', 'SRC-02', '44', '44', 'Transcrito', 'Autorizada para difusión', 'Pendiente de validación lingüística');
INSERT INTO senses VALUES ('RD-000913-S01', 'RD-000913', 1, 'Enorme, gigante, inmenso');
INSERT INTO examples VALUES ('RD-000913-E01', 'RD-000913', 1, 'Huarubé nihuá. Vt Agrandar.');
INSERT INTO lexical_entries VALUES ('RD-000914', 'Huarubera', 'Huarubera', 'huarubera', NULL, 'S', 'S', 'Jefe supremo', '', 'SRC-02', '44', '44', 'Transcrito', 'Autorizada para difusión', 'Pendiente de validación lingüística');
INSERT INTO senses VALUES ('RD-000914-S01', 'RD-000914', 1, 'Jefe supremo');
INSERT INTO lexical_entries VALUES ('RD-000915', 'Huarura', 'Huarura', 'huarura', NULL, 'S', 'S', 'Jefe, un grande', 'Huarubérata. Vi Hacer (nombrar) un jefe.', 'SRC-02', '44', '44', 'Transcrito', 'Autorizada para difusión', 'Pendiente de validación lingüística');
INSERT INTO senses VALUES ('RD-000915-S01', 'RD-000915', 1, 'Jefe, un grande');
INSERT INTO examples VALUES ('RD-000915-E01', 'RD-000915', 1, 'Huarubérata. Vi Hacer (nombrar) un jefe.');
INSERT INTO lexical_entries VALUES ('RD-000916', 'Huarúrachi', 'Huarúrachi', 'huarurachi', NULL, 'S', 'S', 'Ciudad', '', 'SRC-02', '44', '44', 'Transcrito', 'Autorizada para difusión', 'Pendiente de validación lingüística');
INSERT INTO senses VALUES ('RD-000916-S01', 'RD-000916', 1, 'Ciudad');
INSERT INTO lexical_entries VALUES ('RD-000917', 'Huasa', 'Huasa', 'huasa', NULL, 'vt', 'Vt', 'Cocinar (p. ej.: tortillas, frijoles)', '[pp.: huásarami, huasíami].', 'SRC-02', '44', '44', 'Transcrito', 'Autorizada para difusión', 'Pendiente de validación lingüística');
INSERT INTO senses VALUES ('RD-000917-S01', 'RD-000917', 1, 'Cocinar (p. ej.: tortillas, frijoles)');
INSERT INTO examples VALUES ('RD-000917-E01', 'RD-000917', 1, '[pp.: huásarami, huasíami].');
INSERT INTO variants VALUES ('RD-000917-V01', 'RD-000917', 1, 'pp.: huásarami, huasíami');
INSERT INTO lexical_entries VALUES ('RD-000918', 'Huasá', 'Huasá', 'huasa', NULL, 'S', 'S', 'Tierra de cultivo', '', 'SRC-02', '44', '44', 'Transcrito', 'Autorizada para difusión', 'Pendiente de validación lingüística');
INSERT INTO senses VALUES ('RD-000918-S01', 'RD-000918', 1, 'Tierra de cultivo');
INSERT INTO lexical_entries VALUES ('RD-000919', 'Huasamóchahua', 'Huasamóchahua', 'huasamochahua', NULL, 'S', 'S', 'Tía (hermana mayor de la madre)', 'Nijé huasamóchahuara. Mi tía.', 'SRC-02', '44', '44', 'Transcrito', 'Autorizada para difusión', 'Pendiente de validación lingüística');
INSERT INTO senses VALUES ('RD-000919-S01', 'RD-000919', 1, 'Tía (hermana mayor de la madre)');
INSERT INTO examples VALUES ('RD-000919-E01', 'RD-000919', 1, 'Nijé huasamóchahuara. Mi tía.');
INSERT INTO lexical_entries VALUES ('RD-000920', 'Huasará', 'Huasará', 'huasara', NULL, 'Vt', 'Vt', 'Arar, barbechar', '[pp.: huasarátami].', 'SRC-02', '44', '44', 'Transcrito', 'Autorizada para difusión', 'Pendiente de validación lingüística');
INSERT INTO senses VALUES ('RD-000920-S01', 'RD-000920', 1, 'Arar, barbechar');
INSERT INTO examples VALUES ('RD-000920-E01', 'RD-000920', 1, '[pp.: huasarátami].');
INSERT INTO variants VALUES ('RD-000920-V01', 'RD-000920', 1, 'pp.: huasarátami');
INSERT INTO lexical_entries VALUES ('RD-000921', 'Huasarara', 'Huasarara', 'huasarara', NULL, 'S', 'S', 'Azadón', '', 'SRC-02', '44', '44', 'Transcrito', 'Autorizada para difusión', 'Pendiente de validación lingüística');
INSERT INTO senses VALUES ('RD-000921-S01', 'RD-000921', 1, 'Azadón');
INSERT INTO lexical_entries VALUES ('RD-000922', 'Huasaró', 'Huasaró', 'huasaro', NULL, 'S', 'S', 'Alamillo (variedad de álamo)', '', 'SRC-02', '44', '44', 'Transcrito', 'Autorizada para difusión', 'Pendiente de validación lingüística');
INSERT INTO senses VALUES ('RD-000922-S01', 'RD-000922', 1, 'Alamillo (variedad de álamo)');
INSERT INTO lexical_entries VALUES ('RD-000923', 'Huasí', '1Huasí', 'huasi', '1', 'S', 'S', 'Cola', 'Huasihué. Colear. Huáasi huasira. Cola de la vaca', 'SRC-02', '44', '44', 'Transcrito', 'Autorizada para difusión', 'Pendiente de validación lingüística');
INSERT INTO senses VALUES ('RD-000923-S01', 'RD-000923', 1, 'Cola');
INSERT INTO examples VALUES ('RD-000923-E01', 'RD-000923', 1, 'Huasihué. Colear. Huáasi huasira. Cola de la vaca');
INSERT INTO lexical_entries VALUES ('RD-000924', 'Huasí', '2Huasí', 'huasi', '2', 'S', 'S', 'Suegra', 'Nijé huasira. Mi suegra. Huasirúami. Que es suegra.', 'SRC-02', '44', '44', 'Transcrito', 'Autorizada para difusión', 'Pendiente de validación lingüística');
INSERT INTO senses VALUES ('RD-000924-S01', 'RD-000924', 1, 'Suegra');
INSERT INTO examples VALUES ('RD-000924-E01', 'RD-000924', 1, 'Nijé huasira. Mi suegra. Huasirúami. Que es suegra.');
INSERT INTO lexical_entries VALUES ('RD-000925', 'Huasía', 'Huasía', 'huasia', NULL, 'S', 'S', 'Chuchupate (hierba)', '', 'SRC-02', '44', '44', 'Transcrito', 'Autorizada para difusión', 'Pendiente de validación lingüística');
INSERT INTO senses VALUES ('RD-000925-S01', 'RD-000925', 1, 'Chuchupate (hierba)');
INSERT INTO lexical_entries VALUES ('RD-000926', 'Huasírahua', 'Huasírahua', 'huasirahua', NULL, 'Vt', 'Vt', 'Menear la cola, colear', 'Echi cochí hue huasírahua. Ese perro menea mucho la cola.', 'SRC-02', '44', '44', 'Transcrito', 'Autorizada para difusión', 'Pendiente de validación lingüística');
INSERT INTO senses VALUES ('RD-000926-S01', 'RD-000926', 1, 'Menear la cola, colear');
INSERT INTO examples VALUES ('RD-000926-E01', 'RD-000926', 1, 'Echi cochí hue huasírahua. Ese perro menea mucho la cola.');
INSERT INTO lexical_entries VALUES ('RD-000927', 'Huasoná', 'Huasoná', 'huasona', NULL, 'S', 'S', 'Pato', '', 'SRC-02', '44', '44', 'Transcrito', 'Autorizada para difusión', 'Pendiente de validación lingüística');
INSERT INTO senses VALUES ('RD-000927-S01', 'RD-000927', 1, 'Pato');
INSERT INTO lexical_entries VALUES ('RD-000928', 'Huataca', 'Huataca', 'huataca', NULL, 'Vi', 'Vi', 'Estar fuerte', '', 'SRC-02', '44', '44', 'Transcrito', 'Autorizada para difusión', 'Pendiente de validación lingüística');
INSERT INTO senses VALUES ('RD-000928-S01', 'RD-000928', 1, 'Estar fuerte');
INSERT INTO lexical_entries VALUES ('RD-000929', 'Huatácami', 'Huatácami', 'huatacami', NULL, 'Adj', 'Adj', 'Fuerte (duro y flebible)', '', 'SRC-02', '44', '44', 'Transcrito', 'Autorizada para difusión', 'Pendiente de validación lingüística');
INSERT INTO senses VALUES ('RD-000929-S01', 'RD-000929', 1, 'Fuerte (duro y flebible)');
INSERT INTO lexical_entries VALUES ('RD-000930', 'Huatayé, huitayé', 'Huatayé, huitayé', 'huataye, huitaye', NULL, 'Vi', 'Vi', 'Derrumbarse (la tierra, un cerro)', '', 'SRC-02', '44', '44', 'Transcrito', 'Autorizada para difusión', 'Pendiente de validación lingüística');
INSERT INTO senses VALUES ('RD-000930-S01', 'RD-000930', 1, 'Derrumbarse (la tierra, un cerro)');
INSERT INTO variants VALUES ('RD-000930-V01', 'RD-000930', 1, 'huitayé');
INSERT INTO lexical_entries VALUES ('RD-000931', 'Huató', 'Huató', 'huato', NULL, 'Vi', 'Vi', 'Estirarse', '', 'SRC-02', '44', '44', 'Transcrito', 'Autorizada para difusión', 'Pendiente de validación lingüística');
INSERT INTO senses VALUES ('RD-000931-S01', 'RD-000931', 1, 'Estirarse');
INSERT INTO lexical_entries VALUES ('RD-000932', 'Huatóami', 'Huatóami', 'huatoami', NULL, 'Adj', 'Adj', 'Elástico', '', 'SRC-02', '44', '44', 'Transcrito', 'Autorizada para difusión', 'Pendiente de validación lingüística');
INSERT INTO senses VALUES ('RD-000932-S01', 'RD-000932', 1, 'Elástico');
INSERT INTO lexical_entries VALUES ('RD-000933', 'Huatobé', 'Huatobé', 'huatobe', NULL, 'S', 'S', 'Huari grande, canasta grande', '', 'SRC-02', '44', '44', 'Transcrito', 'Autorizada para difusión', 'Pendiente de validación lingüística');
INSERT INTO senses VALUES ('RD-000933-S01', 'RD-000933', 1, 'Huari grande, canasta grande');
INSERT INTO lexical_entries VALUES ('RD-000934', 'Huatoná', 'Huatoná', 'huatona', NULL, '', 'Sin clasificar', '1. vt Estirar 2. adj Derecho, lado derecho, mano derecha', '[fut.: huatonama].', 'SRC-02', '44', '44', 'Transcrito', 'Autorizada para difusión', 'Pendiente de validación lingüística');
INSERT INTO senses VALUES ('RD-000934-S01', 'RD-000934', 1, 'vt Estirar');
INSERT INTO senses VALUES ('RD-000934-S02', 'RD-000934', 2, 'adj Derecho, lado derecho, mano derecha');
INSERT INTO examples VALUES ('RD-000934-E01', 'RD-000934', 1, '[fut.: huatonama].');
INSERT INTO variants VALUES ('RD-000934-V01', 'RD-000934', 1, 'fut.: huatonama');
INSERT INTO lexical_entries VALUES ('RD-000935', 'Huatona', 'Huatona', 'huatona', NULL, 'Vt', 'Vt', 'Hacer atole', '', 'SRC-02', '44', '44', 'Transcrito', 'Autorizada para difusión', 'Pendiente de validación lingüística');
INSERT INTO senses VALUES ('RD-000935-S01', 'RD-000935', 1, 'Hacer atole');
INSERT INTO lexical_entries VALUES ('RD-000936', 'Huatónari', 'Huatónari', 'huatonari', NULL, 'S', 'S', 'Atole, pinole cocido', '', 'SRC-02', '44', '44', 'Transcrito', 'Autorizada para difusión', 'Pendiente de validación lingüística');
INSERT INTO senses VALUES ('RD-000936-S01', 'RD-000936', 1, 'Atole, pinole cocido');
INSERT INTO lexical_entries VALUES ('RD-000937', 'Huayé', 'Huayé', 'huaye', NULL, 'S', 'S', 'Hermana menor', 'Echi tihué nijé huayera ju. Esa niña es mi hermana menor. Nijé huayera. Mi hermana menor.', 'SRC-02', '44', '44', 'Transcrito', 'Autorizada para difusión', 'Pendiente de validación lingüística');
INSERT INTO senses VALUES ('RD-000937-S01', 'RD-000937', 1, 'Hermana menor');
INSERT INTO examples VALUES ('RD-000937-E01', 'RD-000937', 1, 'Echi tihué nijé huayera ju. Esa niña es mi hermana menor. Nijé huayera. Mi hermana menor.');
INSERT INTO lexical_entries VALUES ('RD-000938', 'Huayena', 'Huayena', 'huayena', NULL, 'S', 'S', 'Sangijuela', '', 'SRC-02', '44', '44', 'Transcrito', 'Autorizada para difusión', 'Pendiente de validación lingüística');
INSERT INTO senses VALUES ('RD-000938-S01', 'RD-000938', 1, 'Sangijuela');
INSERT INTO lexical_entries VALUES ('RD-000939', 'Hue', 'Hue', 'hue', NULL, 'Adv', 'Adv', 'Muy, mucho', 'Huabé. Adv Muchísimo.', 'SRC-02', '44', '44', 'Transcrito', 'Autorizada para difusión', 'Pendiente de validación lingüística');
INSERT INTO senses VALUES ('RD-000939-S01', 'RD-000939', 1, 'Muy, mucho');
INSERT INTO examples VALUES ('RD-000939-E01', 'RD-000939', 1, 'Huabé. Adv Muchísimo.');
INSERT INTO lexical_entries VALUES ('RD-000940', '‘Huécami', '‘Huécami', '''huecami', NULL, 'S pl', 'S', 'Las viejas', '[sing.: huiráami].', 'SRC-02', '44', '44', 'Transcrito', 'Autorizada para difusión', 'Pendiente de validación lingüística');
INSERT INTO senses VALUES ('RD-000940-S01', 'RD-000940', 1, 'Las viejas');
INSERT INTO examples VALUES ('RD-000940-E01', 'RD-000940', 1, '[sing.: huiráami].');
INSERT INTO variants VALUES ('RD-000940-V01', 'RD-000940', 1, 'sing.: huiráami');
INSERT INTO lexical_entries VALUES ('RD-000941', 'Huéchara', 'Huéchara', 'huechara', NULL, 'S', 'S', 'Otate, aguijada (palo con que pican a los bueyes)', '', 'SRC-02', '44', '44', 'Transcrito', 'Autorizada para difusión', 'Pendiente de validación lingüística');
INSERT INTO senses VALUES ('RD-000941-S01', 'RD-000941', 1, 'Otate, aguijada (palo con que pican a los bueyes)');
INSERT INTO lexical_entries VALUES ('RD-000942', '‘Huénahua', '‘Huénahua', '''huenahua', NULL, 'Vi', 'Vi', 'Tener padres', 'Nijé ‘huénahuara. Mis padres. Tamujé ‘hu’enara. Nuestros padres.', 'SRC-02', '44', '45', 'Transcrito', 'Autorizada para difusión', 'Pendiente de validación lingüística');
INSERT INTO senses VALUES ('RD-000942-S01', 'RD-000942', 1, 'Tener padres');
INSERT INTO examples VALUES ('RD-000942-E01', 'RD-000942', 1, 'Nijé ‘huénahuara. Mis padres. Tamujé ‘hu’enara. Nuestros padres.');
INSERT INTO lexical_entries VALUES ('RD-000943', 'Huenomí', 'Huenomí', 'huenomi', NULL, 'S', 'S', 'Dinero, un real', '¿Acha mi ocuá huenomí? ¿Tienes dinero? Huenomihua. Vi Tener dinero.', 'SRC-02', '45', '45', 'Transcrito', 'Autorizada para difusión', 'Pendiente de validación lingüística');
INSERT INTO senses VALUES ('RD-000943-S01', 'RD-000943', 1, 'Dinero, un real');
INSERT INTO examples VALUES ('RD-000943-E01', 'RD-000943', 1, '¿Acha mi ocuá huenomí? ¿Tienes dinero? Huenomihua. Vi Tener dinero.');
INSERT INTO lexical_entries VALUES ('RD-000944', 'Huenomí rojuácami', 'Huenomí rojuácami', 'huenomi rojuacami', NULL, 'S', 'S', 'Cambio', '¿Acha nirú rojuácami? ¿Hay cambio?', 'SRC-02', '45', '45', 'Transcrito', 'Autorizada para difusión', 'Pendiente de validación lingüística');
INSERT INTO senses VALUES ('RD-000944-S01', 'RD-000944', 1, 'Cambio');
INSERT INTO examples VALUES ('RD-000944-E01', 'RD-000944', 1, '¿Acha nirú rojuácami? ¿Hay cambio?');
INSERT INTO lexical_entries VALUES ('RD-000945', 'Huepi', 'Huepi', 'huepi', NULL, 'Adv', 'Adv', 'Solamente, nada más', 'Huepi yena nada más anda.', 'SRC-02', '45', '45', 'Transcrito', 'Autorizada para difusión', 'Pendiente de validación lingüística');
INSERT INTO senses VALUES ('RD-000945-S01', 'RD-000945', 1, 'Solamente, nada más');
INSERT INTO examples VALUES ('RD-000945-E01', 'RD-000945', 1, 'Huepi yena nada más anda.');
INSERT INTO lexical_entries VALUES ('RD-000946', 'Huera', 'Huera', 'huera', NULL, 'Vt', 'Vt', 'Criar', '', 'SRC-02', '45', '45', 'Transcrito', 'Autorizada para difusión', 'Pendiente de validación lingüística');
INSERT INTO senses VALUES ('RD-000946-S01', 'RD-000946', 1, 'Criar');
INSERT INTO lexical_entries VALUES ('RD-000947', 'Huérachi', 'Huérachi', 'huerachi', NULL, 'S', 'S', 'Sierra alta', '', 'SRC-02', '45', '45', 'Transcrito', 'Autorizada para difusión', 'Pendiente de validación lingüística');
INSERT INTO senses VALUES ('RD-000947-S01', 'RD-000947', 1, 'Sierra alta');
INSERT INTO lexical_entries VALUES ('RD-000948', 'Huérari', 'Huérari', 'huerari', NULL, '', 'Sin clasificar', 'Con fuerza', '¡Huérari orá! ¡Trabaja con fuerza!', 'SRC-02', '45', '45', 'Transcrito', 'Autorizada para difusión', 'Pendiente de validación lingüística');
INSERT INTO senses VALUES ('RD-000948-S01', 'RD-000948', 1, 'Con fuerza');
INSERT INTO examples VALUES ('RD-000948-E01', 'RD-000948', 1, '¡Huérari orá! ¡Trabaja con fuerza!');
INSERT INTO lexical_entries VALUES ('RD-000949', 'Huériga', 'Huériga', 'hueriga', NULL, 'Imper', 'Imper', '¡Fuerte!, ¡ánimo!', '', 'SRC-02', '45', '45', 'Transcrito', 'Autorizada para difusión', 'Pendiente de validación lingüística');
INSERT INTO senses VALUES ('RD-000949-S01', 'RD-000949', 1, '¡Fuerte!, ¡ánimo!');
INSERT INTO lexical_entries VALUES ('RD-000950', 'Huesi: que huesi', 'Huesi: que huesi', 'huesi: que huesi', NULL, '', 'Sin clasificar', 'Nadie', '', 'SRC-02', '45', '45', 'Transcrito', 'Autorizada para difusión', 'Pendiente de validación lingüística');
INSERT INTO senses VALUES ('RD-000950-S01', 'RD-000950', 1, 'Nadie');
INSERT INTO lexical_entries VALUES ('RD-000951', '‘Huí', '‘Huí', '''hui', NULL, 'Vt', 'Vt', '1. Cosechar, pizcar el maíz 2. coger', '‘Huíi ‘yena. Andan pizcando maíz. Nijeni ‘huima pachí. Voy a pizcar maíz. [pret.: ‘huiri; fut.: ‘umea]. ‘Huíhuachi s La pizca, el tiempo de la pizca. ‘Huíhuami adj Que pertenece a la pizca. ‘Huisa vt Coger, agarrar, arrebatar ‘Usi imper pl ¡Cójanlo!', 'SRC-02', '45', '45', 'Transcrito', 'Autorizada para difusión', 'Pendiente de validación lingüística');
INSERT INTO senses VALUES ('RD-000951-S01', 'RD-000951', 1, 'Cosechar, pizcar el maíz');
INSERT INTO senses VALUES ('RD-000951-S02', 'RD-000951', 2, 'coger');
INSERT INTO examples VALUES ('RD-000951-E01', 'RD-000951', 1, '‘Huíi ‘yena. Andan pizcando maíz. Nijeni ‘huima pachí. Voy a pizcar maíz. [pret.: ‘huiri; fut.: ‘umea]. ‘Huíhuachi s La pizca, el tiempo de la pizca. ‘Huíhuami adj Que pertenece a la pizca. ‘Huisa vt Coger, agarrar, arrebatar ‘Usi imper pl ¡Cójanlo!');
INSERT INTO variants VALUES ('RD-000951-V01', 'RD-000951', 1, 'pret.: ‘huiri; fut.: ‘umea');
INSERT INTO lexical_entries VALUES ('RD-000952', 'Huiba', 'Huiba', 'huiba', NULL, '', 'Sin clasificar', 'Bañarse', '[variante de uba]', 'SRC-02', '45', '45', 'Transcrito', 'Autorizada para difusión', 'Pendiente de validación lingüística');
INSERT INTO senses VALUES ('RD-000952-S01', 'RD-000952', 1, 'Bañarse');
INSERT INTO examples VALUES ('RD-000952-E01', 'RD-000952', 1, '[variante de uba]');
INSERT INTO variants VALUES ('RD-000952-V01', 'RD-000952', 1, 'variante de uba');
INSERT INTO lexical_entries VALUES ('RD-000953', 'Huicá', '1Huicá', 'huica', '1', 'Vi', 'Vi', 'Perderse', 'Biré táa tohhuí huicari bi’yá rocogó. Un niño chico se perdió en la madrugada. [pp.: huicáami].', 'SRC-02', '45', '45', 'Transcrito', 'Autorizada para difusión', 'Pendiente de validación lingüística');
INSERT INTO senses VALUES ('RD-000953-S01', 'RD-000953', 1, 'Perderse');
INSERT INTO examples VALUES ('RD-000953-E01', 'RD-000953', 1, 'Biré táa tohhuí huicari bi’yá rocogó. Un niño chico se perdió en la madrugada. [pp.: huicáami].');
INSERT INTO variants VALUES ('RD-000953-V01', 'RD-000953', 1, 'pp.: huicáami');
INSERT INTO lexical_entries VALUES ('RD-000954', 'Huicá', '2Huicá', 'huica', '2', 'Adj', 'Adj', 'Mucho', 'Huicabé. Muchísimos. Huicabeca. Vi Siendo muchos.', 'SRC-02', '45', '45', 'Transcrito', 'Autorizada para difusión', 'Pendiente de validación lingüística');
INSERT INTO senses VALUES ('RD-000954-S01', 'RD-000954', 1, 'Mucho');
INSERT INTO examples VALUES ('RD-000954-E01', 'RD-000954', 1, 'Huicabé. Muchísimos. Huicabeca. Vi Siendo muchos.');
INSERT INTO lexical_entries VALUES ('RD-000955', 'Huica', 'Huica', 'huica', NULL, 'S', 'S', 'Palo picudo (para sembrar maíz)', 'Echi jaré rarámuri ichá huica jiti. Los tarahumaras siembran con el palo picudo.', 'SRC-02', '45', '45', 'Transcrito', 'Autorizada para difusión', 'Pendiente de validación lingüística');
INSERT INTO senses VALUES ('RD-000955-S01', 'RD-000955', 1, 'Palo picudo (para sembrar maíz)');
INSERT INTO examples VALUES ('RD-000955-E01', 'RD-000955', 1, 'Echi jaré rarámuri ichá huica jiti. Los tarahumaras siembran con el palo picudo.');
INSERT INTO lexical_entries VALUES ('RD-000956', 'Huicahua', 'Huicahua', 'huicahua', NULL, 'Vt', 'Vt', 'Perdonar', 'Nijé onorá tamí cu huicáhuari. Mi padre me perdonó. Huicahuá. Perdonadle. Huicahuasi. Perdonenle.', 'SRC-02', '45', '45', 'Transcrito', 'Autorizada para difusión', 'Pendiente de validación lingüística');
INSERT INTO senses VALUES ('RD-000956-S01', 'RD-000956', 1, 'Perdonar');
INSERT INTO examples VALUES ('RD-000956-E01', 'RD-000956', 1, 'Nijé onorá tamí cu huicáhuari. Mi padre me perdonó. Huicahuá. Perdonadle. Huicahuasi. Perdonenle.');
INSERT INTO lexical_entries VALUES ('RD-000957', 'Huicáhuaraba', 'Huicáhuaraba', 'huicahuaraba', NULL, 'Adv', 'Adv', 'De nada, por nada', '', 'SRC-02', '45', '45', 'Transcrito', 'Autorizada para difusión', 'Pendiente de validación lingüística');
INSERT INTO senses VALUES ('RD-000957-S01', 'RD-000957', 1, 'De nada, por nada');
INSERT INTO lexical_entries VALUES ('RD-000958', 'Huicáhuari', 'Huicáhuari', 'huicahuari', NULL, 'S', 'S', 'Perdón', 'Huicáhuari tani. Pide perdón.', 'SRC-02', '45', '45', 'Transcrito', 'Autorizada para difusión', 'Pendiente de validación lingüística');
INSERT INTO senses VALUES ('RD-000958-S01', 'RD-000958', 1, 'Perdón');
INSERT INTO examples VALUES ('RD-000958-E01', 'RD-000958', 1, 'Huicáhuari tani. Pide perdón.');
INSERT INTO lexical_entries VALUES ('RD-000959', 'Huicaná', 'Huicaná', 'huicana', NULL, 'Adv', 'Adv', 'En muchas partes', 'Echi rijoy huicánáami iyenri nochia. Ese hombre anduvo trabajando en muchas partes. Huicaná nasóami. Surtido.', 'SRC-02', '45', '45', 'Transcrito', 'Autorizada para difusión', 'Pendiente de validación lingüística');
INSERT INTO senses VALUES ('RD-000959-S01', 'RD-000959', 1, 'En muchas partes');
INSERT INTO examples VALUES ('RD-000959-E01', 'RD-000959', 1, 'Echi rijoy huicánáami iyenri nochia. Ese hombre anduvo trabajando en muchas partes. Huicaná nasóami. Surtido.');
INSERT INTO lexical_entries VALUES ('RD-000960', 'Huicará', 'Huicará', 'huicara', NULL, 'Vi', 'Vi', 'Cantar (bailador o con nuna sonaja)', '', 'SRC-02', '45', '45', 'Transcrito', 'Autorizada para difusión', 'Pendiente de validación lingüística');
INSERT INTO senses VALUES ('RD-000960-S01', 'RD-000960', 1, 'Cantar (bailador o con nuna sonaja)');
INSERT INTO lexical_entries VALUES ('RD-000961', 'Huicari', 'Huicari', 'huicari', NULL, 'Vi pret', 'Vi', 'Olvidarse', '', 'SRC-02', '45', '45', 'Transcrito', 'Autorizada para difusión', 'Pendiente de validación lingüística');
INSERT INTO senses VALUES ('RD-000961-S01', 'RD-000961', 1, 'Olvidarse');
INSERT INTO lexical_entries VALUES ('RD-000962', 'Huicó', 'Huicó', 'huico', NULL, 'S', 'S', 'Abejorro, un árbol de las barrancas donde se congregan los abejorros', '', 'SRC-02', '45', '45', 'Transcrito', 'Autorizada para difusión', 'Pendiente de validación lingüística');
INSERT INTO senses VALUES ('RD-000962-S01', 'RD-000962', 1, 'Abejorro, un árbol de las barrancas donde se congregan los abejorros');
INSERT INTO lexical_entries VALUES ('RD-000963', 'Huicochuí', 'Huicochuí', 'huicochui', NULL, 'S', 'S', 'Hongo', '', 'SRC-02', '45', '45', 'Transcrito', 'Autorizada para difusión', 'Pendiente de validación lingüística');
INSERT INTO senses VALUES ('RD-000963-S01', 'RD-000963', 1, 'Hongo');
INSERT INTO lexical_entries VALUES ('RD-000964', 'Huicori, icori', 'Huicori, icori', 'huicori, icori', NULL, 'S', 'S', 'Corteza gruesa (de pino o encino)', 'Jaré cúrohui nihuá echi troca echi huicori jiti. Algunos niños hacen pequeñas trocas (camiones de carga) de la corteza de pino.', 'SRC-02', '46', '46', 'Transcrito', 'Autorizada para difusión', 'Pendiente de validación lingüística');
INSERT INTO senses VALUES ('RD-000964-S01', 'RD-000964', 1, 'Corteza gruesa (de pino o encino)');
INSERT INTO examples VALUES ('RD-000964-E01', 'RD-000964', 1, 'Jaré cúrohui nihuá echi troca echi huicori jiti. Algunos niños hacen pequeñas trocas (camiones de carga) de la corteza de pino.');
INSERT INTO variants VALUES ('RD-000964-V01', 'RD-000964', 1, 'icori');
INSERT INTO lexical_entries VALUES ('RD-000965', 'Huicú', 'Huicú', 'huicu', NULL, 'Vi', 'Vi', 'Estar turbio (el agua)', '', 'SRC-02', '46', '46', 'Transcrito', 'Autorizada para difusión', 'Pendiente de validación lingüística');
INSERT INTO senses VALUES ('RD-000965-S01', 'RD-000965', 1, 'Estar turbio (el agua)');
INSERT INTO lexical_entries VALUES ('RD-000966', 'Huicúami', 'Huicúami', 'huicuami', NULL, 'Adj', 'Adj', 'Turbio', '', 'SRC-02', '46', '46', 'Transcrito', 'Autorizada para difusión', 'Pendiente de validación lingüística');
INSERT INTO senses VALUES ('RD-000966-S01', 'RD-000966', 1, 'Turbio');
INSERT INTO lexical_entries VALUES ('RD-000967', 'Huicuba, huicuhua', 'Huicuba, huicuhua', 'huicuba, huicuhua', NULL, 'Vt', 'Vt', 'Enturbiar', '', 'SRC-02', '46', '46', 'Transcrito', 'Autorizada para difusión', 'Pendiente de validación lingüística');
INSERT INTO senses VALUES ('RD-000967-S01', 'RD-000967', 1, 'Enturbiar');
INSERT INTO variants VALUES ('RD-000967-V01', 'RD-000967', 1, 'huicuhua');
INSERT INTO lexical_entries VALUES ('RD-000968', 'Huicuhui', 'Huicuhui', 'huicuhui', NULL, 'Vi', 'Vi', 'Chiflar', 'Echi tohuí hue ba’yóami huicuhui. Ese niño chifla muy bonito. [pret.: huicúuri; fut.: huicuhuama].', 'SRC-02', '46', '46', 'Transcrito', 'Autorizada para difusión', 'Pendiente de validación lingüística');
INSERT INTO senses VALUES ('RD-000968-S01', 'RD-000968', 1, 'Chiflar');
INSERT INTO examples VALUES ('RD-000968-E01', 'RD-000968', 1, 'Echi tohuí hue ba’yóami huicuhui. Ese niño chifla muy bonito. [pret.: huicúuri; fut.: huicuhuama].');
INSERT INTO variants VALUES ('RD-000968-V01', 'RD-000968', 1, 'pret.: huicúuri; fut.: huicuhuama');
INSERT INTO lexical_entries VALUES ('RD-000969', 'Huichá', 'Huichá', 'huicha', NULL, 'S', 'S', 'Aguja', 'Echi muquí hue su huichá jiti. Esa mujer cosa con la aguja. Huichárari uchá. Enhebra la aguja.', 'SRC-02', '46', '46', 'Transcrito', 'Autorizada para difusión', 'Pendiente de validación lingüística');
INSERT INTO senses VALUES ('RD-000969-S01', 'RD-000969', 1, 'Aguja');
INSERT INTO examples VALUES ('RD-000969-E01', 'RD-000969', 1, 'Echi muquí hue su huichá jiti. Esa mujer cosa con la aguja. Huichárari uchá. Enhebra la aguja.');
INSERT INTO lexical_entries VALUES ('RD-000970', 'Huichabú', 'Huichabú', 'huichabu', NULL, 'Vt', 'Vt', 'Castrar', '', 'SRC-02', '46', '46', 'Transcrito', 'Autorizada para difusión', 'Pendiente de validación lingüística');
INSERT INTO senses VALUES ('RD-000970-S01', 'RD-000970', 1, 'Castrar');
INSERT INTO lexical_entries VALUES ('RD-000971', 'Huíchari', 'Huíchari', 'huichari', NULL, 'S', 'S', 'Manzanilla', '', 'SRC-02', '46', '46', 'Transcrito', 'Autorizada para difusión', 'Pendiente de validación lingüística');
INSERT INTO senses VALUES ('RD-000971-S01', 'RD-000971', 1, 'Manzanilla');
INSERT INTO lexical_entries VALUES ('RD-000972', 'Huichéami', 'Huichéami', 'huicheami', NULL, 'Adj', 'Adj', 'Piojoso', '', 'SRC-02', '46', '46', 'Transcrito', 'Autorizada para difusión', 'Pendiente de validación lingüística');
INSERT INTO senses VALUES ('RD-000972-S01', 'RD-000972', 1, 'Piojoso');
INSERT INTO lexical_entries VALUES ('RD-000973', 'Huichí', '1Huichí', 'huichi', '1', 'S', 'S', '1. Cuero, piel 2. Piojo', 'Huáasi huichira. Cuero de vaca. Huichí cahuara. Liendres.', 'SRC-02', '46', '46', 'Transcrito', 'Autorizada para difusión', 'Pendiente de validación lingüística');
INSERT INTO senses VALUES ('RD-000973-S01', 'RD-000973', 1, 'Cuero, piel');
INSERT INTO senses VALUES ('RD-000973-S02', 'RD-000973', 2, 'Piojo');
INSERT INTO examples VALUES ('RD-000973-E01', 'RD-000973', 1, 'Huáasi huichira. Cuero de vaca. Huichí cahuara. Liendres.');
INSERT INTO lexical_entries VALUES ('RD-000974', 'Huichí', '2Huichí', 'huichi', '2', 'S', 'S', 'Suelo', 'Huichí huirigá nahuari. Vino a pie. Huichí jaga simabo. Vamos a pie', 'SRC-02', '46', '46', 'Transcrito', 'Autorizada para difusión', 'Pendiente de validación lingüística');
INSERT INTO senses VALUES ('RD-000974-S01', 'RD-000974', 1, 'Suelo');
INSERT INTO examples VALUES ('RD-000974-E01', 'RD-000974', 1, 'Huichí huirigá nahuari. Vino a pie. Huichí jaga simabo. Vamos a pie');
INSERT INTO lexical_entries VALUES ('RD-000975', 'Huichí', '3Huichí', 'huichi', '3', 'Vi', 'Vi', 'Caerse (de arriba)', 'Ri’ré huichí huichiri. Se cayó en el suelo. [fut.: huichiméa].', 'SRC-02', '46', '46', 'Transcrito', 'Autorizada para difusión', 'Pendiente de validación lingüística');
INSERT INTO senses VALUES ('RD-000975-S01', 'RD-000975', 1, 'Caerse (de arriba)');
INSERT INTO examples VALUES ('RD-000975-E01', 'RD-000975', 1, 'Ri’ré huichí huichiri. Se cayó en el suelo. [fut.: huichiméa].');
INSERT INTO variants VALUES ('RD-000975-V01', 'RD-000975', 1, 'fut.: huichiméa');
INSERT INTO lexical_entries VALUES ('RD-000976', 'Huichí huirigá', 'Huichí huirigá', 'huichi huiriga', NULL, 'Adv sing', 'Adv', 'A pie', '[pl.: huichí jaga]', 'SRC-02', '46', '46', 'Transcrito', 'Autorizada para difusión', 'Pendiente de validación lingüística');
INSERT INTO senses VALUES ('RD-000976-S01', 'RD-000976', 1, 'A pie');
INSERT INTO examples VALUES ('RD-000976-E01', 'RD-000976', 1, '[pl.: huichí jaga]');
INSERT INTO variants VALUES ('RD-000976-V01', 'RD-000976', 1, 'pl.: huichí jaga');
INSERT INTO lexical_entries VALUES ('RD-000977', 'Huichiba', 'Huichiba', 'huichiba', NULL, 'Vi', 'Vi', '1. Caer 2. Pegar (sol)', 'Jena’í huichiba aquibi echo comácari. por aquí cayó la bola. Bucurí huichíbachi rayénari nijeni asísari. Cuando comenzaba a pegar el sol en la mañana, me levanté. [pl.: rujuí].', 'SRC-02', '46', '46', 'Transcrito', 'Autorizada para difusión', 'Pendiente de validación lingüística');
INSERT INTO senses VALUES ('RD-000977-S01', 'RD-000977', 1, 'Caer');
INSERT INTO senses VALUES ('RD-000977-S02', 'RD-000977', 2, 'Pegar (sol)');
INSERT INTO examples VALUES ('RD-000977-E01', 'RD-000977', 1, 'Jena’í huichiba aquibi echo comácari. por aquí cayó la bola. Bucurí huichíbachi rayénari nijeni asísari. Cuando comenzaba a pegar el sol en la mañana, me levanté. [pl.: rujuí].');
INSERT INTO variants VALUES ('RD-000977-V01', 'RD-000977', 1, 'pl.: rujuí');
INSERT INTO lexical_entries VALUES ('RD-000978', 'Huichibáchara', 'Huichibáchara', 'huichibachara', NULL, 'S', 'S', 'Estuche de cuero (para rifle o cuchillo)', '', 'SRC-02', '46', '46', 'Transcrito', 'Autorizada para difusión', 'Pendiente de validación lingüística');
INSERT INTO senses VALUES ('RD-000978-S01', 'RD-000978', 1, 'Estuche de cuero (para rifle o cuchillo)');
INSERT INTO lexical_entries VALUES ('RD-000979', 'Huichibecha', 'Huichibecha', 'huichibecha', NULL, 'Vi', 'Vi', 'Rasparse (por alguna cosa)', '', 'SRC-02', '46', '46', 'Transcrito', 'Autorizada para difusión', 'Pendiente de validación lingüística');
INSERT INTO senses VALUES ('RD-000979-S01', 'RD-000979', 1, 'Rasparse (por alguna cosa)');
INSERT INTO lexical_entries VALUES ('RD-000980', 'Huichihuera', 'Huichihuera', 'huichihuera', NULL, 'S', 'S', 'Una cuarta (látigo)', '', 'SRC-02', '46', '46', 'Transcrito', 'Autorizada para difusión', 'Pendiente de validación lingüística');
INSERT INTO senses VALUES ('RD-000980-S01', 'RD-000980', 1, 'Una cuarta (látigo)');
INSERT INTO lexical_entries VALUES ('RD-000981', 'Huichimó', 'Huichimó', 'huichimo', NULL, 'S', 'S', 'Ardilla chiquita (de la tierra)', '', 'SRC-02', '46', '46', 'Transcrito', 'Autorizada para difusión', 'Pendiente de validación lingüística');
INSERT INTO senses VALUES ('RD-000981-S01', 'RD-000981', 1, 'Ardilla chiquita (de la tierra)');
INSERT INTO lexical_entries VALUES ('RD-000982', 'Huichimoba', 'Huichimoba', 'huichimoba', NULL, 'S', 'S', 'Mundo', 'Huichimóbachi. En el mundo.', 'SRC-02', '46', '46', 'Transcrito', 'Autorizada para difusión', 'Pendiente de validación lingüística');
INSERT INTO senses VALUES ('RD-000982-S01', 'RD-000982', 1, 'Mundo');
INSERT INTO examples VALUES ('RD-000982-E01', 'RD-000982', 1, 'Huichimóbachi. En el mundo.');
INSERT INTO lexical_entries VALUES ('RD-000983', 'Huichó', 'Huichó', 'huicho', NULL, 'Vt', 'Vt', 'Lavar (ropa)', 'Biré muquí echo’ná comichi huichó chucú. Una mujer está lavando allí, en el arroyo. Huichósohua táa nírari. Se encogió la ropa al lavarla.', 'SRC-02', '46', '46', 'Transcrito', 'Autorizada para difusión', 'Pendiente de validación lingüística');
INSERT INTO senses VALUES ('RD-000983-S01', 'RD-000983', 1, 'Lavar (ropa)');
INSERT INTO examples VALUES ('RD-000983-E01', 'RD-000983', 1, 'Biré muquí echo’ná comichi huichó chucú. Una mujer está lavando allí, en el arroyo. Huichósohua táa nírari. Se encogió la ropa al lavarla.');
INSERT INTO lexical_entries VALUES ('RD-000984', 'Huichobé', 'Huichobé', 'huichobe', NULL, 'Vt', 'Vt', 'Quemar (la tortilla o el frijol), chamuscar', 'Ma huichobétari muní. Ya se quemaron los frijoles. Huichobeta. Vi Quemarse.', 'SRC-02', '46', '46', 'Transcrito', 'Autorizada para difusión', 'Pendiente de validación lingüística');
INSERT INTO senses VALUES ('RD-000984-S01', 'RD-000984', 1, 'Quemar (la tortilla o el frijol), chamuscar');
INSERT INTO examples VALUES ('RD-000984-E01', 'RD-000984', 1, 'Ma huichobétari muní. Ya se quemaron los frijoles. Huichobeta. Vi Quemarse.');
INSERT INTO lexical_entries VALUES ('RD-000985', 'Huichóri', 'Huichóri', 'huichori', NULL, 'S', 'S', 'Barro', '', 'SRC-02', '46', '46', 'Transcrito', 'Autorizada para difusión', 'Pendiente de validación lingüística');
INSERT INTO senses VALUES ('RD-000985-S01', 'RD-000985', 1, 'Barro');
INSERT INTO lexical_entries VALUES ('RD-000986', 'Huichoríta', 'Huichoríta', 'huichorita', NULL, 'Vi', 'Vi', 'Estar haciéndose barroso', '', 'SRC-02', '46', '46', 'Transcrito', 'Autorizada para difusión', 'Pendiente de validación lingüística');
INSERT INTO senses VALUES ('RD-000986-S01', 'RD-000986', 1, 'Estar haciéndose barroso');
INSERT INTO lexical_entries VALUES ('RD-000987', 'Huichorítami', 'Huichorítami', 'huichoritami', NULL, 'Adj', 'Adj', 'Barroso', '', 'SRC-02', '46', '46', 'Transcrito', 'Autorizada para difusión', 'Pendiente de validación lingüística');
INSERT INTO senses VALUES ('RD-000987-S01', 'RD-000987', 1, 'Barroso');
INSERT INTO lexical_entries VALUES ('RD-000988', 'Huichurí', 'Huichurí', 'huichuri', NULL, 'S', 'S', 'Cacto redondo', '', 'SRC-02', '46', '46', 'Transcrito', 'Autorizada para difusión', 'Pendiente de validación lingüística');
INSERT INTO senses VALUES ('RD-000988-S01', 'RD-000988', 1, 'Cacto redondo');
INSERT INTO lexical_entries VALUES ('RD-000989', '‘Huigáami', '‘Huigáami', '''huigaami', NULL, 'Adj', 'Adj', 'Perdido (pl)', '', 'SRC-02', '47', '47', 'Transcrito', 'Autorizada para difusión', 'Pendiente de validación lingüística');
INSERT INTO senses VALUES ('RD-000989-S01', 'RD-000989', 1, 'Perdido (pl)');
INSERT INTO lexical_entries VALUES ('RD-000990', '‘Huíhuachi', '‘Huíhuachi', '''huihuachi', NULL, 'S', 'S', 'Pizca, tiempo de la pizca', 'Huaminá ‘huíhuachi huicabé nirúrama sunuco. Más allá, durante la pizca, habrá mucho maíz.', 'SRC-02', '47', '47', 'Transcrito', 'Autorizada para difusión', 'Pendiente de validación lingüística');
INSERT INTO senses VALUES ('RD-000990-S01', 'RD-000990', 1, 'Pizca, tiempo de la pizca');
INSERT INTO examples VALUES ('RD-000990-E01', 'RD-000990', 1, 'Huaminá ‘huíhuachi huicabé nirúrama sunuco. Más allá, durante la pizca, habrá mucho maíz.');
INSERT INTO lexical_entries VALUES ('RD-000991', 'Huíi', 'Huíi', 'huii', NULL, 'Vt', 'Vt', 'Lanzar, amarrar (un animal)', 'Huíira chucúami. Parado amarrado (un animal).', 'SRC-02', '47', '47', 'Transcrito', 'Autorizada para difusión', 'Pendiente de validación lingüística');
INSERT INTO senses VALUES ('RD-000991-S01', 'RD-000991', 1, 'Lanzar, amarrar (un animal)');
INSERT INTO examples VALUES ('RD-000991-E01', 'RD-000991', 1, 'Huíira chucúami. Parado amarrado (un animal).');
INSERT INTO lexical_entries VALUES ('RD-000992', 'Hui’í', 'Hui’í', 'hui''i', NULL, 'S', 'S', 'Manteca, sebo', 'Echi cochi hue hui’íami ju. Ese marrano está muy gordo, y tiene mucha manteca.', 'SRC-02', '47', '47', 'Transcrito', 'Autorizada para difusión', 'Pendiente de validación lingüística');
INSERT INTO senses VALUES ('RD-000992-S01', 'RD-000992', 1, 'Manteca, sebo');
INSERT INTO examples VALUES ('RD-000992-E01', 'RD-000992', 1, 'Echi cochi hue hui’íami ju. Ese marrano está muy gordo, y tiene mucha manteca.');
INSERT INTO lexical_entries VALUES ('RD-000993', 'Hui’íami', 'Hui’íami', 'hui''iami', NULL, 'Adj sing', 'Adj', 'Que tiene mucha manteca (un marrano)', '[pl.: hui’iméa].', 'SRC-02', '47', '47', 'Transcrito', 'Autorizada para difusión', 'Pendiente de validación lingüística');
INSERT INTO senses VALUES ('RD-000993-S01', 'RD-000993', 1, 'Que tiene mucha manteca (un marrano)');
INSERT INTO examples VALUES ('RD-000993-E01', 'RD-000993', 1, '[pl.: hui’iméa].');
INSERT INTO variants VALUES ('RD-000993-V01', 'RD-000993', 1, 'pl.: hui’iméa');
INSERT INTO lexical_entries VALUES ('RD-000994', 'Hui’ibochana', 'Hui’ibochana', 'hui''ibochana', NULL, 'Vt', 'Vt', 'Engordar (marrano)', 'Hui’ibóchanabo biré cochi. Vamos a engordar un marrano.', 'SRC-02', '47', '47', 'Transcrito', 'Autorizada para difusión', 'Pendiente de validación lingüística');
INSERT INTO senses VALUES ('RD-000994-S01', 'RD-000994', 1, 'Engordar (marrano)');
INSERT INTO examples VALUES ('RD-000994-E01', 'RD-000994', 1, 'Hui’ibóchanabo biré cochi. Vamos a engordar un marrano.');
INSERT INTO lexical_entries VALUES ('RD-000995', 'Huijá', '1Huijá', 'huija', '1', 'Vt', 'Vt', 'Sacar (de la lumbre)', 'Nijeni huijiméa echi ri’rohui echo’ná napichi. Voy a sacar las papas de las cenizas. [fut.: huijaméa].', 'SRC-02', '47', '47', 'Transcrito', 'Autorizada para difusión', 'Pendiente de validación lingüística');
INSERT INTO senses VALUES ('RD-000995-S01', 'RD-000995', 1, 'Sacar (de la lumbre)');
INSERT INTO examples VALUES ('RD-000995-E01', 'RD-000995', 1, 'Nijeni huijiméa echi ri’rohui echo’ná napichi. Voy a sacar las papas de las cenizas. [fut.: huijaméa].');
INSERT INTO variants VALUES ('RD-000995-V01', 'RD-000995', 1, 'fut.: huijaméa');
INSERT INTO lexical_entries VALUES ('RD-000996', 'Huijá', '2Huijá', 'huija', '2', 'Vi', 'Vi', 'Estar colgado', 'Echo’ná pachá huijá chucú. Está colgado allí adentro. Huijagá chucú. Está colgado.', 'SRC-02', '47', '47', 'Transcrito', 'Autorizada para difusión', 'Pendiente de validación lingüística');
INSERT INTO senses VALUES ('RD-000996-S01', 'RD-000996', 1, 'Estar colgado');
INSERT INTO examples VALUES ('RD-000996-E01', 'RD-000996', 1, 'Echo’ná pachá huijá chucú. Está colgado allí adentro. Huijagá chucú. Está colgado.');
INSERT INTO lexical_entries VALUES ('RD-000997', 'Huijáhua', 'Huijáhua', 'huijahua', NULL, 'Vt', 'Vt', 'Colgar', 'Nijeni echo’ná huijpahuama echi juste. Voy a colgar el fuste allí adentro.', 'SRC-02', '47', '47', 'Transcrito', 'Autorizada para difusión', 'Pendiente de validación lingüística');
INSERT INTO senses VALUES ('RD-000997-S01', 'RD-000997', 1, 'Colgar');
INSERT INTO examples VALUES ('RD-000997-E01', 'RD-000997', 1, 'Nijeni echo’ná huijpahuama echi juste. Voy a colgar el fuste allí adentro.');
INSERT INTO lexical_entries VALUES ('RD-000998', 'Hui’nijí', 'Hui’nijí', 'hui''niji', NULL, 'Vt', 'Vt', 'Acusar, condenar', 'Pagótami tamí hui’nijiri. La gente me acusaba. Comisario tamí hui’nijiri. El comisario de la policía me acusó. [fut.: hu’nijima]. Hui’nijíhuachi. Cuando lo acusan.', 'SRC-02', '47', '47', 'Transcrito', 'Autorizada para difusión', 'Pendiente de validación lingüística');
INSERT INTO senses VALUES ('RD-000998-S01', 'RD-000998', 1, 'Acusar, condenar');
INSERT INTO examples VALUES ('RD-000998-E01', 'RD-000998', 1, 'Pagótami tamí hui’nijiri. La gente me acusaba. Comisario tamí hui’nijiri. El comisario de la policía me acusó. [fut.: hu’nijima]. Hui’nijíhuachi. Cuando lo acusan.');
INSERT INTO variants VALUES ('RD-000998-V01', 'RD-000998', 1, 'fut.: hu’nijima');
INSERT INTO lexical_entries VALUES ('RD-000999', 'Huinomí', 'Huinomí', 'huinomi', NULL, 'S', 'S', 'Dinero', '', 'SRC-02', '47', '47', 'Transcrito', 'Autorizada para difusión', 'Pendiente de validación lingüística');
INSERT INTO senses VALUES ('RD-000999-S01', 'RD-000999', 1, 'Dinero');
INSERT INTO lexical_entries VALUES ('RD-001000', 'Huipá', 'Huipá', 'huipa', NULL, 'S', 'S', 'Tabaco del campo', '', 'SRC-02', '47', '47', 'Transcrito', 'Autorizada para difusión', 'Pendiente de validación lingüística');
INSERT INTO senses VALUES ('RD-001000-S01', 'RD-001000', 1, 'Tabaco del campo');
INSERT INTO lexical_entries VALUES ('RD-001001', 'Huipichá', 'Huipichá', 'huipicha', NULL, 'Vt', 'Vt', 'Chapalear (agua con la mano)', '', 'SRC-02', '47', '47', 'Transcrito', 'Autorizada para difusión', 'Pendiente de validación lingüística');
INSERT INTO senses VALUES ('RD-001001-S01', 'RD-001001', 1, 'Chapalear (agua con la mano)');
INSERT INTO lexical_entries VALUES ('RD-001002', 'Huipisó', 'Huipisó', 'huipiso', NULL, 'Vt', 'Vt', 'Azotar (con mano o cuarta), lo chicotea', 'Tamí huipisómia nahuari. Loegó par aazotarnos a nosotros. Muní huipisómani. Voy a desvainar el frijol (azotándolos). Huipisótami. Adj Azotado. Huipisónari. Querían azotarle. Huipisó capaneri. Toca la campana.', 'SRC-02', '47', '47', 'Transcrito', 'Autorizada para difusión', 'Pendiente de validación lingüística');
INSERT INTO senses VALUES ('RD-001002-S01', 'RD-001002', 1, 'Azotar (con mano o cuarta), lo chicotea');
INSERT INTO examples VALUES ('RD-001002-E01', 'RD-001002', 1, 'Tamí huipisómia nahuari. Loegó par aazotarnos a nosotros. Muní huipisómani. Voy a desvainar el frijol (azotándolos). Huipisótami. Adj Azotado. Huipisónari. Querían azotarle. Huipisó capaneri. Toca la campana.');
INSERT INTO lexical_entries VALUES ('RD-001003', 'Huiputa', 'Huiputa', 'huiputa', NULL, 'Vi', 'Vi', 'Tener demasiada hambre o sed', '', 'SRC-02', '47', '47', 'Transcrito', 'Autorizada para difusión', 'Pendiente de validación lingüística');
INSERT INTO senses VALUES ('RD-001003-S01', 'RD-001003', 1, 'Tener demasiada hambre o sed');
INSERT INTO lexical_entries VALUES ('RD-001004', 'Huiqué', 'Huiqué', 'huique', NULL, 'Vt', 'Vt', 'Deber', 'Huiquéami. Que debe.', 'SRC-02', '47', '47', 'Transcrito', 'Autorizada para difusión', 'Pendiente de validación lingüística');
INSERT INTO senses VALUES ('RD-001004-S01', 'RD-001004', 1, 'Deber');
INSERT INTO examples VALUES ('RD-001004-E01', 'RD-001004', 1, 'Huiquéami. Que debe.');
INSERT INTO lexical_entries VALUES ('RD-001005', 'Huiquechi', 'Huiquechi', 'huiquechi', NULL, 'Vi', 'Vi', 'Ser llorón', '', 'SRC-02', '47', '47', 'Transcrito', 'Autorizada para difusión', 'Pendiente de validación lingüística');
INSERT INTO senses VALUES ('RD-001005-S01', 'RD-001005', 1, 'Ser llorón');
INSERT INTO lexical_entries VALUES ('RD-001006', 'Huiquiá', 'Huiquiá', 'huiquia', NULL, 'Vi', 'Vi', 'Extraviarse', '', 'SRC-02', '47', '47', 'Transcrito', 'Autorizada para difusión', 'Pendiente de validación lingüística');
INSERT INTO senses VALUES ('RD-001006-S01', 'RD-001006', 1, 'Extraviarse');
INSERT INTO lexical_entries VALUES ('RD-001007', 'Huiquiyá muhué', 'Huiquiyá muhué', 'huiquiya muhue', NULL, 'Vt', 'Vt', 'Multiplicar', '', 'SRC-02', '47', '47', 'Transcrito', 'Autorizada para difusión', 'Pendiente de validación lingüística');
INSERT INTO senses VALUES ('RD-001007-S01', 'RD-001007', 1, 'Multiplicar');
INSERT INTO lexical_entries VALUES ('RD-001008', 'Hui’rá', 'Hui’rá', 'hui''ra', NULL, 'S', 'S', 'Arete', '', 'SRC-02', '47', '47', 'Transcrito', 'Autorizada para difusión', 'Pendiente de validación lingüística');
INSERT INTO senses VALUES ('RD-001008-S01', 'RD-001008', 1, 'Arete');
INSERT INTO lexical_entries VALUES ('RD-001009', 'Hui´ré', 'Hui´ré', 'hui´re', NULL, 'Vi', 'Vi', 'Tener aretes', 'Echi moquí hue semati huir’e. Esa mujer tiene aretes muy bonitos.', 'SRC-02', '47', '47', 'Transcrito', 'Autorizada para difusión', 'Pendiente de validación lingüística');
INSERT INTO senses VALUES ('RD-001009-S01', 'RD-001009', 1, 'Tener aretes');
INSERT INTO examples VALUES ('RD-001009-E01', 'RD-001009', 1, 'Echi moquí hue semati huir’e. Esa mujer tiene aretes muy bonitos.');
INSERT INTO lexical_entries VALUES ('RD-001010', 'Huirá', 'Huirá', 'huira', NULL, 'Vt', 'Vt', '1. Parar 2. Elegir, nombrar a una autoridad', 'Echo’ná sitochi huirari ripurá. Puso parada el hacha, en el rincón. Tamí huirábari capitani niráa. Me eligieron como capitán. [pl.: jahua; pret.: huirásari].', 'SRC-02', '47', '48', 'Transcrito', 'Autorizada para difusión', 'Pendiente de validación lingüística');
INSERT INTO senses VALUES ('RD-001010-S01', 'RD-001010', 1, 'Parar');
INSERT INTO senses VALUES ('RD-001010-S02', 'RD-001010', 2, 'Elegir, nombrar a una autoridad');
INSERT INTO examples VALUES ('RD-001010-E01', 'RD-001010', 1, 'Echo’ná sitochi huirari ripurá. Puso parada el hacha, en el rincón. Tamí huirábari capitani niráa. Me eligieron como capitán. [pl.: jahua; pret.: huirásari].');
INSERT INTO variants VALUES ('RD-001010-V01', 'RD-001010', 1, 'pl.: jahua; pret.: huirásari');
INSERT INTO lexical_entries VALUES ('RD-001011', 'Huiráami', 'Huiráami', 'huiraami', NULL, 'S sing', 'S', 'Vieja, anciana', '[pl.: ‘huécami].', 'SRC-02', '48', '48', 'Transcrito', 'Autorizada para difusión', 'Pendiente de validación lingüística');
INSERT INTO senses VALUES ('RD-001011-S01', 'RD-001011', 1, 'Vieja, anciana');
INSERT INTO examples VALUES ('RD-001011-E01', 'RD-001011', 1, '[pl.: ‘huécami].');
INSERT INTO variants VALUES ('RD-001011-V01', 'RD-001011', 1, 'pl.: ‘huécami');
INSERT INTO lexical_entries VALUES ('RD-001012', 'Huiraba', 'Huiraba', 'huiraba', NULL, 'Vt', 'Vt', 'Parar (detener)', 'Nijeni huirábama echi motor. Boy a parar el motor. [pret.: huirábari].', 'SRC-02', '48', '48', 'Transcrito', 'Autorizada para difusión', 'Pendiente de validación lingüística');
INSERT INTO senses VALUES ('RD-001012-S01', 'RD-001012', 1, 'Parar (detener)');
INSERT INTO examples VALUES ('RD-001012-E01', 'RD-001012', 1, 'Nijeni huirábama echi motor. Boy a parar el motor. [pret.: huirábari].');
INSERT INTO variants VALUES ('RD-001012-V01', 'RD-001012', 1, 'pret.: huirábari');
INSERT INTO lexical_entries VALUES ('RD-001013', 'Huirara', 'Huirara', 'huirara', NULL, 'Vi', 'Vi', 'Envejecerse (mujer)', 'Echi muquí ma hue huirárari. Esa mujer se ha envejecido mucho.', 'SRC-02', '48', '48', 'Transcrito', 'Autorizada para difusión', 'Pendiente de validación lingüística');
INSERT INTO senses VALUES ('RD-001013-S01', 'RD-001013', 1, 'Envejecerse (mujer)');
INSERT INTO examples VALUES ('RD-001013-E01', 'RD-001013', 1, 'Echi muquí ma hue huirárari. Esa mujer se ha envejecido mucho.');
INSERT INTO lexical_entries VALUES ('RD-001014', 'Huirárasi', 'Huirárasi', 'huirarasi', NULL, '', 'Sin clasificar', 'Levantar, parar (poste, persona)', '[pret. de huirá].', 'SRC-02', '48', '48', 'Transcrito', 'Autorizada para difusión', 'Pendiente de validación lingüística');
INSERT INTO senses VALUES ('RD-001014-S01', 'RD-001014', 1, 'Levantar, parar (poste, persona)');
INSERT INTO examples VALUES ('RD-001014-E01', 'RD-001014', 1, '[pret. de huirá].');
INSERT INTO variants VALUES ('RD-001014-V01', 'RD-001014', 1, 'pret. de huirá');
INSERT INTO lexical_entries VALUES ('RD-001015', 'Hui’ré', 'Hui’ré', 'hui''re', NULL, 'Adj', 'Adj', 'Ancho', 'Hui’ré inaro ba’huí. Está ancho el río. Hui’ré ichiméani. Voy a sembrar ancho (mucho).', 'SRC-02', '48', '48', 'Transcrito', 'Autorizada para difusión', 'Pendiente de validación lingüística');
INSERT INTO senses VALUES ('RD-001015-S01', 'RD-001015', 1, 'Ancho');
INSERT INTO examples VALUES ('RD-001015-E01', 'RD-001015', 1, 'Hui’ré inaro ba’huí. Está ancho el río. Hui’ré ichiméani. Voy a sembrar ancho (mucho).');
INSERT INTO lexical_entries VALUES ('RD-001016', 'Hui’rí', 'Hui’rí', 'hui''ri', NULL, 'Vi', 'Vi', '1. Estar largo (medida) 2. Extenso (tiempo)', 'Hue hui’rí echi cusí. Está largo el palo. Hui’rí huiriri echi ucuí. Estaba lloviendo por mucho tiempo. Hui’rira. Vt Alargar. Hui’ribé. Muy extenso.', 'SRC-02', '48', '48', 'Transcrito', 'Autorizada para difusión', 'Pendiente de validación lingüística');
INSERT INTO senses VALUES ('RD-001016-S01', 'RD-001016', 1, 'Estar largo (medida)');
INSERT INTO senses VALUES ('RD-001016-S02', 'RD-001016', 2, 'Extenso (tiempo)');
INSERT INTO examples VALUES ('RD-001016-E01', 'RD-001016', 1, 'Hue hui’rí echi cusí. Está largo el palo. Hui’rí huiriri echi ucuí. Estaba lloviendo por mucho tiempo. Hui’rira. Vt Alargar. Hui’ribé. Muy extenso.');
INSERT INTO lexical_entries VALUES ('RD-001017', 'Huirí', 'Huirí', 'huiri', NULL, 'Vi', 'Vi', 'Estar parado', '¿Cumi huirí echi pichira? ¿Dónde está parada la escoba? [fut.: huiriméa; pl.: jahui].', 'SRC-02', '48', '48', 'Transcrito', 'Autorizada para difusión', 'Pendiente de validación lingüística');
INSERT INTO senses VALUES ('RD-001017-S01', 'RD-001017', 1, 'Estar parado');
INSERT INTO examples VALUES ('RD-001017-E01', 'RD-001017', 1, '¿Cumi huirí echi pichira? ¿Dónde está parada la escoba? [fut.: huiriméa; pl.: jahui].');
INSERT INTO variants VALUES ('RD-001017-V01', 'RD-001017', 1, 'fut.: huiriméa; pl.: jahui');
INSERT INTO lexical_entries VALUES ('RD-001018', 'Huiríami', 'Huiríami', 'huiriami', NULL, 'Adj', 'Adj', 'Parado, nacido', 'Echi bachá huiríami ranara ju. Es el hijo primogénito.', 'SRC-02', '48', '48', 'Transcrito', 'Autorizada para difusión', 'Pendiente de validación lingüística');
INSERT INTO senses VALUES ('RD-001018-S01', 'RD-001018', 1, 'Parado, nacido');
INSERT INTO examples VALUES ('RD-001018-E01', 'RD-001018', 1, 'Echi bachá huiríami ranara ju. Es el hijo primogénito.');
INSERT INTO lexical_entries VALUES ('RD-001019', 'Huiriba', 'Huiriba', 'huiriba', NULL, 'Vi sing', 'Vi', 'Pararse (el hecho de pararse)', 'Echo’ná yéachi huiríbari. Se paró en la puerta. [pret.: huiríbari; fut.: huiribama; pl.: jaba]. Huiribá imper Párate', 'SRC-02', '48', '48', 'Transcrito', 'Autorizada para difusión', 'Pendiente de validación lingüística');
INSERT INTO senses VALUES ('RD-001019-S01', 'RD-001019', 1, 'Pararse (el hecho de pararse)');
INSERT INTO examples VALUES ('RD-001019-E01', 'RD-001019', 1, 'Echo’ná yéachi huiríbari. Se paró en la puerta. [pret.: huiríbari; fut.: huiribama; pl.: jaba]. Huiribá imper Párate');
INSERT INTO variants VALUES ('RD-001019-V01', 'RD-001019', 1, 'pret.: huiríbari; fut.: huiribama; pl.: jaba');
INSERT INTO lexical_entries VALUES ('RD-001020', 'Huiríbari', 'Huiríbari', 'huiribari', NULL, 'Vi', 'Vi', 'Empezar a llover', 'Echi ucuí ma huiríbari. Empezó a llover.', 'SRC-02', '48', '48', 'Transcrito', 'Autorizada para difusión', 'Pendiente de validación lingüística');
INSERT INTO senses VALUES ('RD-001020-S01', 'RD-001020', 1, 'Empezar a llover');
INSERT INTO examples VALUES ('RD-001020-E01', 'RD-001020', 1, 'Echi ucuí ma huiríbari. Empezó a llover.');
INSERT INTO lexical_entries VALUES ('RD-001021', 'Huiribeco', 'Huiribeco', 'huiribeco', NULL, 'Adv', 'Adv', 'Después', 'Hui’ribéque nahua. Retrasa su llegada.', 'SRC-02', '48', '48', 'Transcrito', 'Autorizada para difusión', 'Pendiente de validación lingüística');
INSERT INTO senses VALUES ('RD-001021-S01', 'RD-001021', 1, 'Después');
INSERT INTO examples VALUES ('RD-001021-E01', 'RD-001021', 1, 'Hui’ribéque nahua. Retrasa su llegada.');
INSERT INTO lexical_entries VALUES ('RD-001022', 'Hui’rique', 'Hui’rique', 'hui''rique', NULL, 'Adv', 'Adv', 'Mucho después', 'Hui´rique rocogó cu nahuari. Muy noche llegó. Ma hui’rique chónachi níiri. Ya era muy de noche. Hui’rique chónachi. Muy noche.', 'SRC-02', '48', '48', 'Transcrito', 'Autorizada para difusión', 'Pendiente de validación lingüística');
INSERT INTO senses VALUES ('RD-001022-S01', 'RD-001022', 1, 'Mucho después');
INSERT INTO examples VALUES ('RD-001022-E01', 'RD-001022', 1, 'Hui´rique rocogó cu nahuari. Muy noche llegó. Ma hui’rique chónachi níiri. Ya era muy de noche. Hui’rique chónachi. Muy noche.');
INSERT INTO lexical_entries VALUES ('RD-001023', 'Huirira', 'Huirira', 'huirira', NULL, 'Vi', 'Vi', 'Andar (haciendo algo)', 'Chibá meca huirira. Anda cuidando las chivas [pret.: huirírari: fut.: huiriráma].', 'SRC-02', '48', '48', 'Transcrito', 'Autorizada para difusión', 'Pendiente de validación lingüística');
INSERT INTO senses VALUES ('RD-001023-S01', 'RD-001023', 1, 'Andar (haciendo algo)');
INSERT INTO examples VALUES ('RD-001023-E01', 'RD-001023', 1, 'Chibá meca huirira. Anda cuidando las chivas [pret.: huirírari: fut.: huiriráma].');
INSERT INTO variants VALUES ('RD-001023-V01', 'RD-001023', 1, 'pret.: huirírari: fut.: huiriráma');
INSERT INTO lexical_entries VALUES ('RD-001024', 'Huirisa', 'Huirisa', 'huirisa', NULL, 'Vi sing', 'Vi', 'Pararse, levantarse (de estar sentado)', '[pl.: jasa; pret.: huirísari]. Huirisi imper ¡levántese! Huirísaga vi Parándose.', 'SRC-02', '48', '48', 'Transcrito', 'Autorizada para difusión', 'Pendiente de validación lingüística');
INSERT INTO senses VALUES ('RD-001024-S01', 'RD-001024', 1, 'Pararse, levantarse (de estar sentado)');
INSERT INTO examples VALUES ('RD-001024-E01', 'RD-001024', 1, '[pl.: jasa; pret.: huirísari]. Huirisi imper ¡levántese! Huirísaga vi Parándose.');
INSERT INTO variants VALUES ('RD-001024-V01', 'RD-001024', 1, 'pl.: jasa; pret.: huirísari');
INSERT INTO lexical_entries VALUES ('RD-001025', 'Huiró', 'Huiró', 'huiro', NULL, 'Vt', 'Vt', '1. Tirar (agua, tesgüino, sangre) 2. Desparramar (tierra o granos)', '', 'SRC-02', '48', '48', 'Transcrito', 'Autorizada para difusión', 'Pendiente de validación lingüística');
INSERT INTO senses VALUES ('RD-001025-S01', 'RD-001025', 1, 'Tirar (agua, tesgüino, sangre)');
INSERT INTO senses VALUES ('RD-001025-S02', 'RD-001025', 2, 'Desparramar (tierra o granos)');
INSERT INTO lexical_entries VALUES ('RD-001026', 'Huirú', 'Huirú', 'huiru', NULL, 'S', 'S', 'Zopilote', 'Ma i’nísari huirú. Ya voló el zopilote.', 'SRC-02', '48', '48', 'Transcrito', 'Autorizada para difusión', 'Pendiente de validación lingüística');
INSERT INTO senses VALUES ('RD-001026-S01', 'RD-001026', 1, 'Zopilote');
INSERT INTO examples VALUES ('RD-001026-E01', 'RD-001026', 1, 'Ma i’nísari huirú. Ya voló el zopilote.');
INSERT INTO lexical_entries VALUES ('RD-001027', '‘Huisa', '‘Huisa', '''huisa', NULL, 'VT', 'Vt', '1. Coger, agarrar 2. Arrebatar', '', 'SRC-02', '48', '48', 'Transcrito', 'Autorizada para difusión', 'Pendiente de validación lingüística');
INSERT INTO senses VALUES ('RD-001027-S01', 'RD-001027', 1, 'Coger, agarrar');
INSERT INTO senses VALUES ('RD-001027-S02', 'RD-001027', 2, 'Arrebatar');
INSERT INTO lexical_entries VALUES ('RD-001028', 'Huisabé', 'Huisabé', 'huisabe', NULL, 'Adv', 'Adv', 'Muchas veces, frecuentemente', 'Huisabé ucuri. Llovió muchas veces.', 'SRC-02', '48', '48', 'Transcrito', 'Autorizada para difusión', 'Pendiente de validación lingüística');
INSERT INTO senses VALUES ('RD-001028-S01', 'RD-001028', 1, 'Muchas veces, frecuentemente');
INSERT INTO examples VALUES ('RD-001028-E01', 'RD-001028', 1, 'Huisabé ucuri. Llovió muchas veces.');
INSERT INTO lexical_entries VALUES ('RD-001029', 'Huisibú', 'Huisibú', 'huisibu', NULL, 'Vt esp', 'Vt', 'Poner la zapeta (taparrabo)', 'Ma huisibúmani. Voy a vestirme, me pondré la zapeta.', 'SRC-02', '49', '49', 'Transcrito', 'Autorizada para difusión', 'Pendiente de validación lingüística');
INSERT INTO senses VALUES ('RD-001029-S01', 'RD-001029', 1, 'Poner la zapeta (taparrabo)');
INSERT INTO examples VALUES ('RD-001029-E01', 'RD-001029', 1, 'Ma huisibúmani. Voy a vestirme, me pondré la zapeta.');
INSERT INTO lexical_entries VALUES ('RD-001030', 'Huisibura', 'Huisibura', 'huisibura', NULL, 'S', 'S', 'La pieza triangular de la zapeta, un cotense', '', 'SRC-02', '49', '49', 'Transcrito', 'Autorizada para difusión', 'Pendiente de validación lingüística');
INSERT INTO senses VALUES ('RD-001030-S01', 'RD-001030', 1, 'La pieza triangular de la zapeta, un cotense');
INSERT INTO lexical_entries VALUES ('RD-001031', 'Huisiburi', 'Huisiburi', 'huisiburi', NULL, 'S', 'S', 'Paño, trapo', '', 'SRC-02', '49', '49', 'Transcrito', 'Autorizada para difusión', 'Pendiente de validación lingüística');
INSERT INTO senses VALUES ('RD-001031-S01', 'RD-001031', 1, 'Paño, trapo');
INSERT INTO lexical_entries VALUES ('RD-001032', 'Huisó', 'Huisó', 'huiso', NULL, 'Vt', 'Vt', 'Hacer lodo, batir lodo', '', 'SRC-02', '49', '49', 'Transcrito', 'Autorizada para difusión', 'Pendiente de validación lingüística');
INSERT INTO senses VALUES ('RD-001032-S01', 'RD-001032', 1, 'Hacer lodo, batir lodo');
INSERT INTO lexical_entries VALUES ('RD-001033', 'Huisogá', 'Huisogá', 'huisoga', NULL, 'S', 'S', 'Lodo, zoquete', '', 'SRC-02', '49', '49', 'Transcrito', 'Autorizada para difusión', 'Pendiente de validación lingüística');
INSERT INTO senses VALUES ('RD-001033-S01', 'RD-001033', 1, 'Lodo, zoquete');
INSERT INTO lexical_entries VALUES ('RD-001034', 'Huisogátari', 'Huisogátari', 'huisogatari', NULL, 'S', 'S', 'Ciénaga', '', 'SRC-02', '49', '49', 'Transcrito', 'Autorizada para difusión', 'Pendiente de validación lingüística');
INSERT INTO senses VALUES ('RD-001034-S01', 'RD-001034', 1, 'Ciénaga');
INSERT INTO lexical_entries VALUES ('RD-001035', 'Huisoguéra', 'Huisoguéra', 'huisoguera', NULL, 'Vi', 'Vi', 'Enlodarse', '', 'SRC-02', '49', '49', 'Transcrito', 'Autorizada para difusión', 'Pendiente de validación lingüística');
INSERT INTO senses VALUES ('RD-001035-S01', 'RD-001035', 1, 'Enlodarse');
INSERT INTO lexical_entries VALUES ('RD-001036', 'Huisú', '1Huisú', 'huisu', '1', 'S', 'S', 'Tipo de animalito carnívoro con cola larga', '', 'SRC-02', '49', '49', 'Transcrito', 'Autorizada para difusión', 'Pendiente de validación lingüística');
INSERT INTO senses VALUES ('RD-001036-S01', 'RD-001036', 1, 'Tipo de animalito carnívoro con cola larga');
INSERT INTO lexical_entries VALUES ('RD-001037', 'Huisú', '2Huisú', 'huisu', '2', '', 'Sin clasificar', '1. vt Dar leche, ordeñar 2. vi Salir un chorro', 'Echi huáasu huarú chi’muri; ma huisunámani. Esa vaca da mucha leche, voy a ordeñarla. Huisuchi. S Donde sale un chorro.', 'SRC-02', '49', '49', 'Transcrito', 'Autorizada para difusión', 'Pendiente de validación lingüística');
INSERT INTO senses VALUES ('RD-001037-S01', 'RD-001037', 1, 'vt Dar leche, ordeñar');
INSERT INTO senses VALUES ('RD-001037-S02', 'RD-001037', 2, 'vi Salir un chorro');
INSERT INTO examples VALUES ('RD-001037-E01', 'RD-001037', 1, 'Echi huáasu huarú chi’muri; ma huisunámani. Esa vaca da mucha leche, voy a ordeñarla. Huisuchi. S Donde sale un chorro.');
INSERT INTO lexical_entries VALUES ('RD-001038', 'Huisuna', 'Huisuna', 'huisuna', NULL, 'Vt', 'Vt', 'Ordeñar', '', 'SRC-02', '49', '49', 'Transcrito', 'Autorizada para difusión', 'Pendiente de validación lingüística');
INSERT INTO senses VALUES ('RD-001038-S01', 'RD-001038', 1, 'Ordeñar');
INSERT INTO lexical_entries VALUES ('RD-001039', 'Huitá', 'Huitá', 'huita', NULL, '', 'Sin clasificar', '1. vi Hacer estiércol 2. s Estiércol, excremento', '[fut.: huitaméa]. Chibá huitara. Estiércol de chiva.', 'SRC-02', '49', '49', 'Transcrito', 'Autorizada para difusión', 'Pendiente de validación lingüística');
INSERT INTO senses VALUES ('RD-001039-S01', 'RD-001039', 1, 'vi Hacer estiércol');
INSERT INTO senses VALUES ('RD-001039-S02', 'RD-001039', 2, 's Estiércol, excremento');
INSERT INTO examples VALUES ('RD-001039-E01', 'RD-001039', 1, '[fut.: huitaméa]. Chibá huitara. Estiércol de chiva.');
INSERT INTO variants VALUES ('RD-001039-V01', 'RD-001039', 1, 'fut.: huitaméa');
INSERT INTO lexical_entries VALUES ('RD-001040', 'Huitabú', 'Huitabú', 'huitabu', NULL, 'Vi', 'Vi', 'Tener diarrea', '', 'SRC-02', '49', '49', 'Transcrito', 'Autorizada para difusión', 'Pendiente de validación lingüística');
INSERT INTO senses VALUES ('RD-001040-S01', 'RD-001040', 1, 'Tener diarrea');
INSERT INTO lexical_entries VALUES ('RD-001041', 'Huitara', 'Huitara', 'huitara', NULL, 'Vi', 'Vi', 'Fertilizar la tierra con estiércol', '', 'SRC-02', '49', '49', 'Transcrito', 'Autorizada para difusión', 'Pendiente de validación lingüística');
INSERT INTO senses VALUES ('RD-001041-S01', 'RD-001041', 1, 'Fertilizar la tierra con estiércol');
INSERT INTO lexical_entries VALUES ('RD-001042', 'Huitayé', 'Huitayé', 'huitaye', NULL, '', 'Sin clasificar', 'Derrumbarse (tierra)', '[variante de huatayé].', 'SRC-02', '49', '49', 'Transcrito', 'Autorizada para difusión', 'Pendiente de validación lingüística');
INSERT INTO senses VALUES ('RD-001042-S01', 'RD-001042', 1, 'Derrumbarse (tierra)');
INSERT INTO examples VALUES ('RD-001042-E01', 'RD-001042', 1, '[variante de huatayé].');
INSERT INTO variants VALUES ('RD-001042-V01', 'RD-001042', 1, 'variante de huatayé');
INSERT INTO lexical_entries VALUES ('RD-001043', 'Huiya', 'Huiya', 'huiya', NULL, '', 'Sin clasificar', '1. s Mecate 2. vt Persogar, lazar', '', 'SRC-02', '49', '49', 'Transcrito', 'Autorizada para difusión', 'Pendiente de validación lingüística');
INSERT INTO senses VALUES ('RD-001043-S01', 'RD-001043', 1, 's Mecate');
INSERT INTO senses VALUES ('RD-001043-S02', 'RD-001043', 2, 'vt Persogar, lazar');
INSERT INTO lexical_entries VALUES ('RD-001044', 'Hui’yé', 'Hui’yé', 'hui''ye', NULL, 'S', 'S', 'Tierra, barro', 'Echi sicorí hui’yé jiti nihuarihua. Se hacen las ollas de tierra (barro). Gará ju hui’yé; huarú ochérama pachí. Está buena la tierra; crecerá grande el maíz.', 'SRC-02', '49', '49', 'Transcrito', 'Autorizada para difusión', 'Pendiente de validación lingüística');
INSERT INTO senses VALUES ('RD-001044-S01', 'RD-001044', 1, 'Tierra, barro');
INSERT INTO examples VALUES ('RD-001044-E01', 'RD-001044', 1, 'Echi sicorí hui’yé jiti nihuarihua. Se hacen las ollas de tierra (barro). Gará ju hui’yé; huarú ochérama pachí. Está buena la tierra; crecerá grande el maíz.');
INSERT INTO lexical_entries VALUES ('RD-001045', 'Hui’yée', 'Hui’yée', 'hui''yee', NULL, 'Vi', 'Vi', 'Hay tierra', '[fut.: hui’yéarama].', 'SRC-02', '49', '49', 'Transcrito', 'Autorizada para difusión', 'Pendiente de validación lingüística');
INSERT INTO senses VALUES ('RD-001045-S01', 'RD-001045', 1, 'Hay tierra');
INSERT INTO examples VALUES ('RD-001045-E01', 'RD-001045', 1, '[fut.: hui’yéarama].');
INSERT INTO variants VALUES ('RD-001045-V01', 'RD-001045', 1, 'fut.: hui’yéarama');
INSERT INTO lexical_entries VALUES ('RD-001046', 'Huiyé', 'Huiyé', 'huiye', NULL, 'S', 'S', 'Madre', '', 'SRC-02', '49', '49', 'Transcrito', 'Autorizada para difusión', 'Pendiente de validación lingüística');
INSERT INTO senses VALUES ('RD-001046-S01', 'RD-001046', 1, 'Madre');
INSERT INTO lexical_entries VALUES ('RD-001047', 'Huiyó', 'Huiyó', 'huiyo', NULL, 'S', 'S', 'Tipo de pino (aguja fina)', '', 'SRC-02', '49', '49', 'Transcrito', 'Autorizada para difusión', 'Pendiente de validación lingüística');
INSERT INTO senses VALUES ('RD-001047-S01', 'RD-001047', 1, 'Tipo de pino (aguja fina)');
INSERT INTO lexical_entries VALUES ('RD-001048', 'Ibiri, ibíripi', 'Ibiri, ibíripi', 'ibiri, ibiripi', NULL, 'Pron', 'Pron', 'Cada uno, unos a otros', 'Ibíripi niráa juri biré namuti. Cada uno escogió una cosa. Ibiripi niráa. Uno por otro', 'SRC-02', '49', '49', 'Transcrito', 'Autorizada para difusión', 'Pendiente de validación lingüística');
INSERT INTO senses VALUES ('RD-001048-S01', 'RD-001048', 1, 'Cada uno, unos a otros');
INSERT INTO examples VALUES ('RD-001048-E01', 'RD-001048', 1, 'Ibíripi niráa juri biré namuti. Cada uno escogió una cosa. Ibiripi niráa. Uno por otro');
INSERT INTO variants VALUES ('RD-001048-V01', 'RD-001048', 1, 'ibíripi');
INSERT INTO lexical_entries VALUES ('RD-001049', 'Ibócari', 'Ibócari', 'ibocari', NULL, 'S', 'S', 'Chile (colorado, grande, seco)', 'Síbori. S Chile piquín.', 'SRC-02', '49', '49', 'Transcrito', 'Autorizada para difusión', 'Pendiente de validación lingüística');
INSERT INTO senses VALUES ('RD-001049-S01', 'RD-001049', 1, 'Chile (colorado, grande, seco)');
INSERT INTO examples VALUES ('RD-001049-E01', 'RD-001049', 1, 'Síbori. S Chile piquín.');
INSERT INTO lexical_entries VALUES ('RD-001050', 'Ibóisi', 'Ibóisi', 'iboisi', NULL, 'S pl', 'S', 'Bueyes', '[sing.: bóisi].', 'SRC-02', '49', '49', 'Transcrito', 'Autorizada para difusión', 'Pendiente de validación lingüística');
INSERT INTO senses VALUES ('RD-001050-S01', 'RD-001050', 1, 'Bueyes');
INSERT INTO examples VALUES ('RD-001050-E01', 'RD-001050', 1, '[sing.: bóisi].');
INSERT INTO variants VALUES ('RD-001050-V01', 'RD-001050', 1, 'sing.: bóisi');
INSERT INTO lexical_entries VALUES ('RD-001051', 'Icá', 'Icá', 'ica', NULL, 'Vi', 'Vi', 'Hacer aire, soplar el viento', 'Ma arihueri icayá. Ya dejó de soplar. [fut.: icaméa].', 'SRC-02', '49', '49', 'Transcrito', 'Autorizada para difusión', 'Pendiente de validación lingüística');
INSERT INTO senses VALUES ('RD-001051-S01', 'RD-001051', 1, 'Hacer aire, soplar el viento');
INSERT INTO examples VALUES ('RD-001051-E01', 'RD-001051', 1, 'Ma arihueri icayá. Ya dejó de soplar. [fut.: icaméa].');
INSERT INTO variants VALUES ('RD-001051-V01', 'RD-001051', 1, 'fut.: icaméa');
INSERT INTO lexical_entries VALUES ('RD-001052', 'Icárata', 'Icárata', 'icarata', NULL, 'Vt', 'Vt', 'Abanicar', '', 'SRC-02', '49', '49', 'Transcrito', 'Autorizada para difusión', 'Pendiente de validación lingüística');
INSERT INTO senses VALUES ('RD-001052-S01', 'RD-001052', 1, 'Abanicar');
INSERT INTO lexical_entries VALUES ('RD-001053', 'Icaré', 'Icaré', 'icare', NULL, 'Vi', 'Vi', 'Mentir', 'Echi rijoy hue icaré; quetasi bichíhuaga ra’icha. Ese hombre miente mucho; no dice la verdad. [pp.: icaréami]. Icareca ru. Negar (en el sentido de mentir).', 'SRC-02', '49', '49', 'Transcrito', 'Autorizada para difusión', 'Pendiente de validación lingüística');
INSERT INTO senses VALUES ('RD-001053-S01', 'RD-001053', 1, 'Mentir');
INSERT INTO examples VALUES ('RD-001053-E01', 'RD-001053', 1, 'Echi rijoy hue icaré; quetasi bichíhuaga ra’icha. Ese hombre miente mucho; no dice la verdad. [pp.: icaréami]. Icareca ru. Negar (en el sentido de mentir).');
INSERT INTO variants VALUES ('RD-001053-V01', 'RD-001053', 1, 'pp.: icaréami');
INSERT INTO lexical_entries VALUES ('RD-001054', 'Icori', 'Icori', 'icori', NULL, '', 'Sin clasificar', 'Corteza gruesa (de pino o encino)', '[variante de huicori].', 'SRC-02', '49', '49', 'Transcrito', 'Autorizada para difusión', 'Pendiente de validación lingüística');
INSERT INTO senses VALUES ('RD-001054-S01', 'RD-001054', 1, 'Corteza gruesa (de pino o encino)');
INSERT INTO examples VALUES ('RD-001054-E01', 'RD-001054', 1, '[variante de huicori].');
INSERT INTO variants VALUES ('RD-001054-V01', 'RD-001054', 1, 'variante de huicori');
INSERT INTO lexical_entries VALUES ('RD-001055', 'Icosa', 'Icosa', 'icosa', NULL, 'Vt', 'Vt', 'Quemar', '', 'SRC-02', '49', '49', 'Transcrito', 'Autorizada para difusión', 'Pendiente de validación lingüística');
INSERT INTO senses VALUES ('RD-001055-S01', 'RD-001055', 1, 'Quemar');
INSERT INTO lexical_entries VALUES ('RD-001056', 'Icota', 'Icota', 'icota', NULL, 'Vi', 'Vi', 'Quemarse (el monte)', 'Huarú inaro icótari. El monte estaba quemándose mucho.', 'SRC-02', '49', '49', 'Transcrito', 'Autorizada para difusión', 'Pendiente de validación lingüística');
INSERT INTO senses VALUES ('RD-001056-S01', 'RD-001056', 1, 'Quemarse (el monte)');
INSERT INTO examples VALUES ('RD-001056-E01', 'RD-001056', 1, 'Huarú inaro icótari. El monte estaba quemándose mucho.');
INSERT INTO lexical_entries VALUES ('RD-001057', 'Icúsuhua', 'Icúsuhua', 'icusuhua', NULL, '', 'Sin clasificar', 'Son autoridades', '[variante de igúsuhua].', 'SRC-02', '50', '50', 'Transcrito', 'Autorizada para difusión', 'Pendiente de validación lingüística');
INSERT INTO senses VALUES ('RD-001057-S01', 'RD-001057', 1, 'Son autoridades');
INSERT INTO examples VALUES ('RD-001057-E01', 'RD-001057', 1, '[variante de igúsuhua].');
INSERT INTO variants VALUES ('RD-001057-V01', 'RD-001057', 1, 'variante de igúsuhua');
INSERT INTO lexical_entries VALUES ('RD-001058', 'Ichá', 'Ichá', 'icha', NULL, 'Vt', 'Vt', 'Sembrar', 'Hui’ré ichari. Sembró mucho (ancho). Ma ichítari. Ya fue sembrado. [fut.: ichiméa]. Ichisí. Imper ¡!Siémbrenlo ustedes', 'SRC-02', '50', '50', 'Transcrito', 'Autorizada para difusión', 'Pendiente de validación lingüística');
INSERT INTO senses VALUES ('RD-001058-S01', 'RD-001058', 1, 'Sembrar');
INSERT INTO examples VALUES ('RD-001058-E01', 'RD-001058', 1, 'Hui’ré ichari. Sembró mucho (ancho). Ma ichítari. Ya fue sembrado. [fut.: ichiméa]. Ichisí. Imper ¡!Siémbrenlo ustedes');
INSERT INTO variants VALUES ('RD-001058-V01', 'RD-001058', 1, 'fut.: ichiméa');
INSERT INTO lexical_entries VALUES ('RD-001059', 'Icháami', 'Icháami', 'ichaami', NULL, 'S', 'S', 'Sembrador', '', 'SRC-02', '50', '50', 'Transcrito', 'Autorizada para difusión', 'Pendiente de validación lingüística');
INSERT INTO senses VALUES ('RD-001059-S01', 'RD-001059', 1, 'Sembrador');
INSERT INTO lexical_entries VALUES ('RD-001060', 'Iché', '1Iché', 'iche', '1', 'Vi', 'Vi', 'Hay matas de maíz', '[pret.: ichéari; fut.: ichérama].', 'SRC-02', '50', '50', 'Transcrito', 'Autorizada para difusión', 'Pendiente de validación lingüística');
INSERT INTO senses VALUES ('RD-001060-S01', 'RD-001060', 1, 'Hay matas de maíz');
INSERT INTO examples VALUES ('RD-001060-E01', 'RD-001060', 1, '[pret.: ichéari; fut.: ichérama].');
INSERT INTO variants VALUES ('RD-001060-V01', 'RD-001060', 1, 'pret.: ichéari; fut.: ichérama');
INSERT INTO lexical_entries VALUES ('RD-001061', 'Iché', '2Iché', 'iche', '2', 'Vt', 'Vt', 'Picar, punzar, inyectar', 'Ahuati ichema. Le picará con sus cuernos.', 'SRC-02', '50', '50', 'Transcrito', 'Autorizada para difusión', 'Pendiente de validación lingüística');
INSERT INTO senses VALUES ('RD-001061-S01', 'RD-001061', 1, 'Picar, punzar, inyectar');
INSERT INTO examples VALUES ('RD-001061-E01', 'RD-001061', 1, 'Ahuati ichema. Le picará con sus cuernos.');
INSERT INTO lexical_entries VALUES ('RD-001062', 'Ichí', 'Ichí', 'ichi', NULL, 'S', 'S', 'Matas de maíz', 'Ichírari. Entre las matas de maíz (en la milpa). Ichírati. Fue sembrado. Ichisuhua. Ya sembrando.', 'SRC-02', '50', '50', 'Transcrito', 'Autorizada para difusión', 'Pendiente de validación lingüística');
INSERT INTO senses VALUES ('RD-001062-S01', 'RD-001062', 1, 'Matas de maíz');
INSERT INTO examples VALUES ('RD-001062-E01', 'RD-001062', 1, 'Ichírari. Entre las matas de maíz (en la milpa). Ichírati. Fue sembrado. Ichisuhua. Ya sembrando.');
INSERT INTO lexical_entries VALUES ('RD-001063', 'Ichihuáhuami', 'Ichihuáhuami', 'ichihuahuami', NULL, 'Adj', 'Adj', 'De siembra', 'Hui’yé ichihuáhuami. Tierra de siembra.', 'SRC-02', '50', '50', 'Transcrito', 'Autorizada para difusión', 'Pendiente de validación lingüística');
INSERT INTO senses VALUES ('RD-001063-S01', 'RD-001063', 1, 'De siembra');
INSERT INTO examples VALUES ('RD-001063-E01', 'RD-001063', 1, 'Hui’yé ichihuáhuami. Tierra de siembra.');
INSERT INTO lexical_entries VALUES ('RD-001064', 'Ichipa', 'Ichipa', 'ichipa', NULL, 'Vi', 'Vi', 'Esconderse', 'Pachá carírari ichípari tohuí. El niño se escondió adentro de la casa.', 'SRC-02', '50', '50', 'Transcrito', 'Autorizada para difusión', 'Pendiente de validación lingüística');
INSERT INTO senses VALUES ('RD-001064-S01', 'RD-001064', 1, 'Esconderse');
INSERT INTO examples VALUES ('RD-001064-E01', 'RD-001064', 1, 'Pachá carírari ichípari tohuí. El niño se escondió adentro de la casa.');
INSERT INTO lexical_entries VALUES ('RD-001065', 'Ichirúami', 'Ichirúami', 'ichiruami', NULL, 'S', 'S', 'Sembrado', '', 'SRC-02', '50', '50', 'Transcrito', 'Autorizada para difusión', 'Pendiente de validación lingüística');
INSERT INTO senses VALUES ('RD-001065-S01', 'RD-001065', 1, 'Sembrado');
INSERT INTO lexical_entries VALUES ('RD-001066', 'Ichuromí', 'Ichuromí', 'ichuromi', NULL, 'Adv', 'Adv', 'Todo el cuerpo', 'Ichuromí ocó. Me duele todo el cuerpo.', 'SRC-02', '50', '50', 'Transcrito', 'Autorizada para difusión', 'Pendiente de validación lingüística');
INSERT INTO senses VALUES ('RD-001066-S01', 'RD-001066', 1, 'Todo el cuerpo');
INSERT INTO examples VALUES ('RD-001066-E01', 'RD-001066', 1, 'Ichuromí ocó. Me duele todo el cuerpo.');
INSERT INTO lexical_entries VALUES ('RD-001067', 'Igúsuhua, icúsuhua', 'Igúsuhua, icúsuhua', 'igusuhua, icusuhua', NULL, 'Vi', 'Vi', 'Son autoridades (del pueblo)', '', 'SRC-02', '50', '50', 'Transcrito', 'Autorizada para difusión', 'Pendiente de validación lingüística');
INSERT INTO senses VALUES ('RD-001067-S01', 'RD-001067', 1, 'Son autoridades (del pueblo)');
INSERT INTO variants VALUES ('RD-001067-V01', 'RD-001067', 1, 'icúsuhua');
INSERT INTO lexical_entries VALUES ('RD-001068', 'Igúsuhuami', 'Igúsuhuami', 'igusuhuami', NULL, 'S pl', 'S', 'Autoridades (del pueblo)', '[sing.: cusihua].', 'SRC-02', '50', '50', 'Transcrito', 'Autorizada para difusión', 'Pendiente de validación lingüística');
INSERT INTO senses VALUES ('RD-001068-S01', 'RD-001068', 1, 'Autoridades (del pueblo)');
INSERT INTO examples VALUES ('RD-001068-E01', 'RD-001068', 1, '[sing.: cusihua].');
INSERT INTO variants VALUES ('RD-001068-V01', 'RD-001068', 1, 'sing.: cusihua');
INSERT INTO lexical_entries VALUES ('RD-001069', 'Ihuá', 'Ihuá', 'ihua', NULL, 'Vi', 'Vi', 'Tener agujero', 'Hui’ré ihuá. Tiene un agujero grande.', 'SRC-02', '50', '50', 'Transcrito', 'Autorizada para difusión', 'Pendiente de validación lingüística');
INSERT INTO senses VALUES ('RD-001069-S01', 'RD-001069', 1, 'Tener agujero');
INSERT INTO examples VALUES ('RD-001069-E01', 'RD-001069', 1, 'Hui’ré ihuá. Tiene un agujero grande.');
INSERT INTO lexical_entries VALUES ('RD-001070', 'Ihuáachi', 'Ihuáachi', 'ihuaachi', NULL, 'S', 'S', 'Abertura, agujero', 'Echo’ná ritérari ihuáachi atí. Está en el agujero de la piedra.', 'SRC-02', '50', '50', 'Transcrito', 'Autorizada para difusión', 'Pendiente de validación lingüística');
INSERT INTO senses VALUES ('RD-001070-S01', 'RD-001070', 1, 'Abertura, agujero');
INSERT INTO examples VALUES ('RD-001070-E01', 'RD-001070', 1, 'Echo’ná ritérari ihuáachi atí. Está en el agujero de la piedra.');
INSERT INTO lexical_entries VALUES ('RD-001071', 'Ihuará', 'Ihuará', 'ihuara', NULL, 'Vt', 'Vt', 'Agujerear, perforar', '', 'SRC-02', '50', '50', 'Transcrito', 'Autorizada para difusión', 'Pendiente de validación lingüística');
INSERT INTO senses VALUES ('RD-001071-S01', 'RD-001071', 1, 'Agujerear, perforar');
INSERT INTO lexical_entries VALUES ('RD-001072', 'Ihu´é', '1Ihu´é', 'ihu´e', '1', 'Vt', 'Vt', 'Atajar', 'Nijeni ihuema echi huáasi. Voy a atajar las vacas.', 'SRC-02', '50', '50', 'Transcrito', 'Autorizada para difusión', 'Pendiente de validación lingüística');
INSERT INTO senses VALUES ('RD-001072-S01', 'RD-001072', 1, 'Atajar');
INSERT INTO examples VALUES ('RD-001072-E01', 'RD-001072', 1, 'Nijeni ihuema echi huáasi. Voy a atajar las vacas.');
INSERT INTO lexical_entries VALUES ('RD-001073', 'Ihu´e', '2Ihu´e', 'ihu´e', '2', 'S pl', 'S', 'Muchachas', '', 'SRC-02', '50', '50', 'Transcrito', 'Autorizada para difusión', 'Pendiente de validación lingüística');
INSERT INTO senses VALUES ('RD-001073-S01', 'RD-001073', 1, 'Muchachas');
INSERT INTO lexical_entries VALUES ('RD-001074', 'Ihuéami', 'Ihuéami', 'ihueami', NULL, 'Adj', 'Adj', 'Fuerte', '[sing.: tihué].', 'SRC-02', '50', '50', 'Transcrito', 'Autorizada para difusión', 'Pendiente de validación lingüística');
INSERT INTO senses VALUES ('RD-001074-S01', 'RD-001074', 1, 'Fuerte');
INSERT INTO examples VALUES ('RD-001074-E01', 'RD-001074', 1, '[sing.: tihué].');
INSERT INTO variants VALUES ('RD-001074-V01', 'RD-001074', 1, 'sing.: tihué');
INSERT INTO lexical_entries VALUES ('RD-001075', 'Ihuébana', 'Ihuébana', 'ihuebana', NULL, 'Vt', 'Vt', 'Reforzar', 'Echi ohuáami tamí cu ihuébanari. Esa medicina me reforzó.', 'SRC-02', '50', '50', 'Transcrito', 'Autorizada para difusión', 'Pendiente de validación lingüística');
INSERT INTO senses VALUES ('RD-001075-S01', 'RD-001075', 1, 'Reforzar');
INSERT INTO examples VALUES ('RD-001075-E01', 'RD-001075', 1, 'Echi ohuáami tamí cu ihuébanari. Esa medicina me reforzó.');
INSERT INTO lexical_entries VALUES ('RD-001076', 'Ihuepa', 'Ihuepa', 'ihuepa', NULL, 'Vt', 'Vt', 'Tirar (con fuerza al suelo)', 'Najarápaga ihuépari. Luchando lo tiró con fuerza al suelo.', 'SRC-02', '50', '50', 'Transcrito', 'Autorizada para difusión', 'Pendiente de validación lingüística');
INSERT INTO senses VALUES ('RD-001076-S01', 'RD-001076', 1, 'Tirar (con fuerza al suelo)');
INSERT INTO examples VALUES ('RD-001076-E01', 'RD-001076', 1, 'Najarápaga ihuépari. Luchando lo tiró con fuerza al suelo.');
INSERT INTO lexical_entries VALUES ('RD-001077', 'Ihuera, jihuero', 'Ihuera, jihuero', 'ihuera, jihuero', NULL, 'Vi', 'Vi', 'Tener', '', 'SRC-02', '50', '50', 'Transcrito', 'Autorizada para difusión', 'Pendiente de validación lingüística');
INSERT INTO senses VALUES ('RD-001077-S01', 'RD-001077', 1, 'Tener');
INSERT INTO variants VALUES ('RD-001077-V01', 'RD-001077', 1, 'jihuero');
INSERT INTO lexical_entries VALUES ('RD-001078', 'Ihuérami', 'Ihuérami', 'ihuerami', NULL, '', 'Sin clasificar', '1. adj Fuerte 2. adj Macizo', 'Echi rijoy huabé ihuérami ju. Ese hombre está muy fuerte.', 'SRC-02', '50', '50', 'Transcrito', 'Autorizada para difusión', 'Pendiente de validación lingüística');
INSERT INTO senses VALUES ('RD-001078-S01', 'RD-001078', 1, 'adj Fuerte');
INSERT INTO senses VALUES ('RD-001078-S02', 'RD-001078', 2, 'adj Macizo');
INSERT INTO examples VALUES ('RD-001078-E01', 'RD-001078', 1, 'Echi rijoy huabé ihuérami ju. Ese hombre está muy fuerte.');
INSERT INTO lexical_entries VALUES ('RD-001079', 'I’hueri', 'I’hueri', 'i''hueri', NULL, 'Adj pl', 'Adj', 'Largos', 'Véase hui’rí.', 'SRC-02', '50', '50', 'Transcrito', 'Autorizada para difusión', 'Pendiente de validación lingüística');
INSERT INTO senses VALUES ('RD-001079-S01', 'RD-001079', 1, 'Largos');
INSERT INTO examples VALUES ('RD-001079-E01', 'RD-001079', 1, 'Véase hui’rí.');
INSERT INTO lexical_entries VALUES ('RD-001080', 'Ihuí', 'Ihuí', 'ihui', NULL, 'Vt', 'Vt', 'Respirar', 'Ma cu ihuiri. Ya respiró otra vez.', 'SRC-02', '50', '50', 'Transcrito', 'Autorizada para difusión', 'Pendiente de validación lingüística');
INSERT INTO senses VALUES ('RD-001080-S01', 'RD-001080', 1, 'Respirar');
INSERT INTO examples VALUES ('RD-001080-E01', 'RD-001080', 1, 'Ma cu ihuiri. Ya respiró otra vez.');
INSERT INTO lexical_entries VALUES ('RD-001081', 'I’huí', 'I’huí', 'i''hui', NULL, 'Vt', 'Vt', '1. Enredar 2. Lo amarra por las patas', 'Cagué ma i’huiri huíi. El caballo ya enredó la soga. Cahué i’huítaga chucú. El caballo está parado enredado. ¿Churigá mi i’meri? I’huítarini ¿Cómo caíste? Me enredé.', 'SRC-02', '50', '50', 'Transcrito', 'Autorizada para difusión', 'Pendiente de validación lingüística');
INSERT INTO senses VALUES ('RD-001081-S01', 'RD-001081', 1, 'Enredar');
INSERT INTO senses VALUES ('RD-001081-S02', 'RD-001081', 2, 'Lo amarra por las patas');
INSERT INTO examples VALUES ('RD-001081-E01', 'RD-001081', 1, 'Cagué ma i’huiri huíi. El caballo ya enredó la soga. Cahué i’huítaga chucú. El caballo está parado enredado. ¿Churigá mi i’meri? I’huítarini ¿Cómo caíste? Me enredé.');
INSERT INTO lexical_entries VALUES ('RD-001082', 'Ihuíchani', 'Ihuíchani', 'ihuichani', NULL, 'Vi', 'Vi', 'Resollar', '', 'SRC-02', '50', '50', 'Transcrito', 'Autorizada para difusión', 'Pendiente de validación lingüística');
INSERT INTO senses VALUES ('RD-001082-S01', 'RD-001082', 1, 'Resollar');
INSERT INTO lexical_entries VALUES ('RD-001083', 'I’huíchari', 'I’huíchari', 'i''huichari', NULL, 'S', 'S', 'Manzanilla', 'I’huícharachi. En la manzanilla.', 'SRC-02', '50', '50', 'Transcrito', 'Autorizada para difusión', 'Pendiente de validación lingüística');
INSERT INTO senses VALUES ('RD-001083-S01', 'RD-001083', 1, 'Manzanilla');
INSERT INTO examples VALUES ('RD-001083-E01', 'RD-001083', 1, 'I’huícharachi. En la manzanilla.');
INSERT INTO lexical_entries VALUES ('RD-001084', 'Ihuigá', 'Ihuigá', 'ihuiga', NULL, 'S', 'S', 'Respiración', 'Diosi tamí ihuítari. Dios me dio la vida (la respiración). Binoy ihuigara. El espíritu de él. Ihuita. Vi Dar espíritu, dar vida.', 'SRC-02', '50', '51', 'Transcrito', 'Autorizada para difusión', 'Pendiente de validación lingüística');
INSERT INTO senses VALUES ('RD-001084-S01', 'RD-001084', 1, 'Respiración');
INSERT INTO examples VALUES ('RD-001084-E01', 'RD-001084', 1, 'Diosi tamí ihuítari. Dios me dio la vida (la respiración). Binoy ihuigara. El espíritu de él. Ihuita. Vi Dar espíritu, dar vida.');
INSERT INTO lexical_entries VALUES ('RD-001085', 'I’huiri', 'I’huiri', 'i''huiri', NULL, 'S', 'S', 'Bolsita de gusanos del madroño (árbol)', '', 'SRC-02', '51', '51', 'Transcrito', 'Autorizada para difusión', 'Pendiente de validación lingüística');
INSERT INTO senses VALUES ('RD-001085-S01', 'RD-001085', 1, 'Bolsita de gusanos del madroño (árbol)');
INSERT INTO lexical_entries VALUES ('RD-001086', 'I’huita', 'I’huita', 'i''huita', NULL, '', 'Sin clasificar', '1. vi Enredarse 2. vt Dar la autoridad (pasándole los cetros de autoridad encima de la cabeza)', '', 'SRC-02', '51', '51', 'Transcrito', 'Autorizada para difusión', 'Pendiente de validación lingüística');
INSERT INTO senses VALUES ('RD-001086-S01', 'RD-001086', 1, 'vi Enredarse');
INSERT INTO senses VALUES ('RD-001086-S02', 'RD-001086', 2, 'vt Dar la autoridad (pasándole los cetros de autoridad encima de la cabeza)');
INSERT INTO lexical_entries VALUES ('RD-001087', 'Ijínari', 'Ijínari', 'ijinari', NULL, 'Vi', 'Vi', 'Éramos, eran', 'Campórahuami ijínari. Eran tamboreros. Remerio ijínari. Eran curanderos. Huete cha nocuáam ijínari. Éramos muy traviesos. Nijé jínari ju. Son mis hijos.', 'SRC-02', '51', '51', 'Transcrito', 'Autorizada para difusión', 'Pendiente de validación lingüística');
INSERT INTO senses VALUES ('RD-001087-S01', 'RD-001087', 1, 'Éramos, eran');
INSERT INTO examples VALUES ('RD-001087-E01', 'RD-001087', 1, 'Campórahuami ijínari. Eran tamboreros. Remerio ijínari. Eran curanderos. Huete cha nocuáam ijínari. Éramos muy traviesos. Nijé jínari ju. Son mis hijos.');
INSERT INTO lexical_entries VALUES ('RD-001088', 'Imá', 'Imá', 'ima', NULL, 'S', 'S', 'Hígado', '', 'SRC-02', '51', '51', 'Transcrito', 'Autorizada para difusión', 'Pendiente de validación lingüística');
INSERT INTO senses VALUES ('RD-001088-S01', 'RD-001088', 1, 'Hígado');
INSERT INTO lexical_entries VALUES ('RD-001089', 'Imasehua', 'Imasehua', 'imasehua', NULL, '', 'Sin clasificar', '1. vi Enfermarse (por tener el bazo hinchado) 2. s Bazo', '', 'SRC-02', '51', '51', 'Transcrito', 'Autorizada para difusión', 'Pendiente de validación lingüística');
INSERT INTO senses VALUES ('RD-001089-S01', 'RD-001089', 1, 'vi Enfermarse (por tener el bazo hinchado)');
INSERT INTO senses VALUES ('RD-001089-S02', 'RD-001089', 2, 's Bazo');
INSERT INTO lexical_entries VALUES ('RD-001090', 'I’mé', 'I’mé', 'i''me', NULL, 'vi', 'Vi', '1. Caerse (al suelo) 2. Tropezar (andando)', 'Echi táa tohuí i’mema. El niñito se va a tropezar.', 'SRC-02', '51', '51', 'Transcrito', 'Autorizada para difusión', 'Pendiente de validación lingüística');
INSERT INTO senses VALUES ('RD-001090-S01', 'RD-001090', 1, 'Caerse (al suelo)');
INSERT INTO senses VALUES ('RD-001090-S02', 'RD-001090', 2, 'Tropezar (andando)');
INSERT INTO examples VALUES ('RD-001090-E01', 'RD-001090', 1, 'Echi táa tohuí i’mema. El niñito se va a tropezar.');
INSERT INTO lexical_entries VALUES ('RD-001091', 'Imúami', 'Imúami', 'imuami', NULL, 'Adj', 'Adj', 'Voraz', '', 'SRC-02', '51', '51', 'Transcrito', 'Autorizada para difusión', 'Pendiente de validación lingüística');
INSERT INTO senses VALUES ('RD-001091-S01', 'RD-001091', 1, 'Voraz');
INSERT INTO lexical_entries VALUES ('RD-001092', 'Imuri', 'Imuri', 'imuri', NULL, 'S', 'S', 'Canasta (con tapadera), petaca', '', 'SRC-02', '51', '51', 'Transcrito', 'Autorizada para difusión', 'Pendiente de validación lingüística');
INSERT INTO senses VALUES ('RD-001092-S01', 'RD-001092', 1, 'Canasta (con tapadera), petaca');
INSERT INTO lexical_entries VALUES ('RD-001093', 'Iná', '1Iná', 'ina', '1', '', 'Sin clasificar', '1. vi Ir 2. Venir 3. Caminar', 'Echo’ná iná. Allí va. Mi tasí inaro. Alli viene. Huamí tu inárami hue risí. El que camina para abajo está cansado.', 'SRC-02', '51', '51', 'Transcrito', 'Autorizada para difusión', 'Pendiente de validación lingüística');
INSERT INTO senses VALUES ('RD-001093-S01', 'RD-001093', 1, 'vi Ir');
INSERT INTO senses VALUES ('RD-001093-S02', 'RD-001093', 2, 'Venir');
INSERT INTO senses VALUES ('RD-001093-S03', 'RD-001093', 3, 'Caminar');
INSERT INTO examples VALUES ('RD-001093-E01', 'RD-001093', 1, 'Echo’ná iná. Allí va. Mi tasí inaro. Alli viene. Huamí tu inárami hue risí. El que camina para abajo está cansado.');
INSERT INTO lexical_entries VALUES ('RD-001094', 'Iná', '2Iná', 'ina', '2', 'Vi', 'Vi', 'Dar leche', '', 'SRC-02', '51', '51', 'Transcrito', 'Autorizada para difusión', 'Pendiente de validación lingüística');
INSERT INTO senses VALUES ('RD-001094-S01', 'RD-001094', 1, 'Dar leche');
INSERT INTO lexical_entries VALUES ('RD-001095', 'Ináatami', 'Ináatami', 'inaatami', NULL, 'Adj', 'Adj', 'Seguidor (a tros y no estar solo)', 'Echi táa hue ináatami ju. Ese chiquito es muy seguidor.', 'SRC-02', '51', '51', 'Transcrito', 'Autorizada para difusión', 'Pendiente de validación lingüística');
INSERT INTO senses VALUES ('RD-001095-S01', 'RD-001095', 1, 'Seguidor (a tros y no estar solo)');
INSERT INTO examples VALUES ('RD-001095-E01', 'RD-001095', 1, 'Echi táa hue ináatami ju. Ese chiquito es muy seguidor.');
INSERT INTO lexical_entries VALUES ('RD-001096', 'Inami', 'Inami', 'inami', NULL, 'Vi', 'Vi', 'Entender y hablar español', '', 'SRC-02', '51', '51', 'Transcrito', 'Autorizada para difusión', 'Pendiente de validación lingüística');
INSERT INTO senses VALUES ('RD-001096-S01', 'RD-001096', 1, 'Entender y hablar español');
INSERT INTO lexical_entries VALUES ('RD-001097', 'I’ní', 'I’ní', 'i''ni', NULL, 'Vi', 'Vi', 'Volar', '', 'SRC-02', '51', '51', 'Transcrito', 'Autorizada para difusión', 'Pendiente de validación lingüística');
INSERT INTO senses VALUES ('RD-001097-S01', 'RD-001097', 1, 'Volar');
INSERT INTO lexical_entries VALUES ('RD-001098', 'I’níbana', 'I’níbana', 'i''nibana', NULL, 'Vt', 'Vt', 'Echar a voler', '', 'SRC-02', '51', '51', 'Transcrito', 'Autorizada para difusión', 'Pendiente de validación lingüística');
INSERT INTO senses VALUES ('RD-001098-S01', 'RD-001098', 1, 'Echar a voler');
INSERT INTO lexical_entries VALUES ('RD-001099', 'I’nisa', 'I’nisa', 'i''nisa', NULL, 'Vi', 'Vi', 'Volarse', 'Icá jiti i’nísama. Se va a volar por el viento.', 'SRC-02', '51', '51', 'Transcrito', 'Autorizada para difusión', 'Pendiente de validación lingüística');
INSERT INTO senses VALUES ('RD-001099-S01', 'RD-001099', 1, 'Volarse');
INSERT INTO examples VALUES ('RD-001099-E01', 'RD-001099', 1, 'Icá jiti i’nísama. Se va a volar por el viento.');
INSERT INTO lexical_entries VALUES ('RD-001100', 'Inó', 'Inó', 'ino', NULL, 'S', 'S', 'Tipo de árbol chico con hojas amargosas', '', 'SRC-02', '51', '51', 'Transcrito', 'Autorizada para difusión', 'Pendiente de validación lingüística');
INSERT INTO senses VALUES ('RD-001100-S01', 'RD-001100', 1, 'Tipo de árbol chico con hojas amargosas');
INSERT INTO lexical_entries VALUES ('RD-001101', 'Iqué', 'Iqué', 'ique', NULL, 'Vt', 'Vt', 'Ventilar', '', 'SRC-02', '51', '51', 'Transcrito', 'Autorizada para difusión', 'Pendiente de validación lingüística');
INSERT INTO senses VALUES ('RD-001101-S01', 'RD-001101', 1, 'Ventilar');
INSERT INTO lexical_entries VALUES ('RD-001102', 'Iquí', '1Iquí', 'iqui', '1', 'Vi', 'Vi', 'Acontecer, suceder', '', 'SRC-02', '51', '51', 'Transcrito', 'Autorizada para difusión', 'Pendiente de validación lingüística');
INSERT INTO senses VALUES ('RD-001102-S01', 'RD-001102', 1, 'Acontecer, suceder');
INSERT INTO lexical_entries VALUES ('RD-001103', 'Iquí', '2Iquí', 'iqui', '2', 'Vt', 'Vt', '1. Picar 2. Morder', '', 'SRC-02', '51', '51', 'Transcrito', 'Autorizada para difusión', 'Pendiente de validación lingüística');
INSERT INTO senses VALUES ('RD-001103-S01', 'RD-001103', 1, 'Picar');
INSERT INTO senses VALUES ('RD-001103-S02', 'RD-001103', 2, 'Morder');
INSERT INTO lexical_entries VALUES ('RD-001104', 'Iquigá: que ‘ne iquigá', 'Iquigá: que ‘ne iquigá', 'iquiga: que ''ne iquiga', NULL, '', 'Sin clasificar', 'Desapareciéndose', '', 'SRC-02', '51', '51', 'Transcrito', 'Autorizada para difusión', 'Pendiente de validación lingüística');
INSERT INTO senses VALUES ('RD-001104-S01', 'RD-001104', 1, 'Desapareciéndose');
INSERT INTO lexical_entries VALUES ('RD-001105', 'Iquíi', 'Iquíi', 'iquii', NULL, 'Vi', 'Vi', 'Saber (lo que pasó)', '', 'SRC-02', '51', '51', 'Transcrito', 'Autorizada para difusión', 'Pendiente de validación lingüística');
INSERT INTO senses VALUES ('RD-001105-S01', 'RD-001105', 1, 'Saber (lo que pasó)');
INSERT INTO lexical_entries VALUES ('RD-001106', 'Irá', 'Irá', 'ira', NULL, 'S', 'S', 'Nopal', '', 'SRC-02', '51', '51', 'Transcrito', 'Autorizada para difusión', 'Pendiente de validación lingüística');
INSERT INTO senses VALUES ('RD-001106-S01', 'RD-001106', 1, 'Nopal');
INSERT INTO lexical_entries VALUES ('RD-001107', 'Irapa', 'Irapa', 'irapa', NULL, 'Vt', 'Vt', 'Abrir (puerta, caja)', '', 'SRC-02', '51', '51', 'Transcrito', 'Autorizada para difusión', 'Pendiente de validación lingüística');
INSERT INTO senses VALUES ('RD-001107-S01', 'RD-001107', 1, 'Abrir (puerta, caja)');
INSERT INTO lexical_entries VALUES ('RD-001108', 'Irápara', 'Irápara', 'irapara', NULL, 'S', 'S', 'Llave', '', 'SRC-02', '51', '51', 'Transcrito', 'Autorizada para difusión', 'Pendiente de validación lingüística');
INSERT INTO senses VALUES ('RD-001108-S01', 'RD-001108', 1, 'Llave');
INSERT INTO lexical_entries VALUES ('RD-001109', 'Irápata', 'Irápata', 'irapata', NULL, 'Vi', 'Vi', 'Abrirse', '', 'SRC-02', '51', '51', 'Transcrito', 'Autorizada para difusión', 'Pendiente de validación lingüística');
INSERT INTO senses VALUES ('RD-001109-S01', 'RD-001109', 1, 'Abrirse');
INSERT INTO lexical_entries VALUES ('RD-001110', 'Irápatami', 'Irápatami', 'irapatami', NULL, 'Pp', 'Pp', 'Abierto', '', 'SRC-02', '51', '51', 'Transcrito', 'Autorizada para difusión', 'Pendiente de validación lingüística');
INSERT INTO senses VALUES ('RD-001110-S01', 'RD-001110', 1, 'Abierto');
INSERT INTO lexical_entries VALUES ('RD-001111', 'Iré', 'Iré', 'ire', NULL, 'Vi', 'Vi', 'Estar bueno, servir', '', 'SRC-02', '51', '51', 'Transcrito', 'Autorizada para difusión', 'Pendiente de validación lingüística');
INSERT INTO senses VALUES ('RD-001111-S01', 'RD-001111', 1, 'Estar bueno, servir');
INSERT INTO lexical_entries VALUES ('RD-001112', 'Ireta', 'Ireta', 'ireta', NULL, 'Vi', 'Vi', 'Explicar bien', '', 'SRC-02', '52', '52', 'Transcrito', 'Autorizada para difusión', 'Pendiente de validación lingüística');
INSERT INTO senses VALUES ('RD-001112-S01', 'RD-001112', 1, 'Explicar bien');
INSERT INTO lexical_entries VALUES ('RD-001113', 'Irí', 'Irí', 'iri', NULL, 'S', 'S', 'Cerco (de palos)', '', 'SRC-02', '52', '52', 'Transcrito', 'Autorizada para difusión', 'Pendiente de validación lingüística');
INSERT INTO senses VALUES ('RD-001113-S01', 'RD-001113', 1, 'Cerco (de palos)');
INSERT INTO lexical_entries VALUES ('RD-001114', 'Irura', 'Irura', 'irura', NULL, 'Adv', 'Adv', 'Ciertamente', '', 'SRC-02', '52', '52', 'Transcrito', 'Autorizada para difusión', 'Pendiente de validación lingüística');
INSERT INTO senses VALUES ('RD-001114-S01', 'RD-001114', 1, 'Ciertamente');
INSERT INTO lexical_entries VALUES ('RD-001115', 'Isaba', 'Isaba', 'isaba', NULL, 'Vi', 'Vi', 'Descansar', '', 'SRC-02', '52', '52', 'Transcrito', 'Autorizada para difusión', 'Pendiente de validación lingüística');
INSERT INTO senses VALUES ('RD-001115-S01', 'RD-001115', 1, 'Descansar');
INSERT INTO lexical_entries VALUES ('RD-001116', 'Isábata', 'Isábata', 'isabata', NULL, 'Vt', 'Vt', 'Hacer, descansar', '', 'SRC-02', '52', '52', 'Transcrito', 'Autorizada para difusión', 'Pendiente de validación lingüística');
INSERT INTO senses VALUES ('RD-001116-S01', 'RD-001116', 1, 'Hacer, descansar');
INSERT INTO lexical_entries VALUES ('RD-001117', 'Isena', 'Isena', 'isena', NULL, 'Adj pl', 'Adj', 'Distintos, diferentes, extraños', '', 'SRC-02', '52', '52', 'Transcrito', 'Autorizada para difusión', 'Pendiente de validación lingüística');
INSERT INTO senses VALUES ('RD-001117-S01', 'RD-001117', 1, 'Distintos, diferentes, extraños');
INSERT INTO lexical_entries VALUES ('RD-001118', 'Isí', 'Isí', 'isi', NULL, 'Vi', 'Vi', 'Orinar', '', 'SRC-02', '52', '52', 'Transcrito', 'Autorizada para difusión', 'Pendiente de validación lingüística');
INSERT INTO senses VALUES ('RD-001118-S01', 'RD-001118', 1, 'Orinar');
INSERT INTO lexical_entries VALUES ('RD-001119', 'Isini rahué', 'Isini rahué', 'isini rahue', NULL, '', 'Sin clasificar', 'Algunos días', '', 'SRC-02', '52', '52', 'Transcrito', 'Autorizada para difusión', 'Pendiente de validación lingüística');
INSERT INTO senses VALUES ('RD-001119-S01', 'RD-001119', 1, 'Algunos días');
INSERT INTO lexical_entries VALUES ('RD-001120', 'Isota', 'Isota', 'isota', NULL, 'Vt', 'Vt', 'Mojar con orina', '', 'SRC-02', '52', '52', 'Transcrito', 'Autorizada para difusión', 'Pendiente de validación lingüística');
INSERT INTO senses VALUES ('RD-001120-S01', 'RD-001120', 1, 'Mojar con orina');
INSERT INTO lexical_entries VALUES ('RD-001121', 'Itiyeri', 'Itiyeri', 'itiyeri', NULL, 'Vi pret pl', 'Vi', 'Jugar', '', 'SRC-02', '52', '52', 'Transcrito', 'Autorizada para difusión', 'Pendiente de validación lingüística');
INSERT INTO senses VALUES ('RD-001121-S01', 'RD-001121', 1, 'Jugar');
INSERT INTO lexical_entries VALUES ('RD-001122', 'Iyé', 'Iyé', 'iye', NULL, 'S', 'S', 'Madre, mamá', '', 'SRC-02', '52', '52', 'Transcrito', 'Autorizada para difusión', 'Pendiente de validación lingüística');
INSERT INTO senses VALUES ('RD-001122-S01', 'RD-001122', 1, 'Madre, mamá');
INSERT INTO lexical_entries VALUES ('RD-001123', 'Iyéami', 'Iyéami', 'iyeami', NULL, 'Adv', 'Adv', 'Que tiene mamá', '', 'SRC-02', '52', '52', 'Transcrito', 'Autorizada para difusión', 'Pendiente de validación lingüística');
INSERT INTO senses VALUES ('RD-001123-S01', 'RD-001123', 1, 'Que tiene mamá');
INSERT INTO lexical_entries VALUES ('RD-001124', 'Iyéata', 'Iyéata', 'iyeata', NULL, 'Vi', 'Vi', 'Estar abierto', '', 'SRC-02', '52', '52', 'Transcrito', 'Autorizada para difusión', 'Pendiente de validación lingüística');
INSERT INTO senses VALUES ('RD-001124-S01', 'RD-001124', 1, 'Estar abierto');
INSERT INTO lexical_entries VALUES ('RD-001125', 'Iyena, yena', 'Iyena, yena', 'iyena, yena', NULL, 'Vi sing', 'Vi', 'Andar', '', 'SRC-02', '52', '52', 'Transcrito', 'Autorizada para difusión', 'Pendiente de validación lingüística');
INSERT INTO senses VALUES ('RD-001125-S01', 'RD-001125', 1, 'Andar');
INSERT INTO variants VALUES ('RD-001125-V01', 'RD-001125', 1, 'yena');
INSERT INTO lexical_entries VALUES ('RD-001126', 'Iyénasí', 'Iyénasí', 'iyenasi', NULL, '', 'Sin clasificar', 'Hasta que', '', 'SRC-02', '52', '52', 'Transcrito', 'Autorizada para difusión', 'Pendiente de validación lingüística');
INSERT INTO senses VALUES ('RD-001126-S01', 'RD-001126', 1, 'Hasta que');
INSERT INTO lexical_entries VALUES ('RD-001127', 'Jaba', 'Jaba', 'jaba', NULL, 'Vi pl', 'Vi', 'Pararse (varios)', '', 'SRC-02', '52', '52', 'Transcrito', 'Autorizada para difusión', 'Pendiente de validación lingüística');
INSERT INTO senses VALUES ('RD-001127-S01', 'RD-001127', 1, 'Pararse (varios)');
INSERT INTO lexical_entries VALUES ('RD-001128', 'Jabu', 'Jabu', 'jabu', NULL, 'S esp', 'S', 'Caballo', '', 'SRC-02', '52', '52', 'Transcrito', 'Autorizada para difusión', 'Pendiente de validación lingüística');
INSERT INTO senses VALUES ('RD-001128-S01', 'RD-001128', 1, 'Caballo');
INSERT INTO lexical_entries VALUES ('RD-001129', 'Jácami', 'Jácami', 'jacami', NULL, 'Adj', 'Adj', 'Vivo', '', 'SRC-02', '52', '52', 'Transcrito', 'Autorizada para difusión', 'Pendiente de validación lingüística');
INSERT INTO senses VALUES ('RD-001129-S01', 'RD-001129', 1, 'Vivo');
INSERT INTO lexical_entries VALUES ('RD-001130', 'Jahua', 'Jahua', 'jahua', NULL, 'Vt pl', 'Vt', '1. Parar 2. Nombrar como autoridades', '', 'SRC-02', '52', '52', 'Transcrito', 'Autorizada para difusión', 'Pendiente de validación lingüística');
INSERT INTO senses VALUES ('RD-001130-S01', 'RD-001130', 1, 'Parar');
INSERT INTO senses VALUES ('RD-001130-S02', 'RD-001130', 2, 'Nombrar como autoridades');
INSERT INTO lexical_entries VALUES ('RD-001131', 'Jahuaba', 'Jahuaba', 'jahuaba', NULL, 'Vi pl', 'Vi', 'Estar parados', '', 'SRC-02', '52', '52', 'Transcrito', 'Autorizada para difusión', 'Pendiente de validación lingüística');
INSERT INTO senses VALUES ('RD-001131-S01', 'RD-001131', 1, 'Estar parados');
INSERT INTO lexical_entries VALUES ('RD-001132', 'Jahui', 'Jahui', 'jahui', NULL, 'Vi pl', 'Vi', 'Estar parados', '', 'SRC-02', '52', '52', 'Transcrito', 'Autorizada para difusión', 'Pendiente de validación lingüística');
INSERT INTO senses VALUES ('RD-001132-S01', 'RD-001132', 1, 'Estar parados');
INSERT INTO lexical_entries VALUES ('RD-001133', 'Jami', 'Jami', 'jami', NULL, 'Adv', 'Adv', 'Por aquí, por este lado', '', 'SRC-02', '52', '52', 'Transcrito', 'Autorizada para difusión', 'Pendiente de validación lingüística');
INSERT INTO senses VALUES ('RD-001133-S01', 'RD-001133', 1, 'Por aquí, por este lado');
INSERT INTO lexical_entries VALUES ('RD-001134', 'Janiri', 'Janiri', 'janiri', NULL, 'Vi', 'Vi', 'Estar contento', '', 'SRC-02', '52', '52', 'Transcrito', 'Autorizada para difusión', 'Pendiente de validación lingüística');
INSERT INTO senses VALUES ('RD-001134-S01', 'RD-001134', 1, 'Estar contento');
INSERT INTO lexical_entries VALUES ('RD-001135', 'Japa', 'Japa', 'japa', NULL, 'Imper', 'Imper', '¡Oiga!', '', 'SRC-02', '52', '52', 'Transcrito', 'Autorizada para difusión', 'Pendiente de validación lingüística');
INSERT INTO senses VALUES ('RD-001135-S01', 'RD-001135', 1, '¡Oiga!');
INSERT INTO lexical_entries VALUES ('RD-001136', 'Jaré', 'Jaré', 'jare', NULL, 'Pron', 'Pron', 'Algunos, unos', '', 'SRC-02', '52', '52', 'Transcrito', 'Autorizada para difusión', 'Pendiente de validación lingüística');
INSERT INTO senses VALUES ('RD-001136-S01', 'RD-001136', 1, 'Algunos, unos');
INSERT INTO lexical_entries VALUES ('RD-001137', 'Jasa', 'Jasa', 'jasa', NULL, 'Vi pl', 'Vi', '1. Levantarse (de estar sentados) 2. Pararse (cesar)', '', 'SRC-02', '52', '52', 'Transcrito', 'Autorizada para difusión', 'Pendiente de validación lingüística');
INSERT INTO senses VALUES ('RD-001137-S01', 'RD-001137', 1, 'Levantarse (de estar sentados)');
INSERT INTO senses VALUES ('RD-001137-S02', 'RD-001137', 2, 'Pararse (cesar)');
INSERT INTO lexical_entries VALUES ('RD-001138', 'Je’ná', 'Je’ná', 'je''na', NULL, 'Pron dem', 'Pron', 'Este, esta, esto', '', 'SRC-02', '52', '52', 'Transcrito', 'Autorizada para difusión', 'Pendiente de validación lingüística');
INSERT INTO senses VALUES ('RD-001138-S01', 'RD-001138', 1, 'Este, esta, esto');
INSERT INTO lexical_entries VALUES ('RD-001139', 'Jena’í', 'Jena’í', 'jena''i', NULL, 'Adv', 'Adv', 'Aquí', '', 'SRC-02', '52', '52', 'Transcrito', 'Autorizada para difusión', 'Pendiente de validación lingüística');
INSERT INTO senses VALUES ('RD-001139-S01', 'RD-001139', 1, 'Aquí');
INSERT INTO lexical_entries VALUES ('RD-001140', 'Jecouá', 'Jecouá', 'jecoua', NULL, '', 'Sin clasificar', 'Acá (en cierta parte)', '', 'SRC-02', '52', '52', 'Transcrito', 'Autorizada para difusión', 'Pendiente de validación lingüística');
INSERT INTO senses VALUES ('RD-001140-S01', 'RD-001140', 1, 'Acá (en cierta parte)');
INSERT INTO lexical_entries VALUES ('RD-001141', 'Jeré', 'Jeré', 'jere', NULL, '', 'Sin clasificar', 'Así es', '', 'SRC-02', '52', '52', 'Transcrito', 'Autorizada para difusión', 'Pendiente de validación lingüística');
INSERT INTO senses VALUES ('RD-001141-S01', 'RD-001141', 1, 'Así es');
INSERT INTO lexical_entries VALUES ('RD-001142', 'Jerigá', 'Jerigá', 'jeriga', NULL, 'Adv', 'Adv', 'Así (de esta manera)', '', 'SRC-02', '52', '52', 'Transcrito', 'Autorizada para difusión', 'Pendiente de validación lingüística');
INSERT INTO senses VALUES ('RD-001142-S01', 'RD-001142', 1, 'Así (de esta manera)');
INSERT INTO lexical_entries VALUES ('RD-001143', 'Jeyiri', 'Jeyiri', 'jeyiri', NULL, 'Adv', 'Adv', 'Esta clase', '', 'SRC-02', '52', '52', 'Transcrito', 'Autorizada para difusión', 'Pendiente de validación lingüística');
INSERT INTO senses VALUES ('RD-001143-S01', 'RD-001143', 1, 'Esta clase');
INSERT INTO lexical_entries VALUES ('RD-001144', 'Ji', 'Ji', 'ji', NULL, 'Imper', 'Imper', '¡Tómalo con la mano!', '', 'SRC-02', '52', '52', 'Transcrito', 'Autorizada para difusión', 'Pendiente de validación lingüística');
INSERT INTO senses VALUES ('RD-001144-S01', 'RD-001144', 1, '¡Tómalo con la mano!');
INSERT INTO lexical_entries VALUES ('RD-001145', 'Jícuri', 'Jícuri', 'jicuri', NULL, 'S', 'S', 'Peyote', '', 'SRC-02', '52', '52', 'Transcrito', 'Autorizada para difusión', 'Pendiente de validación lingüística');
INSERT INTO senses VALUES ('RD-001145-S01', 'RD-001145', 1, 'Peyote');
INSERT INTO lexical_entries VALUES ('RD-001146', 'Jiero', 'Jiero', 'jiero', NULL, 'S esp', 'S', 'Fierro', '', 'SRC-02', '52', '52', 'Transcrito', 'Autorizada para difusión', 'Pendiente de validación lingüística');
INSERT INTO senses VALUES ('RD-001146-S01', 'RD-001146', 1, 'Fierro');
INSERT INTO lexical_entries VALUES ('RD-001147', 'Jihuéami', 'Jihuéami', 'jihueami', NULL, 'Adj', 'Adj', 'Fuerte', '', 'SRC-02', '52', '52', 'Transcrito', 'Autorizada para difusión', 'Pendiente de validación lingüística');
INSERT INTO senses VALUES ('RD-001147-S01', 'RD-001147', 1, 'Fuerte');
INSERT INTO lexical_entries VALUES ('RD-001148', 'Jihuera', 'Jihuera', 'jihuera', NULL, '', 'Sin clasificar', 'Tener fuerza', '', 'SRC-02', '52', '52', 'Transcrito', 'Autorizada para difusión', 'Pendiente de validación lingüística');
INSERT INTO senses VALUES ('RD-001148-S01', 'RD-001148', 1, 'Tener fuerza');
INSERT INTO lexical_entries VALUES ('RD-001149', 'Jihuérahua', 'Jihuérahua', 'jihuerahua', NULL, 'S', 'S', 'Poder', '', 'SRC-02', '52', '52', 'Transcrito', 'Autorizada para difusión', 'Pendiente de validación lingüística');
INSERT INTO senses VALUES ('RD-001149-S01', 'RD-001149', 1, 'Poder');
INSERT INTO lexical_entries VALUES ('RD-001150', 'Jihuérami', 'Jihuérami', 'jihuerami', NULL, 'Adj', 'Adj', 'Vigoroso, firme', '', 'SRC-02', '52', '52', 'Transcrito', 'Autorizada para difusión', 'Pendiente de validación lingüística');
INSERT INTO senses VALUES ('RD-001150-S01', 'RD-001150', 1, 'Vigoroso, firme');
INSERT INTO lexical_entries VALUES ('RD-001151', 'Jihuérata', 'Jihuérata', 'jihuerata', NULL, 'Vt', 'Vt', 'Hacer fuerte, fortalecer', '', 'SRC-02', '52', '52', 'Transcrito', 'Autorizada para difusión', 'Pendiente de validación lingüística');
INSERT INTO senses VALUES ('RD-001151-S01', 'RD-001151', 1, 'Hacer fuerte, fortalecer');
INSERT INTO lexical_entries VALUES ('RD-001152', 'Jima', 'Jima', 'jima', NULL, 'Vi pl', 'Vi', 'Subir', '', 'SRC-02', '52', '52', 'Transcrito', 'Autorizada para difusión', 'Pendiente de validación lingüística');
INSERT INTO senses VALUES ('RD-001152-S01', 'RD-001152', 1, 'Subir');
INSERT INTO lexical_entries VALUES ('RD-001153', 'Jínohua', 'Jínohua', 'jinohua', NULL, 'Vi', 'Vi', 'Tener hijos', '', 'SRC-02', '52', '52', 'Transcrito', 'Autorizada para difusión', 'Pendiente de validación lingüística');
INSERT INTO senses VALUES ('RD-001153-S01', 'RD-001153', 1, 'Tener hijos');
INSERT INTO lexical_entries VALUES ('RD-001154', 'Jipi', 'Jipi', 'jipi', NULL, 'Adv', 'Adv', 'Ahora', '', 'SRC-02', '52', '52', 'Transcrito', 'Autorizada para difusión', 'Pendiente de validación lingüística');
INSERT INTO senses VALUES ('RD-001154-S01', 'RD-001154', 1, 'Ahora');
INSERT INTO lexical_entries VALUES ('RD-001155', 'Jiti', 'Jiti', 'jiti', NULL, 'Prep', 'Prep', '1. Con 2. Por', '', 'SRC-02', '53', '53', 'Transcrito', 'Autorizada para difusión', 'Pendiente de validación lingüística');
INSERT INTO senses VALUES ('RD-001155-S01', 'RD-001155', 1, 'Con');
INSERT INTO senses VALUES ('RD-001155-S02', 'RD-001155', 2, 'Por');
INSERT INTO lexical_entries VALUES ('RD-001156', 'Jiyá', 'Jiyá', 'jiya', NULL, 'Vi', 'Vi', 'Apresurarse', '', 'SRC-02', '53', '53', 'Transcrito', 'Autorizada para difusión', 'Pendiente de validación lingüística');
INSERT INTO senses VALUES ('RD-001156-S01', 'RD-001156', 1, 'Apresurarse');
INSERT INTO lexical_entries VALUES ('RD-001157', 'Jiyata', 'Jiyata', 'jiyata', NULL, 'Vt', 'Vt', 'Apresurar', '', 'SRC-02', '53', '53', 'Transcrito', 'Autorizada para difusión', 'Pendiente de validación lingüística');
INSERT INTO senses VALUES ('RD-001157-S01', 'RD-001157', 1, 'Apresurar');
INSERT INTO lexical_entries VALUES ('RD-001158', 'Jiyahui', 'Jiyahui', 'jiyahui', NULL, 'Vi', 'Vi', 'Tener prisa por irse', '', 'SRC-02', '53', '53', 'Transcrito', 'Autorizada para difusión', 'Pendiente de validación lingüística');
INSERT INTO senses VALUES ('RD-001158-S01', 'RD-001158', 1, 'Tener prisa por irse');
INSERT INTO lexical_entries VALUES ('RD-001159', 'Jiyé', 'Jiyé', 'jiye', NULL, 'Vt', 'Vt', 'Seguir las huellas', '', 'SRC-02', '53', '53', 'Transcrito', 'Autorizada para difusión', 'Pendiente de validación lingüística');
INSERT INTO senses VALUES ('RD-001159-S01', 'RD-001159', 1, 'Seguir las huellas');
INSERT INTO lexical_entries VALUES ('RD-001160', 'Jiyero', 'Jiyero', 'jiyero', NULL, 'S', 'S', 'Hierro', '', 'SRC-02', '53', '53', 'Transcrito', 'Autorizada para difusión', 'Pendiente de validación lingüística');
INSERT INTO senses VALUES ('RD-001160-S01', 'RD-001160', 1, 'Hierro');
INSERT INTO lexical_entries VALUES ('RD-001161', 'Jiyeta', 'Jiyeta', 'jiyeta', NULL, 'Vt', 'Vt', 'Seguir huelleando', '', 'SRC-02', '53', '53', 'Transcrito', 'Autorizada para difusión', 'Pendiente de validación lingüística');
INSERT INTO senses VALUES ('RD-001161-S01', 'RD-001161', 1, 'Seguir huelleando');
INSERT INTO lexical_entries VALUES ('RD-001162', 'Jo', '1Jo', 'jo', '1', 'Vi pl', 'Vi', 'Andar muchos', '', 'SRC-02', '53', '53', 'Transcrito', 'Autorizada para difusión', 'Pendiente de validación lingüística');
INSERT INTO senses VALUES ('RD-001162-S01', 'RD-001162', 1, 'Andar muchos');
INSERT INTO lexical_entries VALUES ('RD-001163', 'Jo', '2Jo', 'jo', '2', 'Vt', 'Vt', 'Hacer hoyo', '', 'SRC-02', '53', '53', 'Transcrito', 'Autorizada para difusión', 'Pendiente de validación lingüística');
INSERT INTO senses VALUES ('RD-001163-S01', 'RD-001163', 1, 'Hacer hoyo');
INSERT INTO lexical_entries VALUES ('RD-001164', 'Jobátami', 'Jobátami', 'jobatami', NULL, 'Adj pl', 'Adj', 'Feroces, bravos', '', 'SRC-02', '53', '53', 'Transcrito', 'Autorizada para difusión', 'Pendiente de validación lingüística');
INSERT INTO senses VALUES ('RD-001164-S01', 'RD-001164', 1, 'Feroces, bravos');
INSERT INTO lexical_entries VALUES ('RD-001165', 'Jócari', 'Jócari', 'jocari', NULL, 'S', 'S', 'Camaleón, lagarto cornudo', '', 'SRC-02', '53', '53', 'Transcrito', 'Autorizada para difusión', 'Pendiente de validación lingüística');
INSERT INTO senses VALUES ('RD-001165-S01', 'RD-001165', 1, 'Camaleón, lagarto cornudo');
INSERT INTO lexical_entries VALUES ('RD-001166', 'Jochi', 'Jochi', 'jochi', NULL, 'S', 'S', 'Hoyo', '', 'SRC-02', '53', '53', 'Transcrito', 'Autorizada para difusión', 'Pendiente de validación lingüística');
INSERT INTO senses VALUES ('RD-001166-S01', 'RD-001166', 1, 'Hoyo');
INSERT INTO lexical_entries VALUES ('RD-001167', 'Jóhua', 'Jóhua', 'johua', NULL, 'Vt', 'Vt', 'Apuntar, señalar', '', 'SRC-02', '53', '53', 'Transcrito', 'Autorizada para difusión', 'Pendiente de validación lingüística');
INSERT INTO senses VALUES ('RD-001167-S01', 'RD-001167', 1, 'Apuntar, señalar');
INSERT INTO lexical_entries VALUES ('RD-001168', 'Jonsa', 'Jonsa', 'jonsa', NULL, 'Prep', 'Prep', 'Desde, de', '', 'SRC-02', '53', '53', 'Transcrito', 'Autorizada para difusión', 'Pendiente de validación lingüística');
INSERT INTO senses VALUES ('RD-001168-S01', 'RD-001168', 1, 'Desde, de');
INSERT INTO lexical_entries VALUES ('RD-001169', 'Jora', 'Jora', 'jora', NULL, 'Vt', 'Vt', 'Escarbar (un hoyo)', '', 'SRC-02', '53', '53', 'Transcrito', 'Autorizada para difusión', 'Pendiente de validación lingüística');
INSERT INTO senses VALUES ('RD-001169-S01', 'RD-001169', 1, 'Escarbar (un hoyo)');
INSERT INTO lexical_entries VALUES ('RD-001170', 'Ju, juco, jupá', 'Ju, juco, jupá', 'ju, juco, jupa', NULL, 'Vi', 'Vi', 'Ser, estar', '', 'SRC-02', '53', '53', 'Transcrito', 'Autorizada para difusión', 'Pendiente de validación lingüística');
INSERT INTO senses VALUES ('RD-001170-S01', 'RD-001170', 1, 'Ser, estar');
INSERT INTO variants VALUES ('RD-001170-V01', 'RD-001170', 1, 'juco');
INSERT INTO variants VALUES ('RD-001170-V02', 'RD-001170', 2, 'jupá');
INSERT INTO lexical_entries VALUES ('RD-001171', 'Jubá', '1Jubá', 'juba', '1', 'Adv', 'Adv', 'Atrás', '', 'SRC-02', '53', '53', 'Transcrito', 'Autorizada para difusión', 'Pendiente de validación lingüística');
INSERT INTO senses VALUES ('RD-001171-S01', 'RD-001171', 1, 'Atrás');
INSERT INTO lexical_entries VALUES ('RD-001172', 'Jubá', '2Jubá', 'juba', '2', 'Vi', 'Vi', 'Oler', '', 'SRC-02', '53', '53', 'Transcrito', 'Autorizada para difusión', 'Pendiente de validación lingüística');
INSERT INTO senses VALUES ('RD-001172-S01', 'RD-001172', 1, 'Oler');
INSERT INTO lexical_entries VALUES ('RD-001173', 'Jubá', '3Jubá', 'juba', '3', 'Vt', 'Vt', 'Jugar (tirando los palos)', '', 'SRC-02', '53', '53', 'Transcrito', 'Autorizada para difusión', 'Pendiente de validación lingüística');
INSERT INTO senses VALUES ('RD-001173-S01', 'RD-001173', 1, 'Jugar (tirando los palos)');
INSERT INTO lexical_entries VALUES ('RD-001174', 'Jubáami', 'Jubáami', 'jubaami', NULL, 'Adv', 'Adv', 'Al fin, finalmente, último', '', 'SRC-02', '53', '53', 'Transcrito', 'Autorizada para difusión', 'Pendiente de validación lingüística');
INSERT INTO senses VALUES ('RD-001174-S01', 'RD-001174', 1, 'Al fin, finalmente, último');
INSERT INTO lexical_entries VALUES ('RD-001175', 'Jubahua', 'Jubahua', 'jubahua', NULL, 'Vi', 'Vi', 'Atrasarse', '', 'SRC-02', '53', '53', 'Transcrito', 'Autorizada para difusión', 'Pendiente de validación lingüística');
INSERT INTO senses VALUES ('RD-001175-S01', 'RD-001175', 1, 'Atrasarse');
INSERT INTO lexical_entries VALUES ('RD-001176', 'Jubánara', 'Jubánara', 'jubanara', NULL, 'Adj', 'Adj', 'Anterior', '', 'SRC-02', '53', '53', 'Transcrito', 'Autorizada para difusión', 'Pendiente de validación lingüística');
INSERT INTO senses VALUES ('RD-001176-S01', 'RD-001176', 1, 'Anterior');
INSERT INTO lexical_entries VALUES ('RD-001177', 'Jubé', '1Jubé', 'jube', '1', 'Vt', 'Vt', '1. Entarimar 2. Hacer', '', 'SRC-02', '53', '53', 'Transcrito', 'Autorizada para difusión', 'Pendiente de validación lingüística');
INSERT INTO senses VALUES ('RD-001177-S01', 'RD-001177', 1, 'Entarimar');
INSERT INTO senses VALUES ('RD-001177-S02', 'RD-001177', 2, 'Hacer');
INSERT INTO lexical_entries VALUES ('RD-001178', 'Jubé', '2Jubé', 'jube', '2', 'Vi pl', 'Vi', 'Tener esposas (varios hombres)', '', 'SRC-02', '53', '53', 'Transcrito', 'Autorizada para difusión', 'Pendiente de validación lingüística');
INSERT INTO senses VALUES ('RD-001178-S01', 'RD-001178', 1, 'Tener esposas (varios hombres)');
INSERT INTO lexical_entries VALUES ('RD-001179', 'Juberi', 'Juberi', 'juberi', NULL, 'S', 'S', '1. Mesa 2. Banca 3. Cama de tablas', '', 'SRC-02', '53', '53', 'Transcrito', 'Autorizada para difusión', 'Pendiente de validación lingüística');
INSERT INTO senses VALUES ('RD-001179-S01', 'RD-001179', 1, 'Mesa');
INSERT INTO senses VALUES ('RD-001179-S02', 'RD-001179', 2, 'Banca');
INSERT INTO senses VALUES ('RD-001179-S03', 'RD-001179', 3, 'Cama de tablas');
INSERT INTO lexical_entries VALUES ('RD-001180', 'Jubétami', 'Jubétami', 'jubetami', NULL, 'S', 'S', 'Piso de tablas', '', 'SRC-02', '53', '53', 'Transcrito', 'Autorizada para difusión', 'Pendiente de validación lingüística');
INSERT INTO senses VALUES ('RD-001180-S01', 'RD-001180', 1, 'Piso de tablas');
INSERT INTO lexical_entries VALUES ('RD-001181', 'Jubí', 'Jubí', 'jubi', NULL, 'S pl', 'S', 'Esposas', '', 'SRC-02', '53', '53', 'Transcrito', 'Autorizada para difusión', 'Pendiente de validación lingüística');
INSERT INTO senses VALUES ('RD-001181-S01', 'RD-001181', 1, 'Esposas');
INSERT INTO lexical_entries VALUES ('RD-001182', 'Juca', 'Juca', 'juca', NULL, 'Vi', 'Vi', 'Oler', '', 'SRC-02', '53', '53', 'Transcrito', 'Autorizada para difusión', 'Pendiente de validación lingüística');
INSERT INTO senses VALUES ('RD-001182-S01', 'RD-001182', 1, 'Oler');
INSERT INTO lexical_entries VALUES ('RD-001183', 'Juma', 'Juma', 'juma', NULL, 'Vi pl', 'Vi', 'Correr', '', 'SRC-02', '53', '53', 'Transcrito', 'Autorizada para difusión', 'Pendiente de validación lingüística');
INSERT INTO senses VALUES ('RD-001183-S01', 'RD-001183', 1, 'Correr');
INSERT INTO lexical_entries VALUES ('RD-001184', 'Jumsa', 'Jumsa', 'jumsa', NULL, 'Vi pl', 'Vi', 'Huir', '', 'SRC-02', '53', '53', 'Transcrito', 'Autorizada para difusión', 'Pendiente de validación lingüística');
INSERT INTO senses VALUES ('RD-001184-S01', 'RD-001184', 1, 'Huir');
INSERT INTO lexical_entries VALUES ('RD-001185', 'Jumta', 'Jumta', 'jumta', NULL, 'Vt', 'Vt', 'Echar a correr', '', 'SRC-02', '53', '53', 'Transcrito', 'Autorizada para difusión', 'Pendiente de validación lingüística');
INSERT INTO senses VALUES ('RD-001185-S01', 'RD-001185', 1, 'Echar a correr');
INSERT INTO lexical_entries VALUES ('RD-001186', 'Jurá', 'Jurá', 'jura', NULL, 'Vt', 'Vt', 'Enviar, mandar', '', 'SRC-02', '53', '53', 'Transcrito', 'Autorizada para difusión', 'Pendiente de validación lingüística');
INSERT INTO senses VALUES ('RD-001186-S01', 'RD-001186', 1, 'Enviar, mandar');
INSERT INTO lexical_entries VALUES ('RD-001187', 'Jurárami', 'Jurárami', 'jurarami', NULL, 'Pp', 'Pp', 'Mandado', '', 'SRC-02', '53', '53', 'Transcrito', 'Autorizada para difusión', 'Pendiente de validación lingüística');
INSERT INTO senses VALUES ('RD-001187-S01', 'RD-001187', 1, 'Mandado');
INSERT INTO lexical_entries VALUES ('RD-001188', 'Juri', 'Juri', 'juri', NULL, 'Adv', 'Adv', 'Sí, seguro', '', 'SRC-02', '53', '53', 'Transcrito', 'Autorizada para difusión', 'Pendiente de validación lingüística');
INSERT INTO senses VALUES ('RD-001188-S01', 'RD-001188', 1, 'Sí, seguro');
INSERT INTO lexical_entries VALUES ('RD-001189', 'La', '1La', 'la', '1', 'S', 'S', 'Sangre', '', 'SRC-02', '53', '53', 'Transcrito', 'Autorizada para difusión', 'Pendiente de validación lingüística');
INSERT INTO senses VALUES ('RD-001189-S01', 'RD-001189', 1, 'Sangre');
INSERT INTO lexical_entries VALUES ('RD-001190', 'La', '2La', 'la', '2', 'Vt', 'Vt', 'Hacer enramada', '', 'SRC-02', '53', '53', 'Transcrito', 'Autorizada para difusión', 'Pendiente de validación lingüística');
INSERT INTO senses VALUES ('RD-001190-S01', 'RD-001190', 1, 'Hacer enramada');
INSERT INTO lexical_entries VALUES ('RD-001191', 'Labá', 'Labá', 'laba', NULL, 'S', 'S', 'Hueja redonda (reg.), jícara', '', 'SRC-02', '53', '53', 'Transcrito', 'Autorizada para difusión', 'Pendiente de validación lingüística');
INSERT INTO senses VALUES ('RD-001191-S01', 'RD-001191', 1, 'Hueja redonda (reg.), jícara');
INSERT INTO lexical_entries VALUES ('RD-001192', 'Lábara', 'Lábara', 'labara', NULL, 'S', 'S', 'Vena', '', 'SRC-02', '53', '53', 'Transcrito', 'Autorizada para difusión', 'Pendiente de validación lingüística');
INSERT INTO senses VALUES ('RD-001192-S01', 'RD-001192', 1, 'Vena');
INSERT INTO lexical_entries VALUES ('RD-001193', 'Lábari', 'Lábari', 'labari', NULL, '', 'Sin clasificar', 'Nervio', '', 'SRC-02', '53', '53', 'Transcrito', 'Autorizada para difusión', 'Pendiente de validación lingüística');
INSERT INTO senses VALUES ('RD-001193-S01', 'RD-001193', 1, 'Nervio');
INSERT INTO lexical_entries VALUES ('RD-001194', 'Labata', 'Labata', 'labata', NULL, 'Vi', 'Vi', 'Hacer huejas', '', 'SRC-02', '53', '53', 'Transcrito', 'Autorizada para difusión', 'Pendiente de validación lingüística');
INSERT INTO senses VALUES ('RD-001194-S01', 'RD-001194', 1, 'Hacer huejas');
INSERT INTO lexical_entries VALUES ('RD-001195', 'Láchamuri', 'Láchamuri', 'lachamuri', NULL, 'S', 'S', 'Ardilla amarillenta (se sube a los árboles)', '', 'SRC-02', '53', '53', 'Transcrito', 'Autorizada para difusión', 'Pendiente de validación lingüística');
INSERT INTO senses VALUES ('RD-001195-S01', 'RD-001195', 1, 'Ardilla amarillenta (se sube a los árboles)');
INSERT INTO lexical_entries VALUES ('RD-001196', 'Lamari', 'Lamari', 'lamari', NULL, 'S', 'S', 'Sangre cocida, tripas cocidas', '', 'SRC-02', '53', '53', 'Transcrito', 'Autorizada para difusión', 'Pendiente de validación lingüística');
INSERT INTO senses VALUES ('RD-001196-S01', 'RD-001196', 1, 'Sangre cocida, tripas cocidas');
INSERT INTO lexical_entries VALUES ('RD-001197', 'Lamú', 'Lamú', 'lamu', NULL, 'Vi', 'Vi', 'Sentirse adolorido por un golpe', '', 'SRC-02', '53', '53', 'Transcrito', 'Autorizada para difusión', 'Pendiente de validación lingüística');
INSERT INTO senses VALUES ('RD-001197-S01', 'RD-001197', 1, 'Sentirse adolorido por un golpe');
INSERT INTO lexical_entries VALUES ('RD-001198', 'Lánahua', 'Lánahua', 'lanahua', NULL, 'Vt', 'Vt', 'Teñir de anarajnado', '', 'SRC-02', '54', '54', 'Transcrito', 'Autorizada para difusión', 'Pendiente de validación lingüística');
INSERT INTO senses VALUES ('RD-001198-S01', 'RD-001198', 1, 'Teñir de anarajnado');
INSERT INTO lexical_entries VALUES ('RD-001199', 'Lánami', 'Lánami', 'lanami', NULL, 'Adj', 'Adj', 'Anaranjado', '', 'SRC-02', '54', '54', 'Transcrito', 'Autorizada para difusión', 'Pendiente de validación lingüística');
INSERT INTO senses VALUES ('RD-001199-S01', 'RD-001199', 1, 'Anaranjado');
INSERT INTO lexical_entries VALUES ('RD-001200', 'Lasiba', 'Lasiba', 'lasiba', NULL, 'Vi', 'Vi', 'Oxidarse', '', 'SRC-02', '54', '54', 'Transcrito', 'Autorizada para difusión', 'Pendiente de validación lingüística');
INSERT INTO senses VALUES ('RD-001200-S01', 'RD-001200', 1, 'Oxidarse');
INSERT INTO lexical_entries VALUES ('RD-001201', 'Látami', 'Látami', 'latami', NULL, 'S', 'S', 'Enramada', '', 'SRC-02', '54', '54', 'Transcrito', 'Autorizada para difusión', 'Pendiente de validación lingüística');
INSERT INTO senses VALUES ('RD-001201-S01', 'RD-001201', 1, 'Enramada');
INSERT INTO lexical_entries VALUES ('RD-001202', 'Léami', 'Léami', 'leami', NULL, 'Adj', 'Adj', 'Sangriento', '', 'SRC-02', '54', '54', 'Transcrito', 'Autorizada para difusión', 'Pendiente de validación lingüística');
INSERT INTO senses VALUES ('RD-001202-S01', 'RD-001202', 1, 'Sangriento');
INSERT INTO lexical_entries VALUES ('RD-001203', 'Lena', 'Lena', 'lena', NULL, 'Vi', 'Vi', 'Sangrar, desangrar', '', 'SRC-02', '54', '54', 'Transcrito', 'Autorizada para difusión', 'Pendiente de validación lingüística');
INSERT INTO senses VALUES ('RD-001203-S01', 'RD-001203', 1, 'Sangrar, desangrar');
INSERT INTO lexical_entries VALUES ('RD-001204', 'Limeta', 'Limeta', 'limeta', NULL, 'S esp', 'S', 'Botella de vidrio', '', 'SRC-02', '54', '54', 'Transcrito', 'Autorizada para difusión', 'Pendiente de validación lingüística');
INSERT INTO senses VALUES ('RD-001204-S01', 'RD-001204', 1, 'Botella de vidrio');
INSERT INTO lexical_entries VALUES ('RD-001205', 'Loca', 'Loca', 'loca', NULL, 'Vt', 'Vt', 'Batir, mezclar (pinole en agua)', '', 'SRC-02', '54', '54', 'Transcrito', 'Autorizada para difusión', 'Pendiente de validación lingüística');
INSERT INTO senses VALUES ('RD-001205-S01', 'RD-001205', 1, 'Batir, mezclar (pinole en agua)');
INSERT INTO lexical_entries VALUES ('RD-001206', '‘Loche', '‘Loche', '''loche', NULL, '', 'Sin clasificar', 'Tiene hambre', '', 'SRC-02', '54', '54', 'Transcrito', 'Autorizada para difusión', 'Pendiente de validación lingüística');
INSERT INTO senses VALUES ('RD-001206-S01', 'RD-001206', 1, 'Tiene hambre');
INSERT INTO lexical_entries VALUES ('RD-001207', 'Lochi', 'Lochi', 'lochi', NULL, 'S', 'S', 'Hueja alargado especial para sacar agua', '', 'SRC-02', '54', '54', 'Transcrito', 'Autorizada para difusión', 'Pendiente de validación lingüística');
INSERT INTO senses VALUES ('RD-001207-S01', 'RD-001207', 1, 'Hueja alargado especial para sacar agua');
INSERT INTO lexical_entries VALUES ('RD-001208', '‘Lohua, ‘loché', '‘Lohua, ‘loché', '''lohua, ''loche', NULL, 'Vi', 'Vi', 'Tener hambre', '', 'SRC-02', '54', '54', 'Transcrito', 'Autorizada para difusión', 'Pendiente de validación lingüística');
INSERT INTO senses VALUES ('RD-001208-S01', 'RD-001208', 1, 'Tener hambre');
INSERT INTO variants VALUES ('RD-001208-V01', 'RD-001208', 1, '‘loché');
INSERT INTO lexical_entries VALUES ('RD-001209', 'Lohuá', 'Lohuá', 'lohua', NULL, 'Vt', 'Vt', 'Revolver, menear', '', 'SRC-02', '54', '54', 'Transcrito', 'Autorizada para difusión', 'Pendiente de validación lingüística');
INSERT INTO senses VALUES ('RD-001209-S01', 'RD-001209', 1, 'Revolver, menear');
INSERT INTO lexical_entries VALUES ('RD-001210', '‘Lóhuari', '‘Lóhuari', '''lohuari', NULL, 'S', 'S', 'Hambre', '', 'SRC-02', '54', '54', 'Transcrito', 'Autorizada para difusión', 'Pendiente de validación lingüística');
INSERT INTO senses VALUES ('RD-001210-S01', 'RD-001210', 1, 'Hambre');
INSERT INTO lexical_entries VALUES ('RD-001211', 'Lohué', 'Lohué', 'lohue', NULL, 'Vt', 'Vt', '1. Abanicar 2. Dar vueltas al aire (con alguna cosa o con un mecate) 3. Tremolar', '', 'SRC-02', '54', '54', 'Transcrito', 'Autorizada para difusión', 'Pendiente de validación lingüística');
INSERT INTO senses VALUES ('RD-001211-S01', 'RD-001211', 1, 'Abanicar');
INSERT INTO senses VALUES ('RD-001211-S02', 'RD-001211', 2, 'Dar vueltas al aire (con alguna cosa o con un mecate)');
INSERT INTO senses VALUES ('RD-001211-S03', 'RD-001211', 3, 'Tremolar');
INSERT INTO lexical_entries VALUES ('RD-001212', 'Lohuera', 'Lohuera', 'lohuera', NULL, 'S', 'S', 'Abanico', '', 'SRC-02', '54', '54', 'Transcrito', 'Autorizada para difusión', 'Pendiente de validación lingüística');
INSERT INTO senses VALUES ('RD-001212-S01', 'RD-001212', 1, 'Abanico');
INSERT INTO lexical_entries VALUES ('RD-001213', 'Lohuí', 'Lohuí', 'lohui', NULL, 'Vi', 'Vi', 'Tener rabia, estar loco (que anda corriendo)', '', 'SRC-02', '54', '54', 'Transcrito', 'Autorizada para difusión', 'Pendiente de validación lingüística');
INSERT INTO senses VALUES ('RD-001213-S01', 'RD-001213', 1, 'Tener rabia, estar loco (que anda corriendo)');
INSERT INTO lexical_entries VALUES ('RD-001214', 'Lomírahua', 'Lomírahua', 'lomirahua', NULL, 'S', 'S', 'Coyuntura', '', 'SRC-02', '54', '54', 'Transcrito', 'Autorizada para difusión', 'Pendiente de validación lingüística');
INSERT INTO senses VALUES ('RD-001214-S01', 'RD-001214', 1, 'Coyuntura');
INSERT INTO lexical_entries VALUES ('RD-001215', 'Lohuira', 'Lohuira', 'lohuira', NULL, 'Vt', 'Vt', 'Pegar la rabia a otro', '', 'SRC-02', '54', '54', 'Transcrito', 'Autorizada para difusión', 'Pendiente de validación lingüística');
INSERT INTO senses VALUES ('RD-001215-S01', 'RD-001215', 1, 'Pegar la rabia a otro');
INSERT INTO lexical_entries VALUES ('RD-001216', 'Luhuá', 'Luhuá', 'luhua', NULL, 'Vt', 'Vt', 'Gastar (ropa)', '', 'SRC-02', '54', '54', 'Transcrito', 'Autorizada para difusión', 'Pendiente de validación lingüística');
INSERT INTO senses VALUES ('RD-001216-S01', 'RD-001216', 1, 'Gastar (ropa)');
INSERT INTO lexical_entries VALUES ('RD-001217', 'Luhuí', 'Luhuí', 'luhui', NULL, 'Vi', 'Vi', 'Gastarse (ropa)', '', 'SRC-02', '54', '54', 'Transcrito', 'Autorizada para difusión', 'Pendiente de validación lingüística');
INSERT INTO senses VALUES ('RD-001217-S01', 'RD-001217', 1, 'Gastarse (ropa)');
INSERT INTO lexical_entries VALUES ('RD-001218', '‘Ma, ‘má', '‘Ma, ‘má', '''ma, ''ma', NULL, 'Vi sing', 'Vi', 'Correr', '', 'SRC-02', '54', '54', 'Transcrito', 'Autorizada para difusión', 'Pendiente de validación lingüística');
INSERT INTO senses VALUES ('RD-001218-S01', 'RD-001218', 1, 'Correr');
INSERT INTO variants VALUES ('RD-001218-V01', 'RD-001218', 1, '‘má');
INSERT INTO lexical_entries VALUES ('RD-001219', 'Ma', 'Ma', 'ma', NULL, 'Adv', 'Adv', 'Ya', '', 'SRC-02', '54', '54', 'Transcrito', 'Autorizada para difusión', 'Pendiente de validación lingüística');
INSERT INTO senses VALUES ('RD-001219-S01', 'RD-001219', 1, 'Ya');
INSERT INTO lexical_entries VALUES ('RD-001220', 'Ma’', 'Ma’', 'ma''', NULL, 'S', 'S', 'Caña de maíz', '', 'SRC-02', '54', '54', 'Transcrito', 'Autorizada para difusión', 'Pendiente de validación lingüística');
INSERT INTO senses VALUES ('RD-001220-S01', 'RD-001220', 1, 'Caña de maíz');
INSERT INTO lexical_entries VALUES ('RD-001221', 'Ma’agá', 'Ma’agá', 'ma''aga', NULL, 'S', 'S', 'Cienpiés', '', 'SRC-02', '54', '54', 'Transcrito', 'Autorizada para difusión', 'Pendiente de validación lingüística');
INSERT INTO senses VALUES ('RD-001221-S01', 'RD-001221', 1, 'Cienpiés');
INSERT INTO lexical_entries VALUES ('RD-001222', 'Maba', 'Maba', 'maba', NULL, 'Vt', 'Vt', 'Comer caña', '', 'SRC-02', '54', '54', 'Transcrito', 'Autorizada para difusión', 'Pendiente de validación lingüística');
INSERT INTO senses VALUES ('RD-001222-S01', 'RD-001222', 1, 'Comer caña');
INSERT INTO lexical_entries VALUES ('RD-001223', 'Mabá', 'Mabá', 'maba', NULL, 'Imper', 'Imper', '¡Vamos!', '', 'SRC-02', '54', '54', 'Transcrito', 'Autorizada para difusión', 'Pendiente de validación lingüística');
INSERT INTO senses VALUES ('RD-001223-S01', 'RD-001223', 1, '¡Vamos!');
INSERT INTO lexical_entries VALUES ('RD-001224', 'Mabú', 'Mabú', 'mabu', NULL, 'Vi', 'Vi', 'Arrancarse brincando', '', 'SRC-02', '54', '54', 'Transcrito', 'Autorizada para difusión', 'Pendiente de validación lingüística');
INSERT INTO senses VALUES ('RD-001224-S01', 'RD-001224', 1, 'Arrancarse brincando');
INSERT INTO lexical_entries VALUES ('RD-001225', 'Macahui', 'Macahui', 'macahui', NULL, 'S', 'S', 'Paloma', '', 'SRC-02', '54', '54', 'Transcrito', 'Autorizada para difusión', 'Pendiente de validación lingüística');
INSERT INTO senses VALUES ('RD-001225-S01', 'RD-001225', 1, 'Paloma');
INSERT INTO lexical_entries VALUES ('RD-001226', 'Macarachi', 'Macarachi', 'macarachi', NULL, 'S', 'S', 'Víbora chica con rayas blancas', '', 'SRC-02', '54', '54', 'Transcrito', 'Autorizada para difusión', 'Pendiente de validación lingüística');
INSERT INTO senses VALUES ('RD-001226-S01', 'RD-001226', 1, 'Víbora chica con rayas blancas');
INSERT INTO lexical_entries VALUES ('RD-001227', 'Macari', 'Macari', 'macari', NULL, 'S', 'S', 'Cuarta (medida del dedo pulgar al meñique extendidos)', '', 'SRC-02', '54', '54', 'Transcrito', 'Autorizada para difusión', 'Pendiente de validación lingüística');
INSERT INTO senses VALUES ('RD-001227-S01', 'RD-001227', 1, 'Cuarta (medida del dedo pulgar al meñique extendidos)');
INSERT INTO lexical_entries VALUES ('RD-001228', 'Macó', 'Macó', 'maco', NULL, 'Vt', 'Vt', 'Agarrar (entre las manos)', '', 'SRC-02', '54', '54', 'Transcrito', 'Autorizada para difusión', 'Pendiente de validación lingüística');
INSERT INTO senses VALUES ('RD-001228-S01', 'RD-001228', 1, 'Agarrar (entre las manos)');
INSERT INTO lexical_entries VALUES ('RD-001229', 'Macoy', 'Macoy', 'macoy', NULL, '', 'Sin clasificar', 'Diez', '', 'SRC-02', '54', '54', 'Transcrito', 'Autorizada para difusión', 'Pendiente de validación lingüística');
INSERT INTO senses VALUES ('RD-001229-S01', 'RD-001229', 1, 'Diez');
INSERT INTO lexical_entries VALUES ('RD-001230', 'Macúsuhua', 'Macúsuhua', 'macusuhua', NULL, 'S', 'S', 'Dedo', '', 'SRC-02', '54', '54', 'Transcrito', 'Autorizada para difusión', 'Pendiente de validación lingüística');
INSERT INTO senses VALUES ('RD-001230-S01', 'RD-001230', 1, 'Dedo');
INSERT INTO lexical_entries VALUES ('RD-001231', 'Machá', 'Machá', 'macha', NULL, 'S', 'S', 'Garrapata', '', 'SRC-02', '54', '54', 'Transcrito', 'Autorizada para difusión', 'Pendiente de validación lingüística');
INSERT INTO senses VALUES ('RD-001231-S01', 'RD-001231', 1, 'Garrapata');
INSERT INTO lexical_entries VALUES ('RD-001232', 'Machí', '1Machí', 'machi', '1', 'Vi', 'Vi', '1. Saber, conocer 2. Hay luz 3. Verse bien', '', 'SRC-02', '54', '54', 'Transcrito', 'Autorizada para difusión', 'Pendiente de validación lingüística');
INSERT INTO senses VALUES ('RD-001232-S01', 'RD-001232', 1, 'Saber, conocer');
INSERT INTO senses VALUES ('RD-001232-S02', 'RD-001232', 2, 'Hay luz');
INSERT INTO senses VALUES ('RD-001232-S03', 'RD-001232', 3, 'Verse bien');
INSERT INTO lexical_entries VALUES ('RD-001233', 'Machí, machíami', '2Machí, machíami', 'machi, machiami', '2', 'Adv', 'Adv', 'Afuera', '', 'SRC-02', '54', '54', 'Transcrito', 'Autorizada para difusión', 'Pendiente de validación lingüística');
INSERT INTO senses VALUES ('RD-001233-S01', 'RD-001233', 1, 'Afuera');
INSERT INTO variants VALUES ('RD-001233-V01', 'RD-001233', 1, 'machíami');
INSERT INTO lexical_entries VALUES ('RD-001234', 'Machibú', 'Machibú', 'machibu', NULL, 'Vt', 'Vt', 'Sacar', '', 'SRC-02', '54', '54', 'Transcrito', 'Autorizada para difusión', 'Pendiente de validación lingüística');
INSERT INTO senses VALUES ('RD-001234-S01', 'RD-001234', 1, 'Sacar');
INSERT INTO lexical_entries VALUES ('RD-001235', 'Machiná', '1Machiná', 'machina', '1', 'Adv', 'Adv', 'Afuera', '', 'SRC-02', '54', '54', 'Transcrito', 'Autorizada para difusión', 'Pendiente de validación lingüística');
INSERT INTO senses VALUES ('RD-001235-S01', 'RD-001235', 1, 'Afuera');
INSERT INTO lexical_entries VALUES ('RD-001236', 'Machiná', '2Machiná', 'machina', '2', 'Adv', 'Adv', 'Claramente', '', 'SRC-02', '54', '54', 'Transcrito', 'Autorizada para difusión', 'Pendiente de validación lingüística');
INSERT INTO senses VALUES ('RD-001236-S01', 'RD-001236', 1, 'Claramente');
INSERT INTO lexical_entries VALUES ('RD-001237', 'Machina', 'Machina', 'machina', NULL, 'Vi', 'Vi', 'Salir', '', 'SRC-02', '55', '55', 'Transcrito', 'Autorizada para difusión', 'Pendiente de validación lingüística');
INSERT INTO senses VALUES ('RD-001237-S01', 'RD-001237', 1, 'Salir');
INSERT INTO lexical_entries VALUES ('RD-001238', 'Machira', 'Machira', 'machira', NULL, 'Vt', 'Vt', 'Descubrir, mostrar', '', 'SRC-02', '55', '55', 'Transcrito', 'Autorizada para difusión', 'Pendiente de validación lingüística');
INSERT INTO senses VALUES ('RD-001238-S01', 'RD-001238', 1, 'Descubrir, mostrar');
INSERT INTO lexical_entries VALUES ('RD-001239', 'Machiri', 'Machiri', 'machiri', NULL, 'S', 'S', 'Alacrán', '', 'SRC-02', '55', '55', 'Transcrito', 'Autorizada para difusión', 'Pendiente de validación lingüística');
INSERT INTO senses VALUES ('RD-001239-S01', 'RD-001239', 1, 'Alacrán');
INSERT INTO lexical_entries VALUES ('RD-001240', 'Machíriami', 'Machíriami', 'machiriami', NULL, 'Adj', 'Adj', 'Que puede ver', '', 'SRC-02', '55', '55', 'Transcrito', 'Autorizada para difusión', 'Pendiente de validación lingüística');
INSERT INTO senses VALUES ('RD-001240-S01', 'RD-001240', 1, 'Que puede ver');
INSERT INTO lexical_entries VALUES ('RD-001241', 'Machírúami', 'Machírúami', 'machiruami', NULL, 'Adj', 'Adj', 'Sabido', '', 'SRC-02', '55', '55', 'Transcrito', 'Autorizada para difusión', 'Pendiente de validación lingüística');
INSERT INTO senses VALUES ('RD-001241-S01', 'RD-001241', 1, 'Sabido');
INSERT INTO lexical_entries VALUES ('RD-001242', 'Machisátiré', 'Machisátiré', 'machisatire', NULL, 'Vi', 'Vi', 'Como deben saber', '', 'SRC-02', '55', '55', 'Transcrito', 'Autorizada para difusión', 'Pendiente de validación lingüística');
INSERT INTO senses VALUES ('RD-001242-S01', 'RD-001242', 1, 'Como deben saber');
INSERT INTO lexical_entries VALUES ('RD-001243', 'Machisí', 'Machisí', 'machisi', NULL, 'Imper pl', 'Imper', '¡Que sepan!, ¡que conozcan!', '', 'SRC-02', '55', '55', 'Transcrito', 'Autorizada para difusión', 'Pendiente de validación lingüística');
INSERT INTO senses VALUES ('RD-001243-S01', 'RD-001243', 1, '¡Que sepan!, ¡que conozcan!');
INSERT INTO lexical_entries VALUES ('RD-001244', '‘Machó', '‘Machó', '''macho', NULL, 'Vt', 'Vt', 'Agarrar', '', 'SRC-02', '55', '55', 'Transcrito', 'Autorizada para difusión', 'Pendiente de validación lingüística');
INSERT INTO senses VALUES ('RD-001244-S01', 'RD-001244', 1, 'Agarrar');
INSERT INTO lexical_entries VALUES ('RD-001245', '‘Mahuá', '‘Mahuá', '''mahua', NULL, 'Vi', 'Vi', 'Ir corriendo', '', 'SRC-02', '55', '55', 'Transcrito', 'Autorizada para difusión', 'Pendiente de validación lingüística');
INSERT INTO senses VALUES ('RD-001245-S01', 'RD-001245', 1, 'Ir corriendo');
INSERT INTO lexical_entries VALUES ('RD-001246', 'Mahué', 'Mahué', 'mahue', NULL, 'Vi', 'Vi', 'Voltear, revolver', '', 'SRC-02', '55', '55', 'Transcrito', 'Autorizada para difusión', 'Pendiente de validación lingüística');
INSERT INTO senses VALUES ('RD-001246-S01', 'RD-001246', 1, 'Voltear, revolver');
INSERT INTO lexical_entries VALUES ('RD-001247', 'Mahuiyá', 'Mahuiyá', 'mahuiya', NULL, 'S', 'S', 'León, puma', '', 'SRC-02', '55', '55', 'Transcrito', 'Autorizada para difusión', 'Pendiente de validación lingüística');
INSERT INTO senses VALUES ('RD-001247-S01', 'RD-001247', 1, 'León, puma');
INSERT INTO lexical_entries VALUES ('RD-001248', 'Majá, majahuá', 'Majá, majahuá', 'maja, majahua', NULL, 'Vi', 'Vi', 'Tener miedo', '', 'SRC-02', '55', '55', 'Transcrito', 'Autorizada para difusión', 'Pendiente de validación lingüística');
INSERT INTO senses VALUES ('RD-001248-S01', 'RD-001248', 1, 'Tener miedo');
INSERT INTO variants VALUES ('RD-001248-V01', 'RD-001248', 1, 'majahuá');
INSERT INTO lexical_entries VALUES ('RD-001249', 'Majáami', 'Majáami', 'majaami', NULL, 'Adj', 'Adj', 'Cobarde, miedoso, temeroso', '', 'SRC-02', '55', '55', 'Transcrito', 'Autorizada para difusión', 'Pendiente de validación lingüística');
INSERT INTO senses VALUES ('RD-001249-S01', 'RD-001249', 1, 'Cobarde, miedoso, temeroso');
INSERT INTO lexical_entries VALUES ('RD-001250', 'Majahuihua', 'Majahuihua', 'majahuihua', NULL, 'Vt', 'Vt', 'Temer', '', 'SRC-02', '55', '55', 'Transcrito', 'Autorizada para difusión', 'Pendiente de validación lingüística');
INSERT INTO senses VALUES ('RD-001250-S01', 'RD-001250', 1, 'Temer');
INSERT INTO lexical_entries VALUES ('RD-001251', 'Majajara, majajárata', 'Majajara, majajárata', 'majajara, majajarata', NULL, 'Vt', 'Vt', 'Asustar, espantar', '', 'SRC-02', '55', '55', 'Transcrito', 'Autorizada para difusión', 'Pendiente de validación lingüística');
INSERT INTO senses VALUES ('RD-001251-S01', 'RD-001251', 1, 'Asustar, espantar');
INSERT INTO variants VALUES ('RD-001251-V01', 'RD-001251', 1, 'majajárata');
INSERT INTO lexical_entries VALUES ('RD-001252', 'Majajáratami', 'Majajáratami', 'majajaratami', NULL, 'Adj', 'Adj', 'Atónito', '', 'SRC-02', '55', '55', 'Transcrito', 'Autorizada para difusión', 'Pendiente de validación lingüística');
INSERT INTO senses VALUES ('RD-001252-S01', 'RD-001252', 1, 'Atónito');
INSERT INTO lexical_entries VALUES ('RD-001253', 'Majajó', 'Majajó', 'majajo', NULL, 'Vt', 'Vt', 'Meter la mano', '', 'SRC-02', '55', '55', 'Transcrito', 'Autorizada para difusión', 'Pendiente de validación lingüística');
INSERT INTO senses VALUES ('RD-001253-S01', 'RD-001253', 1, 'Meter la mano');
INSERT INTO lexical_entries VALUES ('RD-001254', 'Majajocha', 'Majajocha', 'majajocha', NULL, 'Vt', 'Vt', 'Asustar', '', 'SRC-02', '55', '55', 'Transcrito', 'Autorizada para difusión', 'Pendiente de validación lingüística');
INSERT INTO senses VALUES ('RD-001254-S01', 'RD-001254', 1, 'Asustar');
INSERT INTO lexical_entries VALUES ('RD-001255', 'Majárami', 'Majárami', 'majarami', NULL, 'Adj', 'Adj', 'Nervioso', '', 'SRC-02', '55', '55', 'Transcrito', 'Autorizada para difusión', 'Pendiente de validación lingüística');
INSERT INTO senses VALUES ('RD-001255-S01', 'RD-001255', 1, 'Nervioso');
INSERT INTO lexical_entries VALUES ('RD-001256', 'Maleta', 'Maleta', 'maleta', NULL, 'S esp', 'S', 'Estuche (para rifle)', '', 'SRC-02', '55', '55', 'Transcrito', 'Autorizada para difusión', 'Pendiente de validación lingüística');
INSERT INTO senses VALUES ('RD-001256-S01', 'RD-001256', 1, 'Estuche (para rifle)');
INSERT INTO lexical_entries VALUES ('RD-001257', 'Maná', 'Maná', 'mana', NULL, 'Vt', 'Vt', 'Poner un recipiente (p. ej.: una olla, una caja)', '', 'SRC-02', '55', '55', 'Transcrito', 'Autorizada para difusión', 'Pendiente de validación lingüística');
INSERT INTO senses VALUES ('RD-001257-S01', 'RD-001257', 1, 'Poner un recipiente (p. ej.: una olla, una caja)');
INSERT INTO lexical_entries VALUES ('RD-001258', 'Maní', 'Maní', 'mani', NULL, 'Vi', 'Vi', 'Contener un líquido', '', 'SRC-02', '55', '55', 'Transcrito', 'Autorizada para difusión', 'Pendiente de validación lingüística');
INSERT INTO senses VALUES ('RD-001258-S01', 'RD-001258', 1, 'Contener un líquido');
INSERT INTO lexical_entries VALUES ('RD-001259', 'Maparí', 'Maparí', 'mapari', NULL, 'Adv', 'Adv', 'Cuando', '', 'SRC-02', '55', '55', 'Transcrito', 'Autorizada para difusión', 'Pendiente de validación lingüística');
INSERT INTO senses VALUES ('RD-001259-S01', 'RD-001259', 1, 'Cuando');
INSERT INTO lexical_entries VALUES ('RD-001260', 'Mapo’ná', 'Mapo’ná', 'mapo''na', NULL, 'Adv', 'Adv', 'Donde', '', 'SRC-02', '55', '55', 'Transcrito', 'Autorizada para difusión', 'Pendiente de validación lingüística');
INSERT INTO senses VALUES ('RD-001260-S01', 'RD-001260', 1, 'Donde');
INSERT INTO lexical_entries VALUES ('RD-001261', 'Mapu', 'Mapu', 'mapu', NULL, 'Conj', 'Conj', 'Para, que, el cual, quien', '', 'SRC-02', '55', '55', 'Transcrito', 'Autorizada para difusión', 'Pendiente de validación lingüística');
INSERT INTO senses VALUES ('RD-001261-S01', 'RD-001261', 1, 'Para, que, el cual, quien');
INSERT INTO lexical_entries VALUES ('RD-001262', 'Mapujiti', 'Mapujiti', 'mapujiti', NULL, 'Conj', 'Conj', 'Conque, porque', '', 'SRC-02', '55', '55', 'Transcrito', 'Autorizada para difusión', 'Pendiente de validación lingüística');
INSERT INTO senses VALUES ('RD-001262-S01', 'RD-001262', 1, 'Conque, porque');
INSERT INTO lexical_entries VALUES ('RD-001263', 'Mapurigá', 'Mapurigá', 'mapuriga', NULL, 'Adv', 'Adv', 'Como, según', '', 'SRC-02', '55', '55', 'Transcrito', 'Autorizada para difusión', 'Pendiente de validación lingüística');
INSERT INTO senses VALUES ('RD-001263-S01', 'RD-001263', 1, 'Como, según');
INSERT INTO lexical_entries VALUES ('RD-001264', 'Mapuyena', 'Mapuyena', 'mapuyena', NULL, 'Adv', 'Adv', 'Mientras', '', 'SRC-02', '55', '55', 'Transcrito', 'Autorizada para difusión', 'Pendiente de validación lingüística');
INSERT INTO senses VALUES ('RD-001264-S01', 'RD-001264', 1, 'Mientras');
INSERT INTO lexical_entries VALUES ('RD-001265', 'Mapuyénasí', 'Mapuyénasí', 'mapuyenasi', NULL, 'Adv', 'Adv', '1. Hasta que 2. Entre tanto, mientras', '', 'SRC-02', '55', '55', 'Transcrito', 'Autorizada para difusión', 'Pendiente de validación lingüística');
INSERT INTO senses VALUES ('RD-001265-S01', 'RD-001265', 1, 'Hasta que');
INSERT INTO senses VALUES ('RD-001265-S02', 'RD-001265', 2, 'Entre tanto, mientras');
INSERT INTO lexical_entries VALUES ('RD-001266', 'Mapuyiri', 'Mapuyiri', 'mapuyiri', NULL, 'Adj', 'Adj', 'Semejante (en forma)', '', 'SRC-02', '55', '55', 'Transcrito', 'Autorizada para difusión', 'Pendiente de validación lingüística');
INSERT INTO senses VALUES ('RD-001266-S01', 'RD-001266', 1, 'Semejante (en forma)');
INSERT INTO lexical_entries VALUES ('RD-001267', 'Mapuyíripi', 'Mapuyíripi', 'mapuyiripi', NULL, 'Adj', 'Adj', 'Cualquiera', '', 'SRC-02', '55', '55', 'Transcrito', 'Autorizada para difusión', 'Pendiente de validación lingüística');
INSERT INTO senses VALUES ('RD-001267-S01', 'RD-001267', 1, 'Cualquiera');
INSERT INTO lexical_entries VALUES ('RD-001268', 'Mará', 'Mará', 'mara', NULL, 'S', 'S', 'Hija (habla del padre)', '', 'SRC-02', '55', '55', 'Transcrito', 'Autorizada para difusión', 'Pendiente de validación lingüística');
INSERT INTO senses VALUES ('RD-001268-S01', 'RD-001268', 1, 'Hija (habla del padre)');
INSERT INTO lexical_entries VALUES ('RD-001269', 'Maracá', 'Maracá', 'maraca', NULL, 'S', 'S', 'Paleta', '', 'SRC-02', '55', '55', 'Transcrito', 'Autorizada para difusión', 'Pendiente de validación lingüística');
INSERT INTO senses VALUES ('RD-001269-S01', 'RD-001269', 1, 'Paleta');
INSERT INTO lexical_entries VALUES ('RD-001270', '‘marachi', '‘marachi', '''marachi', NULL, 'S', 'S', 'Gemelo', '', 'SRC-02', '55', '55', 'Transcrito', 'Autorizada para difusión', 'Pendiente de validación lingüística');
INSERT INTO senses VALUES ('RD-001270-S01', 'RD-001270', 1, 'Gemelo');
INSERT INTO lexical_entries VALUES ('RD-001271', 'Marachi', 'Marachi', 'marachi', NULL, 'S', 'S', 'Sobaco', '', 'SRC-02', '55', '55', 'Transcrito', 'Autorizada para difusión', 'Pendiente de validación lingüística');
INSERT INTO senses VALUES ('RD-001271-S01', 'RD-001271', 1, 'Sobaco');
INSERT INTO lexical_entries VALUES ('RD-001272', 'Maré', 'Maré', 'mare', NULL, 'Vi', 'Vi', 'Tener hija el padre', '', 'SRC-02', '55', '55', 'Transcrito', 'Autorizada para difusión', 'Pendiente de validación lingüística');
INSERT INTO senses VALUES ('RD-001272-S01', 'RD-001272', 1, 'Tener hija el padre');
INSERT INTO lexical_entries VALUES ('RD-001273', 'Marí', '1Marí', 'mari', '1', 'S, adj', 'S', 'Cinco', '', 'SRC-02', '55', '55', 'Transcrito', 'Autorizada para difusión', 'Pendiente de validación lingüística');
INSERT INTO senses VALUES ('RD-001273-S01', 'RD-001273', 1, 'Cinco');
INSERT INTO lexical_entries VALUES ('RD-001274', 'Marí', '2Marí', 'mari', '2', 'S', 'S', 'Padre (de la hija)', '', 'SRC-02', '55', '55', 'Transcrito', 'Autorizada para difusión', 'Pendiente de validación lingüística');
INSERT INTO senses VALUES ('RD-001274-S01', 'RD-001274', 1, 'Padre (de la hija)');
INSERT INTO lexical_entries VALUES ('RD-001275', 'Marichi', 'Marichi', 'marichi', NULL, 'S', 'S', 'Cervato (venadito)', '', 'SRC-02', '55', '55', 'Transcrito', 'Autorizada para difusión', 'Pendiente de validación lingüística');
INSERT INTO senses VALUES ('RD-001275-S01', 'RD-001275', 1, 'Cervato (venadito)');
INSERT INTO lexical_entries VALUES ('RD-001276', 'Marisa', 'Marisa', 'marisa', NULL, 'Adj', 'Adj', 'Quinto', '', 'SRC-02', '55', '55', 'Transcrito', 'Autorizada para difusión', 'Pendiente de validación lingüística');
INSERT INTO senses VALUES ('RD-001276-S01', 'RD-001276', 1, 'Quinto');
INSERT INTO lexical_entries VALUES ('RD-001277', 'Marisa macoy', 'Marisa macoy', 'marisa macoy', NULL, 'Adj', 'Adj', 'Cincuenta', '', 'SRC-02', '55', '55', 'Transcrito', 'Autorizada para difusión', 'Pendiente de validación lingüística');
INSERT INTO senses VALUES ('RD-001277-S01', 'RD-001277', 1, 'Cincuenta');
INSERT INTO lexical_entries VALUES ('RD-001278', '‘Masa', '‘Masa', '''masa', NULL, 'Vi sing', 'Vi', 'Huir', '', 'SRC-02', '55', '55', 'Transcrito', 'Autorizada para difusión', 'Pendiente de validación lingüística');
INSERT INTO senses VALUES ('RD-001278-S01', 'RD-001278', 1, 'Huir');
INSERT INTO lexical_entries VALUES ('RD-001279', 'Masábari', 'Masábari', 'masabari', NULL, 'S', 'S', 'Abanico (que lleva el bailador matachín)', '', 'SRC-02', '56', '56', 'Transcrito', 'Autorizada para difusión', 'Pendiente de validación lingüística');
INSERT INTO senses VALUES ('RD-001279-S01', 'RD-001279', 1, 'Abanico (que lleva el bailador matachín)');
INSERT INTO lexical_entries VALUES ('RD-001280', '‘Másari', '‘Másari', '''masari', NULL, 'Vi pret', 'Vi', 'Fugarse (el preso)', '', 'SRC-02', '56', '56', 'Transcrito', 'Autorizada para difusión', 'Pendiente de validación lingüística');
INSERT INTO senses VALUES ('RD-001280-S01', 'RD-001280', 1, 'Fugarse (el preso)');
INSERT INTO lexical_entries VALUES ('RD-001281', '‘Masi', '‘Masi', '''masi', NULL, 'Vi', 'Vi', 'Huir', '', 'SRC-02', '56', '56', 'Transcrito', 'Autorizada para difusión', 'Pendiente de validación lingüística');
INSERT INTO senses VALUES ('RD-001281-S01', 'RD-001281', 1, 'Huir');
INSERT INTO lexical_entries VALUES ('RD-001282', 'Masó', 'Masó', 'maso', NULL, 'Vt esp', 'Vt', 'Amasar', '', 'SRC-02', '56', '56', 'Transcrito', 'Autorizada para difusión', 'Pendiente de validación lingüística');
INSERT INTO senses VALUES ('RD-001282-S01', 'RD-001282', 1, 'Amasar');
INSERT INTO lexical_entries VALUES ('RD-001283', 'Matá', 'Matá', 'mata', NULL, 'S esp', 'S', 'Metate', '', 'SRC-02', '56', '56', 'Transcrito', 'Autorizada para difusión', 'Pendiente de validación lingüística');
INSERT INTO senses VALUES ('RD-001283-S01', 'RD-001283', 1, 'Metate');
INSERT INTO lexical_entries VALUES ('RD-001284', 'Matagá', 'Matagá', 'mataga', NULL, 'S', 'S', 'Palma (de la mano)', '', 'SRC-02', '56', '56', 'Transcrito', 'Autorizada para difusión', 'Pendiente de validación lingüística');
INSERT INTO senses VALUES ('RD-001284-S01', 'RD-001284', 1, 'Palma (de la mano)');
INSERT INTO lexical_entries VALUES ('RD-001285', 'Maticó', 'Maticó', 'matico', NULL, 'S', 'S', 'Pinabete (árbol)', '', 'SRC-02', '56', '56', 'Transcrito', 'Autorizada para difusión', 'Pendiente de validación lingüística');
INSERT INTO senses VALUES ('RD-001285-S01', 'RD-001285', 1, 'Pinabete (árbol)');
INSERT INTO lexical_entries VALUES ('RD-001286', 'Mató, matóchahua', 'Mató, matóchahua', 'mato, matochahua', NULL, 'S', 'S', 'Hombro', '', 'SRC-02', '56', '56', 'Transcrito', 'Autorizada para difusión', 'Pendiente de validación lingüística');
INSERT INTO senses VALUES ('RD-001286-S01', 'RD-001286', 1, 'Hombro');
INSERT INTO variants VALUES ('RD-001286-V01', 'RD-001286', 1, 'matóchahua');
INSERT INTO lexical_entries VALUES ('RD-001287', 'Matora', 'Matora', 'matora', NULL, 'Vt', 'Vt', 'Llevar (en hombros)', '', 'SRC-02', '56', '56', 'Transcrito', 'Autorizada para difusión', 'Pendiente de validación lingüística');
INSERT INTO senses VALUES ('RD-001287-S01', 'RD-001287', 1, 'Llevar (en hombros)');
INSERT INTO lexical_entries VALUES ('RD-001288', 'Matosá', 'Matosá', 'matosa', NULL, 'S', 'S', 'Canas', '', 'SRC-02', '56', '56', 'Transcrito', 'Autorizada para difusión', 'Pendiente de validación lingüística');
INSERT INTO senses VALUES ('RD-001288-S01', 'RD-001288', 1, 'Canas');
INSERT INTO lexical_entries VALUES ('RD-001289', 'Mayé', '1Mayé', 'maye', '1', 'Vi', 'Vi', 'Creer que sí, pensar, opinar', '', 'SRC-02', '56', '56', 'Transcrito', 'Autorizada para difusión', 'Pendiente de validación lingüística');
INSERT INTO senses VALUES ('RD-001289-S01', 'RD-001289', 1, 'Creer que sí, pensar, opinar');
INSERT INTO lexical_entries VALUES ('RD-001290', 'Mayé', '2Mayé', 'maye', '2', 'Vi', 'Vi', 'Tener celos', '', 'SRC-02', '56', '56', 'Transcrito', 'Autorizada para difusión', 'Pendiente de validación lingüística');
INSERT INTO senses VALUES ('RD-001290-S01', 'RD-001290', 1, 'Tener celos');
INSERT INTO lexical_entries VALUES ('RD-001291', '’Me', '1’Me', '''me', '1', 'S', 'S', 'Maguey', '', 'SRC-02', '56', '56', 'Transcrito', 'Autorizada para difusión', 'Pendiente de validación lingüística');
INSERT INTO senses VALUES ('RD-001291-S01', 'RD-001291', 1, 'Maguey');
INSERT INTO lexical_entries VALUES ('RD-001292', '’Me', '2’Me', '''me', '2', 'Vt', 'Vt', 'Traer', '', 'SRC-02', '56', '56', 'Transcrito', 'Autorizada para difusión', 'Pendiente de validación lingüística');
INSERT INTO senses VALUES ('RD-001292-S01', 'RD-001292', 1, 'Traer');
INSERT INTO lexical_entries VALUES ('RD-001293', '’Me', '3’Me', '''me', '3', 'Adv', 'Adv', 'Tanto, mucho', '', 'SRC-02', '56', '56', 'Transcrito', 'Autorizada para difusión', 'Pendiente de validación lingüística');
INSERT INTO senses VALUES ('RD-001293-S01', 'RD-001293', 1, 'Tanto, mucho');
INSERT INTO lexical_entries VALUES ('RD-001294', 'Me', '1Me', 'me', '1', 'Vt', 'Vt', 'Ganar sueldo', '', 'SRC-02', '56', '56', 'Transcrito', 'Autorizada para difusión', 'Pendiente de validación lingüística');
INSERT INTO senses VALUES ('RD-001294-S01', 'RD-001294', 1, 'Ganar sueldo');
INSERT INTO lexical_entries VALUES ('RD-001295', 'Me', '2Me', 'me', '2', 'S', 'S', 'Mezcal', '', 'SRC-02', '56', '56', 'Transcrito', 'Autorizada para difusión', 'Pendiente de validación lingüística');
INSERT INTO senses VALUES ('RD-001295-S01', 'RD-001295', 1, 'Mezcal');
INSERT INTO lexical_entries VALUES ('RD-001296', '‘Méchuri', '‘Méchuri', '''mechuri', NULL, 'S', 'S', 'Cordero, borreguito', '', 'SRC-02', '56', '56', 'Transcrito', 'Autorizada para difusión', 'Pendiente de validación lingüística');
INSERT INTO senses VALUES ('RD-001296-S01', 'RD-001296', 1, 'Cordero, borreguito');
INSERT INTO lexical_entries VALUES ('RD-001297', 'Mema', 'Mema', 'mema', NULL, 'Vi', 'Vi', 'Estr sentado (con las piernas extendidas o cruzadas)', '', 'SRC-02', '56', '56', 'Transcrito', 'Autorizada para difusión', 'Pendiente de validación lingüística');
INSERT INTO senses VALUES ('RD-001297-S01', 'RD-001297', 1, 'Estr sentado (con las piernas extendidas o cruzadas)');
INSERT INTO lexical_entries VALUES ('RD-001298', 'Mera', 'Mera', 'mera', NULL, 'Vt', 'Vt', 'Corretear los animales', '', 'SRC-02', '56', '56', 'Transcrito', 'Autorizada para difusión', 'Pendiente de validación lingüística');
INSERT INTO senses VALUES ('RD-001298-S01', 'RD-001298', 1, 'Corretear los animales');
INSERT INTO lexical_entries VALUES ('RD-001299', 'Meta', 'Meta', 'meta', NULL, 'Vt', 'Vt', 'Arrear, llevar (animales)', '', 'SRC-02', '56', '56', 'Transcrito', 'Autorizada para difusión', 'Pendiente de validación lingüística');
INSERT INTO senses VALUES ('RD-001299-S01', 'RD-001299', 1, 'Arrear, llevar (animales)');
INSERT INTO lexical_entries VALUES ('RD-001300', 'Mii', 'Mii', 'mii', NULL, '', 'Sin clasificar', '1. adj Aquel, aquella 2. pron Tú, te', '', 'SRC-02', '56', '56', 'Transcrito', 'Autorizada para difusión', 'Pendiente de validación lingüística');
INSERT INTO senses VALUES ('RD-001300-S01', 'RD-001300', 1, 'adj Aquel, aquella');
INSERT INTO senses VALUES ('RD-001300-S02', 'RD-001300', 2, 'pron Tú, te');
INSERT INTO lexical_entries VALUES ('RD-001301', 'Micá', 'Micá', 'mica', NULL, 'Adv', 'Adv', 'Lejos', '', 'SRC-02', '56', '56', 'Transcrito', 'Autorizada para difusión', 'Pendiente de validación lingüística');
INSERT INTO senses VALUES ('RD-001301-S01', 'RD-001301', 1, 'Lejos');
INSERT INTO lexical_entries VALUES ('RD-001302', 'Micabéana', 'Micabéana', 'micabeana', NULL, '', 'Sin clasificar', '1. vi Alejarse, retirarse 2. adv Un lugar lejos', '', 'SRC-02', '56', '56', 'Transcrito', 'Autorizada para difusión', 'Pendiente de validación lingüística');
INSERT INTO senses VALUES ('RD-001302-S01', 'RD-001302', 1, 'vi Alejarse, retirarse');
INSERT INTO senses VALUES ('RD-001302-S02', 'RD-001302', 2, 'adv Un lugar lejos');
INSERT INTO lexical_entries VALUES ('RD-001303', 'Macabéanta', 'Macabéanta', 'macabeanta', NULL, 'Vt', 'Vt', 'Alejar', '', 'SRC-02', '56', '56', 'Transcrito', 'Autorizada para difusión', 'Pendiente de validación lingüística');
INSERT INTO senses VALUES ('RD-001303-S01', 'RD-001303', 1, 'Alejar');
INSERT INTO lexical_entries VALUES ('RD-001304', 'Micó', 'Micó', 'mico', NULL, 'Vt', 'Vt', 'Hacer muescas, hacer hueco', '', 'SRC-02', '56', '56', 'Transcrito', 'Autorizada para difusión', 'Pendiente de validación lingüística');
INSERT INTO senses VALUES ('RD-001304-S01', 'RD-001304', 1, 'Hacer muescas, hacer hueco');
INSERT INTO lexical_entries VALUES ('RD-001305', 'Micótami', 'Micótami', 'micotami', NULL, 'Adj', 'Adj', 'Hecho con muescas', '', 'SRC-02', '56', '56', 'Transcrito', 'Autorizada para difusión', 'Pendiente de validación lingüística');
INSERT INTO senses VALUES ('RD-001305-S01', 'RD-001305', 1, 'Hecho con muescas');
INSERT INTO lexical_entries VALUES ('RD-001306', 'Michá', 'Michá', 'micha', NULL, 'S', 'S', 'Luna, mes', '', 'SRC-02', '56', '56', 'Transcrito', 'Autorizada para difusión', 'Pendiente de validación lingüística');
INSERT INTO senses VALUES ('RD-001306-S01', 'RD-001306', 1, 'Luna, mes');
INSERT INTO lexical_entries VALUES ('RD-001307', 'Miché', 'Miché', 'miche', NULL, 'Vi', 'Vi', '1. Tener o hacer mes 2. Hacer luna', '', 'SRC-02', '56', '56', 'Transcrito', 'Autorizada para difusión', 'Pendiente de validación lingüística');
INSERT INTO senses VALUES ('RD-001307-S01', 'RD-001307', 1, 'Tener o hacer mes');
INSERT INTO senses VALUES ('RD-001307-S02', 'RD-001307', 2, 'Hacer luna');
INSERT INTO lexical_entries VALUES ('RD-001308', 'Michí', 'Michí', 'michi', NULL, 'Vt', 'Vt', 'Labrar con el hacha', '', 'SRC-02', '56', '56', 'Transcrito', 'Autorizada para difusión', 'Pendiente de validación lingüística');
INSERT INTO senses VALUES ('RD-001308-S01', 'RD-001308', 1, 'Labrar con el hacha');
INSERT INTO lexical_entries VALUES ('RD-001309', 'Michítami', 'Michítami', 'michitami', NULL, 'Adj', 'Adj', 'Labrado', '', 'SRC-02', '56', '56', 'Transcrito', 'Autorizada para difusión', 'Pendiente de validación lingüística');
INSERT INTO senses VALUES ('RD-001309-S01', 'RD-001309', 1, 'Labrado');
INSERT INTO lexical_entries VALUES ('RD-001310', 'Michira', '1Michira', 'michira', '1', 'S', 'S', 'Astilla', '', 'SRC-02', '56', '56', 'Transcrito', 'Autorizada para difusión', 'Pendiente de validación lingüística');
INSERT INTO senses VALUES ('RD-001310-S01', 'RD-001310', 1, 'Astilla');
INSERT INTO lexical_entries VALUES ('RD-001311', 'Michira', '2Michira', 'michira', '2', 's', 'S', 'Alacrán', '', 'SRC-02', '56', '56', 'Transcrito', 'Autorizada para difusión', 'Pendiente de validación lingüística');
INSERT INTO senses VALUES ('RD-001311-S01', 'RD-001311', 1, 'Alacrán');
INSERT INTO lexical_entries VALUES ('RD-001312', 'Michó', 'Michó', 'micho', NULL, 'Vt', 'Vt', 'Pegar (con marro o piedra)', '', 'SRC-02', '56', '56', 'Transcrito', 'Autorizada para difusión', 'Pendiente de validación lingüística');
INSERT INTO senses VALUES ('RD-001312-S01', 'RD-001312', 1, 'Pegar (con marro o piedra)');
INSERT INTO lexical_entries VALUES ('RD-001313', 'Michona', 'Michona', 'michona', NULL, 'Vt', 'Vt', 'Martillar, pegar', '', 'SRC-02', '56', '56', 'Transcrito', 'Autorizada para difusión', 'Pendiente de validación lingüística');
INSERT INTO senses VALUES ('RD-001313-S01', 'RD-001313', 1, 'Martillar, pegar');
INSERT INTO lexical_entries VALUES ('RD-001314', 'Michora', 'Michora', 'michora', NULL, 'S', 'S', 'Marro, mazo', '', 'SRC-02', '56', '56', 'Transcrito', 'Autorizada para difusión', 'Pendiente de validación lingüística');
INSERT INTO senses VALUES ('RD-001314-S01', 'RD-001314', 1, 'Marro, mazo');
INSERT INTO lexical_entries VALUES ('RD-001315', 'Michóntami', 'Michóntami', 'michontami', NULL, 'Adj', 'Adj', 'Clavado', '', 'SRC-02', '56', '56', 'Transcrito', 'Autorizada para difusión', 'Pendiente de validación lingüística');
INSERT INTO senses VALUES ('RD-001315-S01', 'RD-001315', 1, 'Clavado');
INSERT INTO lexical_entries VALUES ('RD-001316', 'Michoyá', 'Michoyá', 'michoya', NULL, 'S', 'S', 'Cresta de gallo', '', 'SRC-02', '56', '56', 'Transcrito', 'Autorizada para difusión', 'Pendiente de validación lingüística');
INSERT INTO senses VALUES ('RD-001316-S01', 'RD-001316', 1, 'Cresta de gallo');
INSERT INTO lexical_entries VALUES ('RD-001317', 'Michú', 'Michú', 'michu', NULL, 'Vi', 'Vi', 'Abollarse', '', 'SRC-02', '56', '56', 'Transcrito', 'Autorizada para difusión', 'Pendiente de validación lingüística');
INSERT INTO senses VALUES ('RD-001317-S01', 'RD-001317', 1, 'Abollarse');
INSERT INTO lexical_entries VALUES ('RD-001318', 'Michúnari', 'Michúnari', 'michunari', NULL, 'Vt pret', 'Vt', 'Aplastar', '', 'SRC-02', '56', '56', 'Transcrito', 'Autorizada para difusión', 'Pendiente de validación lingüística');
INSERT INTO senses VALUES ('RD-001318-S01', 'RD-001318', 1, 'Aplastar');
INSERT INTO lexical_entries VALUES ('RD-001319', 'Michuri', 'Michuri', 'michuri', NULL, 'Vi pret', 'Vi', 'Aplastarse', '', 'SRC-02', '57', '57', 'Transcrito', 'Autorizada para difusión', 'Pendiente de validación lingüística');
INSERT INTO senses VALUES ('RD-001319-S01', 'RD-001319', 1, 'Aplastarse');
INSERT INTO lexical_entries VALUES ('RD-001320', 'Míisi, misi', 'Míisi, misi', 'miisi, misi', NULL, 'S esp', 'S', 'Gato', '', 'SRC-02', '57', '57', 'Transcrito', 'Autorizada para difusión', 'Pendiente de validación lingüística');
INSERT INTO senses VALUES ('RD-001320-S01', 'RD-001320', 1, 'Gato');
INSERT INTO variants VALUES ('RD-001320-V01', 'RD-001320', 1, 'misi');
INSERT INTO lexical_entries VALUES ('RD-001321', 'Mijí', 'Mijí', 'miji', NULL, 'Vt', 'Vt', 'Asar', '', 'SRC-02', '57', '57', 'Transcrito', 'Autorizada para difusión', 'Pendiente de validación lingüística');
INSERT INTO senses VALUES ('RD-001321-S01', 'RD-001321', 1, 'Asar');
INSERT INTO lexical_entries VALUES ('RD-001322', 'Mijírami', 'Mijírami', 'mijirami', NULL, 'Adj', 'Adj', 'Asado, tatemado', '', 'SRC-02', '57', '57', 'Transcrito', 'Autorizada para difusión', 'Pendiente de validación lingüística');
INSERT INTO senses VALUES ('RD-001322-S01', 'RD-001322', 1, 'Asado, tatemado');
INSERT INTO lexical_entries VALUES ('RD-001323', 'Minana', 'Minana', 'minana', NULL, 'Adv', 'Adv', 'Más allá, poco después', '', 'SRC-02', '57', '57', 'Transcrito', 'Autorizada para difusión', 'Pendiente de validación lingüística');
INSERT INTO senses VALUES ('RD-001323-S01', 'RD-001323', 1, 'Más allá, poco después');
INSERT INTO lexical_entries VALUES ('RD-001324', 'Mi’riméa', 'Mi’riméa', 'mi''rimea', NULL, '', 'Sin clasificar', 'Matará', '', 'SRC-02', '57', '57', 'Transcrito', 'Autorizada para difusión', 'Pendiente de validación lingüística');
INSERT INTO senses VALUES ('RD-001324-S01', 'RD-001324', 1, 'Matará');
INSERT INTO lexical_entries VALUES ('RD-001325', 'Mi’rínari', 'Mi’rínari', 'mi''rinari', NULL, 'vt', 'Vt', 'Querer matarlo', '', 'SRC-02', '57', '57', 'Transcrito', 'Autorizada para difusión', 'Pendiente de validación lingüística');
INSERT INTO senses VALUES ('RD-001325-S01', 'RD-001325', 1, 'Querer matarlo');
INSERT INTO lexical_entries VALUES ('RD-001326', 'Mi’ró', 'Mi’ró', 'mi''ro', NULL, 'Vi', 'Vi', 'Desmayarse', '', 'SRC-02', '57', '57', 'Transcrito', 'Autorizada para difusión', 'Pendiente de validación lingüística');
INSERT INTO senses VALUES ('RD-001326-S01', 'RD-001326', 1, 'Desmayarse');
INSERT INTO lexical_entries VALUES ('RD-001327', 'Misú', 'Misú', 'misu', NULL, 'Vt', 'Vt', 'Poner una trampa (de piedras para aplastar animales chicos)', '', 'SRC-02', '57', '57', 'Transcrito', 'Autorizada para difusión', 'Pendiente de validación lingüística');
INSERT INTO senses VALUES ('RD-001327-S01', 'RD-001327', 1, 'Poner una trampa (de piedras para aplastar animales chicos)');
INSERT INTO lexical_entries VALUES ('RD-001328', 'Misucuá', 'Misucuá', 'misucua', NULL, 'S', 'S', 'Zarzamora', '', 'SRC-02', '57', '57', 'Transcrito', 'Autorizada para difusión', 'Pendiente de validación lingüística');
INSERT INTO senses VALUES ('RD-001328-S01', 'RD-001328', 1, 'Zarzamora');
INSERT INTO lexical_entries VALUES ('RD-001329', 'Misugú', 'Misugú', 'misugu', NULL, '', 'Sin clasificar', '1. s Trampa de piedras 2. vt Estar poniéndole una trampa', '', 'SRC-02', '57', '57', 'Transcrito', 'Autorizada para difusión', 'Pendiente de validación lingüística');
INSERT INTO senses VALUES ('RD-001329-S01', 'RD-001329', 1, 's Trampa de piedras');
INSERT INTO senses VALUES ('RD-001329-S02', 'RD-001329', 2, 'vt Estar poniéndole una trampa');
INSERT INTO lexical_entries VALUES ('RD-001330', 'Misuri', 'Misuri', 'misuri', NULL, 'S', 'S', 'Una trampa de piedras', '', 'SRC-02', '57', '57', 'Transcrito', 'Autorizada para difusión', 'Pendiente de validación lingüística');
INSERT INTO senses VALUES ('RD-001330-S01', 'RD-001330', 1, 'Una trampa de piedras');
INSERT INTO lexical_entries VALUES ('RD-001331', 'Mitá', 'Mitá', 'mita', NULL, 'Vt', 'Vt', 'Ganar (en el juego o carrera9', '', 'SRC-02', '57', '57', 'Transcrito', 'Autorizada para difusión', 'Pendiente de validación lingüística');
INSERT INTO senses VALUES ('RD-001331-S01', 'RD-001331', 1, 'Ganar (en el juego o carrera9');
INSERT INTO lexical_entries VALUES ('RD-001332', 'Mitacha', 'Mitacha', 'mitacha', NULL, 'Vi', 'Vi', 'Aplastarse (cosa grande)', '', 'SRC-02', '57', '57', 'Transcrito', 'Autorizada para difusión', 'Pendiente de validación lingüística');
INSERT INTO senses VALUES ('RD-001332-S01', 'RD-001332', 1, 'Aplastarse (cosa grande)');
INSERT INTO lexical_entries VALUES ('RD-001333', 'Mitáchami', 'Mitáchami', 'mitachami', NULL, 'Adj', 'Adj', 'Aplastado', '', 'SRC-02', '57', '57', 'Transcrito', 'Autorizada para difusión', 'Pendiente de validación lingüística');
INSERT INTO senses VALUES ('RD-001333-S01', 'RD-001333', 1, 'Aplastado');
INSERT INTO lexical_entries VALUES ('RD-001334', 'Mitáchana', 'Mitáchana', 'mitachana', NULL, 'Vt', 'Vt', 'Aplastar', '', 'SRC-02', '57', '57', 'Transcrito', 'Autorizada para difusión', 'Pendiente de validación lingüística');
INSERT INTO senses VALUES ('RD-001334-S01', 'RD-001334', 1, 'Aplastar');
INSERT INTO lexical_entries VALUES ('RD-001335', 'Mité', 'Mité', 'mite', NULL, 'Vt', 'Vt', 'Trozar (con hacha), lo corta', '', 'SRC-02', '57', '57', 'Transcrito', 'Autorizada para difusión', 'Pendiente de validación lingüística');
INSERT INTO senses VALUES ('RD-001335-S01', 'RD-001335', 1, 'Trozar (con hacha), lo corta');
INSERT INTO lexical_entries VALUES ('RD-001336', 'Miteba, muteba', 'Miteba, muteba', 'miteba, muteba', NULL, 'Vi', 'Vi', '1. Falsearse (tobillo) 2. Machucarse (tobillo) 3. Torcerse (tobillo)', '', 'SRC-02', '57', '57', 'Transcrito', 'Autorizada para difusión', 'Pendiente de validación lingüística');
INSERT INTO senses VALUES ('RD-001336-S01', 'RD-001336', 1, 'Falsearse (tobillo)');
INSERT INTO senses VALUES ('RD-001336-S02', 'RD-001336', 2, 'Machucarse (tobillo)');
INSERT INTO senses VALUES ('RD-001336-S03', 'RD-001336', 3, 'Torcerse (tobillo)');
INSERT INTO variants VALUES ('RD-001336-V01', 'RD-001336', 1, 'muteba');
INSERT INTO lexical_entries VALUES ('RD-001337', 'Mitéchaní', 'Mitéchaní', 'mitechani', NULL, 'Vi', 'Vi', 'Hacer ruido (cortando con hacha)', '', 'SRC-02', '57', '57', 'Transcrito', 'Autorizada para difusión', 'Pendiente de validación lingüística');
INSERT INTO senses VALUES ('RD-001337-S01', 'RD-001337', 1, 'Hacer ruido (cortando con hacha)');
INSERT INTO lexical_entries VALUES ('RD-001338', 'Mitó', 'Mitó', 'mito', NULL, 'Vi', 'Vi', '1. Doblarse (la pierna al andar) 2. Descoyuntarse', '', 'SRC-02', '57', '57', 'Transcrito', 'Autorizada para difusión', 'Pendiente de validación lingüística');
INSERT INTO senses VALUES ('RD-001338-S01', 'RD-001338', 1, 'Doblarse (la pierna al andar)');
INSERT INTO senses VALUES ('RD-001338-S02', 'RD-001338', 2, 'Descoyuntarse');
INSERT INTO lexical_entries VALUES ('RD-001339', 'Mitora', 'Mitora', 'mitora', NULL, 'Vi', 'Vi', 'Sentarse (con los pies cruzados)', '', 'SRC-02', '57', '57', 'Transcrito', 'Autorizada para difusión', 'Pendiente de validación lingüística');
INSERT INTO senses VALUES ('RD-001339-S01', 'RD-001339', 1, 'Sentarse (con los pies cruzados)');
INSERT INTO lexical_entries VALUES ('RD-001340', 'Mi’yá', 'Mi’yá', 'mi''ya', NULL, 'Vt', 'Vt', 'Asesinar, matar', '', 'SRC-02', '57', '57', 'Transcrito', 'Autorizada para difusión', 'Pendiente de validación lingüística');
INSERT INTO senses VALUES ('RD-001340-S01', 'RD-001340', 1, 'Asesinar, matar');
INSERT INTO lexical_entries VALUES ('RD-001341', 'Miyétari', 'Miyétari', 'miyetari', NULL, 'S', 'S', 'Madrastra', '', 'SRC-02', '57', '57', 'Transcrito', 'Autorizada para difusión', 'Pendiente de validación lingüística');
INSERT INTO senses VALUES ('RD-001341-S01', 'RD-001341', 1, 'Madrastra');
INSERT INTO lexical_entries VALUES ('RD-001342', '‘Mo', '‘Mo', '''mo', NULL, 'Vi sing', 'Vi', 'Subir', '', 'SRC-02', '57', '57', 'Transcrito', 'Autorizada para difusión', 'Pendiente de validación lingüística');
INSERT INTO senses VALUES ('RD-001342-S01', 'RD-001342', 1, 'Subir');
INSERT INTO lexical_entries VALUES ('RD-001343', 'Moba', 'Moba', 'moba', NULL, 'Adv', 'Adv', 'Sobre, encima', '', 'SRC-02', '57', '57', 'Transcrito', 'Autorizada para difusión', 'Pendiente de validación lingüística');
INSERT INTO senses VALUES ('RD-001343-S01', 'RD-001343', 1, 'Sobre, encima');
INSERT INTO lexical_entries VALUES ('RD-001344', 'Mocá', 'Mocá', 'moca', NULL, 'S', 'S', 'Cuero curtido, vaqueta', '', 'SRC-02', '57', '57', 'Transcrito', 'Autorizada para difusión', 'Pendiente de validación lingüística');
INSERT INTO senses VALUES ('RD-001344-S01', 'RD-001344', 1, 'Cuero curtido, vaqueta');
INSERT INTO lexical_entries VALUES ('RD-001345', 'Mocoyó', 'Mocoyó', 'mocoyo', NULL, 'Vi', 'Vi', 'Ponerse la corona', '', 'SRC-02', '57', '57', 'Transcrito', 'Autorizada para difusión', 'Pendiente de validación lingüística');
INSERT INTO senses VALUES ('RD-001345-S01', 'RD-001345', 1, 'Ponerse la corona');
INSERT INTO lexical_entries VALUES ('RD-001346', 'Mocoyora', 'Mocoyora', 'mocoyora', NULL, 'S', 'S', 'La corona (con plumas que llevan los bailadores matachines y los moros en la fiesta de Semana Santa)', '', 'SRC-02', '57', '57', 'Transcrito', 'Autorizada para difusión', 'Pendiente de validación lingüística');
INSERT INTO senses VALUES ('RD-001346-S01', 'RD-001346', 1, 'La corona (con plumas que llevan los bailadores matachines y los moros en la fiesta de Semana Santa)');
INSERT INTO lexical_entries VALUES ('RD-001347', 'Mocuásari', 'Mocuásari', 'mocuasari', NULL, 'S', 'S', 'Quelite (siembran; comen cocido)', '', 'SRC-02', '57', '57', 'Transcrito', 'Autorizada para difusión', 'Pendiente de validación lingüística');
INSERT INTO senses VALUES ('RD-001347-S01', 'RD-001347', 1, 'Quelite (siembran; comen cocido)');
INSERT INTO lexical_entries VALUES ('RD-001348', 'Mochocuá', 'Mochocuá', 'mochocua', NULL, 'S', 'S', 'Helecho', '', 'SRC-02', '57', '57', 'Transcrito', 'Autorizada para difusión', 'Pendiente de validación lingüística');
INSERT INTO senses VALUES ('RD-001348-S01', 'RD-001348', 1, 'Helecho');
INSERT INTO lexical_entries VALUES ('RD-001349', 'Mochogohua', 'Mochogohua', 'mochogohua', NULL, 'Vi', 'Vi', 'Tener cerebro', '', 'SRC-02', '57', '57', 'Transcrito', 'Autorizada para difusión', 'Pendiente de validación lingüística');
INSERT INTO senses VALUES ('RD-001349-S01', 'RD-001349', 1, 'Tener cerebro');
INSERT INTO lexical_entries VALUES ('RD-001350', 'Mo’huá', 'Mo’huá', 'mo''hua', NULL, 'Vt', 'Vt', 'Poner adentro, encerrar (animales presos)', '', 'SRC-02', '57', '57', 'Transcrito', 'Autorizada para difusión', 'Pendiente de validación lingüística');
INSERT INTO senses VALUES ('RD-001350-S01', 'RD-001350', 1, 'Poner adentro, encerrar (animales presos)');
INSERT INTO lexical_entries VALUES ('RD-001351', 'Mo’hué', 'Mo’hué', 'mo''hue', NULL, 'Vt', 'Vt', '1. Poner (cartucho en el rifle) 2. meterse (el hilo al hacer una cobija)', '', 'SRC-02', '57', '57', 'Transcrito', 'Autorizada para difusión', 'Pendiente de validación lingüística');
INSERT INTO senses VALUES ('RD-001351-S01', 'RD-001351', 1, 'Poner (cartucho en el rifle)');
INSERT INTO senses VALUES ('RD-001351-S02', 'RD-001351', 2, 'meterse (el hilo al hacer una cobija)');
INSERT INTO lexical_entries VALUES ('RD-001352', 'Mo’huera', 'Mo’huera', 'mo''huera', NULL, 'Vt esp', 'Vt', 'Poner, apoyar (la cabeza en algo cuando se acuesta)', '', 'SRC-02', '57', '57', 'Transcrito', 'Autorizada para difusión', 'Pendiente de validación lingüística');
INSERT INTO senses VALUES ('RD-001352-S01', 'RD-001352', 1, 'Poner, apoyar (la cabeza en algo cuando se acuesta)');
INSERT INTO lexical_entries VALUES ('RD-001353', 'Mo’huí', 'Mo’huí', 'mo''hui', NULL, 'Vi pl', 'Vi', 'Entrar', '', 'SRC-02', '58', '58', 'Transcrito', 'Autorizada para difusión', 'Pendiente de validación lingüística');
INSERT INTO senses VALUES ('RD-001353-S01', 'RD-001353', 1, 'Entrar');
INSERT INTO lexical_entries VALUES ('RD-001354', 'Mo’huibi', 'Mo’huibi', 'mo''huibi', NULL, 'Vi pret pl', 'Vi', 'Desaparecerse', '', 'SRC-02', '58', '58', 'Transcrito', 'Autorizada para difusión', 'Pendiente de validación lingüística');
INSERT INTO senses VALUES ('RD-001354-S01', 'RD-001354', 1, 'Desaparecerse');
INSERT INTO lexical_entries VALUES ('RD-001355', 'Mojuá', 'Mojuá', 'mojua', NULL, 'Vi', 'Vi', 'Hacerse pedazos', '', 'SRC-02', '58', '58', 'Transcrito', 'Autorizada para difusión', 'Pendiente de validación lingüística');
INSERT INTO senses VALUES ('RD-001355-S01', 'RD-001355', 1, 'Hacerse pedazos');
INSERT INTO lexical_entries VALUES ('RD-001356', 'Mojuana', 'Mojuana', 'mojuana', NULL, 'Vt', 'Vt', 'Quebrar (en pedazos)', '', 'SRC-02', '58', '58', 'Transcrito', 'Autorizada para difusión', 'Pendiente de validación lingüística');
INSERT INTO senses VALUES ('RD-001356-S01', 'RD-001356', 1, 'Quebrar (en pedazos)');
INSERT INTO lexical_entries VALUES ('RD-001357', 'Mo’né', 'Mo’né', 'mo''ne', NULL, 'S', 'S', 'Yerno', '', 'SRC-02', '58', '58', 'Transcrito', 'Autorizada para difusión', 'Pendiente de validación lingüística');
INSERT INTO senses VALUES ('RD-001357-S01', 'RD-001357', 1, 'Yerno');
INSERT INTO lexical_entries VALUES ('RD-001358', 'Mo’ó', 'Mo’ó', 'mo''o', NULL, 'S', 'S', 'Cabeza', '', 'SRC-02', '58', '58', 'Transcrito', 'Autorizada para difusión', 'Pendiente de validación lingüística');
INSERT INTO senses VALUES ('RD-001358-S01', 'RD-001358', 1, 'Cabeza');
INSERT INTO lexical_entries VALUES ('RD-001359', 'Mo’óchi', 'Mo’óchi', 'mo''ochi', NULL, 'S', 'S', 'Pájaro gris (mediano, anda sobre las paredes en el invierno)', '', 'SRC-02', '58', '58', 'Transcrito', 'Autorizada para difusión', 'Pendiente de validación lingüística');
INSERT INTO senses VALUES ('RD-001359-S01', 'RD-001359', 1, 'Pájaro gris (mediano, anda sobre las paredes en el invierno)');
INSERT INTO lexical_entries VALUES ('RD-001360', 'Mo’ora', 'Mo’ora', 'mo''ora', NULL, 'Vi', 'Vi', 'Menear (cabeza)', '', 'SRC-02', '58', '58', 'Transcrito', 'Autorizada para difusión', 'Pendiente de validación lingüística');
INSERT INTO senses VALUES ('RD-001360-S01', 'RD-001360', 1, 'Menear (cabeza)');
INSERT INTO lexical_entries VALUES ('RD-001361', 'Mo’orépana', 'Mo’orépana', 'mo''orepana', NULL, 'Vt', 'Vt', 'Descabezar', '', 'SRC-02', '58', '58', 'Transcrito', 'Autorizada para difusión', 'Pendiente de validación lingüística');
INSERT INTO senses VALUES ('RD-001361-S01', 'RD-001361', 1, 'Descabezar');
INSERT INTO lexical_entries VALUES ('RD-001362', 'Mo’orí', 'Mo’orí', 'mo''ori', NULL, 'S sing', 'S', 'Nuera', '', 'SRC-02', '58', '58', 'Transcrito', 'Autorizada para difusión', 'Pendiente de validación lingüística');
INSERT INTO senses VALUES ('RD-001362-S01', 'RD-001362', 1, 'Nuera');
INSERT INTO lexical_entries VALUES ('RD-001363', 'Mo’oré', 'Mo’oré', 'mo''ore', NULL, 'Vi', 'Vi', 'Tener nuera', '', 'SRC-02', '58', '58', 'Transcrito', 'Autorizada para difusión', 'Pendiente de validación lingüística');
INSERT INTO senses VALUES ('RD-001363-S01', 'RD-001363', 1, 'Tener nuera');
INSERT INTO lexical_entries VALUES ('RD-001364', 'Moré', 'Moré', 'more', NULL, 'Vi', 'Vi', 'Sahumar', '', 'SRC-02', '58', '58', 'Transcrito', 'Autorizada para difusión', 'Pendiente de validación lingüística');
INSERT INTO senses VALUES ('RD-001364-S01', 'RD-001364', 1, 'Sahumar');
INSERT INTO lexical_entries VALUES ('RD-001365', 'Morí', 'Morí', 'mori', NULL, 'S', 'S', 'Humo', '', 'SRC-02', '58', '58', 'Transcrito', 'Autorizada para difusión', 'Pendiente de validación lingüística');
INSERT INTO senses VALUES ('RD-001365-S01', 'RD-001365', 1, 'Humo');
INSERT INTO lexical_entries VALUES ('RD-001366', 'Morina', 'Morina', 'morina', NULL, 'Vi', 'Vi', 'Subir el humo', '', 'SRC-02', '58', '58', 'Transcrito', 'Autorizada para difusión', 'Pendiente de validación lingüística');
INSERT INTO senses VALUES ('RD-001366-S01', 'RD-001366', 1, 'Subir el humo');
INSERT INTO lexical_entries VALUES ('RD-001367', 'Morisó', 'Morisó', 'moriso', NULL, '', 'Sin clasificar', '1. s Hollín 2. vi Ahumarse', '', 'SRC-02', '58', '58', 'Transcrito', 'Autorizada para difusión', 'Pendiente de validación lingüística');
INSERT INTO senses VALUES ('RD-001367-S01', 'RD-001367', 1, 's Hollín');
INSERT INTO senses VALUES ('RD-001367-S02', 'RD-001367', 2, 'vi Ahumarse');
INSERT INTO lexical_entries VALUES ('RD-001368', 'Morisóbana', 'Morisóbana', 'morisobana', NULL, 'Vi', 'Vi', 'Ponerse negro (de hollín), ahumarse', '', 'SRC-02', '58', '58', 'Transcrito', 'Autorizada para difusión', 'Pendiente de validación lingüística');
INSERT INTO senses VALUES ('RD-001368-S01', 'RD-001368', 1, 'Ponerse negro (de hollín), ahumarse');
INSERT INTO lexical_entries VALUES ('RD-001369', 'Morisota', 'Morisota', 'morisota', NULL, 'Vt', 'Vt', 'Ahumar', '', 'SRC-02', '58', '58', 'Transcrito', 'Autorizada para difusión', 'Pendiente de validación lingüística');
INSERT INTO senses VALUES ('RD-001369-S01', 'RD-001369', 1, 'Ahumar');
INSERT INTO lexical_entries VALUES ('RD-001370', 'Moró', '1Moró', 'moro', '1', 'S esp', 'S', 'Moros (los que llevan coronas con plumas en la Semana Santa)', '', 'SRC-02', '58', '58', 'Transcrito', 'Autorizada para difusión', 'Pendiente de validación lingüística');
INSERT INTO senses VALUES ('RD-001370-S01', 'RD-001370', 1, 'Moros (los que llevan coronas con plumas en la Semana Santa)');
INSERT INTO lexical_entries VALUES ('RD-001371', 'Moró', '2Moró', 'moro', '2', 'Vi', 'Vi', 'Hay humo, hacer humo', '', 'SRC-02', '58', '58', 'Transcrito', 'Autorizada para difusión', 'Pendiente de validación lingüística');
INSERT INTO senses VALUES ('RD-001371-S01', 'RD-001371', 1, 'Hay humo, hacer humo');
INSERT INTO lexical_entries VALUES ('RD-001372', 'Moruhuá', 'Moruhuá', 'moruhua', NULL, 'S', 'S', 'Incienso', '', 'SRC-02', '58', '58', 'Transcrito', 'Autorizada para difusión', 'Pendiente de validación lingüística');
INSERT INTO senses VALUES ('RD-001372-S01', 'RD-001372', 1, 'Incienso');
INSERT INTO lexical_entries VALUES ('RD-001373', 'Mosí', 'Mosí', 'mosi', NULL, 'Vt', 'Vt', 'Desmenuzar (entre las manos)', '', 'SRC-02', '58', '58', 'Transcrito', 'Autorizada para difusión', 'Pendiente de validación lingüística');
INSERT INTO senses VALUES ('RD-001373-S01', 'RD-001373', 1, 'Desmenuzar (entre las manos)');
INSERT INTO lexical_entries VALUES ('RD-001374', 'Mosobé', 'Mosobé', 'mosobe', NULL, 'Vt', 'Vt', '1. Poner almohada (bajo cabeza para dormir) 2. Amarrar yugo', '', 'SRC-02', '58', '58', 'Transcrito', 'Autorizada para difusión', 'Pendiente de validación lingüística');
INSERT INTO senses VALUES ('RD-001374-S01', 'RD-001374', 1, 'Poner almohada (bajo cabeza para dormir)');
INSERT INTO senses VALUES ('RD-001374-S02', 'RD-001374', 2, 'Amarrar yugo');
INSERT INTO lexical_entries VALUES ('RD-001375', 'Mosobera', 'Mosobera', 'mosobera', NULL, 'S', 'S', 'Almohada, yugo', '', 'SRC-02', '58', '58', 'Transcrito', 'Autorizada para difusión', 'Pendiente de validación lingüística');
INSERT INTO senses VALUES ('RD-001375-S01', 'RD-001375', 1, 'Almohada, yugo');
INSERT INTO lexical_entries VALUES ('RD-001376', 'Motaba', 'Motaba', 'motaba', NULL, 'Vi', 'Vi', 'Chocarse', '', 'SRC-02', '58', '58', 'Transcrito', 'Autorizada para difusión', 'Pendiente de validación lingüística');
INSERT INTO senses VALUES ('RD-001376-S01', 'RD-001376', 1, 'Chocarse');
INSERT INTO lexical_entries VALUES ('RD-001377', 'Motosá', 'Motosá', 'motosa', NULL, 'S', 'S', 'Canas', '', 'SRC-02', '58', '58', 'Transcrito', 'Autorizada para difusión', 'Pendiente de validación lingüística');
INSERT INTO senses VALUES ('RD-001377-S01', 'RD-001377', 1, 'Canas');
INSERT INTO lexical_entries VALUES ('RD-001378', 'Motosé', 'Motosé', 'motose', NULL, 'Vi', 'Vi', 'Tener canas', '', 'SRC-02', '58', '58', 'Transcrito', 'Autorizada para difusión', 'Pendiente de validación lingüística');
INSERT INTO senses VALUES ('RD-001378-S01', 'RD-001378', 1, 'Tener canas');
INSERT INTO lexical_entries VALUES ('RD-001379', 'Motosera', 'Motosera', 'motosera', NULL, 'Vi', 'Vi', 'Encanecer', '', 'SRC-02', '58', '58', 'Transcrito', 'Autorizada para difusión', 'Pendiente de validación lingüística');
INSERT INTO senses VALUES ('RD-001379-S01', 'RD-001379', 1, 'Encanecer');
INSERT INTO lexical_entries VALUES ('RD-001380', 'Moyá', 'Moyá', 'moya', NULL, 'Vi', 'Vi', 'Pudrirse (maíz desgranado)', '', 'SRC-02', '58', '58', 'Transcrito', 'Autorizada para difusión', 'Pendiente de validación lingüística');
INSERT INTO senses VALUES ('RD-001380-S01', 'RD-001380', 1, 'Pudrirse (maíz desgranado)');
INSERT INTO lexical_entries VALUES ('RD-001381', 'Moyena', 'Moyena', 'moyena', NULL, 'Vi', 'Vi', 'Ir subiendo', '', 'SRC-02', '58', '58', 'Transcrito', 'Autorizada para difusión', 'Pendiente de validación lingüística');
INSERT INTO senses VALUES ('RD-001381-S01', 'RD-001381', 1, 'Ir subiendo');
INSERT INTO lexical_entries VALUES ('RD-001382', 'Mubú', 'Mubú', 'mubu', NULL, 'Vt', 'Vt', 'Elevar', '', 'SRC-02', '58', '58', 'Transcrito', 'Autorizada para difusión', 'Pendiente de validación lingüística');
INSERT INTO senses VALUES ('RD-001382-S01', 'RD-001382', 1, 'Elevar');
INSERT INTO lexical_entries VALUES ('RD-001383', 'Mucú', 'Mucú', 'mucu', NULL, 'Vi sing', 'Vi', 'Morirse, fallecer', '', 'SRC-02', '58', '58', 'Transcrito', 'Autorizada para difusión', 'Pendiente de validación lingüística');
INSERT INTO senses VALUES ('RD-001383-S01', 'RD-001383', 1, 'Morirse, fallecer');
INSERT INTO lexical_entries VALUES ('RD-001384', 'Mucúami', 'Mucúami', 'mucuami', NULL, 'Adj', 'Adj', 'Muerto, difunto', '', 'SRC-02', '58', '58', 'Transcrito', 'Autorizada para difusión', 'Pendiente de validación lingüística');
INSERT INTO senses VALUES ('RD-001384-S01', 'RD-001384', 1, 'Muerto, difunto');
INSERT INTO lexical_entries VALUES ('RD-001385', 'Múchari', 'Múchari', 'muchari', NULL, 'S', 'S', 'Nene, criatura', '', 'SRC-02', '58', '58', 'Transcrito', 'Autorizada para difusión', 'Pendiente de validación lingüística');
INSERT INTO senses VALUES ('RD-001385-S01', 'RD-001385', 1, 'Nene, criatura');
INSERT INTO lexical_entries VALUES ('RD-001386', 'Muchiba', 'Muchiba', 'muchiba', NULL, 'Vi pl', 'Vi', 'Sentar', '', 'SRC-02', '58', '58', 'Transcrito', 'Autorizada para difusión', 'Pendiente de validación lingüística');
INSERT INTO senses VALUES ('RD-001386-S01', 'RD-001386', 1, 'Sentar');
INSERT INTO lexical_entries VALUES ('RD-001387', 'Muchímari', 'Muchímari', 'muchimari', NULL, 'S', 'S', 'Cuñado menor', '', 'SRC-02', '58', '58', 'Transcrito', 'Autorizada para difusión', 'Pendiente de validación lingüística');
INSERT INTO senses VALUES ('RD-001387-S01', 'RD-001387', 1, 'Cuñado menor');
INSERT INTO lexical_entries VALUES ('RD-001388', 'Muchínara', 'Muchínara', 'muchinara', NULL, 'Vt', 'Vt', 'Hacer sentarse, desear sentarse', '', 'SRC-02', '58', '58', 'Transcrito', 'Autorizada para difusión', 'Pendiente de validación lingüística');
INSERT INTO senses VALUES ('RD-001388-S01', 'RD-001388', 1, 'Hacer sentarse, desear sentarse');
INSERT INTO lexical_entries VALUES ('RD-001389', 'Muchira', 'Muchira', 'muchira', NULL, 'Vi pl', 'Vi', 'Estar sentados', '', 'SRC-02', '58', '58', 'Transcrito', 'Autorizada para difusión', 'Pendiente de validación lingüística');
INSERT INTO senses VALUES ('RD-001389-S01', 'RD-001389', 1, 'Estar sentados');
INSERT INTO lexical_entries VALUES ('RD-001390', 'Muchisa', 'Muchisa', 'muchisa', NULL, 'Vi pl', 'Vi', 'Levantarse (de estar acostados)', '', 'SRC-02', '58', '58', 'Transcrito', 'Autorizada para difusión', 'Pendiente de validación lingüística');
INSERT INTO senses VALUES ('RD-001390-S01', 'RD-001390', 1, 'Levantarse (de estar acostados)');
INSERT INTO lexical_entries VALUES ('RD-001391', 'Muchuhua', 'Muchuhua', 'muchuhua', NULL, 'Vt', 'Vt', '1. Poner (una cosa o persona) 2. Amontonar', '', 'SRC-02', '58', '58', 'Transcrito', 'Autorizada para difusión', 'Pendiente de validación lingüística');
INSERT INTO senses VALUES ('RD-001391-S01', 'RD-001391', 1, 'Poner (una cosa o persona)');
INSERT INTO senses VALUES ('RD-001391-S02', 'RD-001391', 2, 'Amontonar');
INSERT INTO lexical_entries VALUES ('RD-001392', 'Muchúhuachi', 'Muchúhuachi', 'muchuhuachi', NULL, '', 'Sin clasificar', 'Cuando están reunidos', '', 'SRC-02', '59', '59', 'Transcrito', 'Autorizada para difusión', 'Pendiente de validación lingüística');
INSERT INTO senses VALUES ('RD-001392-S01', 'RD-001392', 1, 'Cuando están reunidos');
INSERT INTO lexical_entries VALUES ('RD-001393', 'Muchuhui', 'Muchuhui', 'muchuhui', NULL, 'Vi pl', 'Vi', 'Estar (sentados)', '', 'SRC-02', '59', '59', 'Transcrito', 'Autorizada para difusión', 'Pendiente de validación lingüística');
INSERT INTO senses VALUES ('RD-001393-S01', 'RD-001393', 1, 'Estar (sentados)');
INSERT INTO lexical_entries VALUES ('RD-001394', 'Muguí', 'Muguí', 'mugui', NULL, 'S pl', 'S', 'Mujeres', '', 'SRC-02', '59', '59', 'Transcrito', 'Autorizada para difusión', 'Pendiente de validación lingüística');
INSERT INTO senses VALUES ('RD-001394-S01', 'RD-001394', 1, 'Mujeres');
INSERT INTO lexical_entries VALUES ('RD-001395', 'Mugúsuhua', 'Mugúsuhua', 'mugusuhua', NULL, 'Vi', 'Vi', 'Dar ataques epilépticos', '', 'SRC-02', '59', '59', 'Transcrito', 'Autorizada para difusión', 'Pendiente de validación lingüística');
INSERT INTO senses VALUES ('RD-001395-S01', 'RD-001395', 1, 'Dar ataques epilépticos');
INSERT INTO lexical_entries VALUES ('RD-001396', 'Mugúsuhuami', 'Mugúsuhuami', 'mugusuhuami', NULL, 'Adj', 'Adj', 'Epiléptico', '', 'SRC-02', '59', '59', 'Transcrito', 'Autorizada para difusión', 'Pendiente de validación lingüística');
INSERT INTO senses VALUES ('RD-001396-S01', 'RD-001396', 1, 'Epiléptico');
INSERT INTO lexical_entries VALUES ('RD-001397', 'Muhué', 'Muhué', 'muhue', NULL, 'Vi pl', 'Vi', 'Aumentarse, rendir mucho', '', 'SRC-02', '59', '59', 'Transcrito', 'Autorizada para difusión', 'Pendiente de validación lingüística');
INSERT INTO senses VALUES ('RD-001397-S01', 'RD-001397', 1, 'Aumentarse, rendir mucho');
INSERT INTO lexical_entries VALUES ('RD-001398', 'Muhuéami', 'Muhuéami', 'muhueami', NULL, 'Adj', 'Adj', 'Aumentado', '', 'SRC-02', '59', '59', 'Transcrito', 'Autorizada para difusión', 'Pendiente de validación lingüística');
INSERT INTO senses VALUES ('RD-001398-S01', 'RD-001398', 1, 'Aumentado');
INSERT INTO lexical_entries VALUES ('RD-001399', 'Muhuehua', 'Muhuehua', 'muhuehua', NULL, 'Vt', 'Vt', 'Aumentar', '', 'SRC-02', '59', '59', 'Transcrito', 'Autorizada para difusión', 'Pendiente de validación lingüística');
INSERT INTO senses VALUES ('RD-001399-S01', 'RD-001399', 1, 'Aumentar');
INSERT INTO lexical_entries VALUES ('RD-001400', 'Muhuéhuarami', 'Muhuéhuarami', 'muhuehuarami', NULL, 'Adj', 'Adj', 'Añadido', '', 'SRC-02', '59', '59', 'Transcrito', 'Autorizada para difusión', 'Pendiente de validación lingüística');
INSERT INTO senses VALUES ('RD-001400-S01', 'RD-001400', 1, 'Añadido');
INSERT INTO lexical_entries VALUES ('RD-001401', 'Mujé', 'Mujé', 'muje', NULL, 'Pron', 'Pron', 'Tú, usted', '', 'SRC-02', '59', '59', 'Transcrito', 'Autorizada para difusión', 'Pendiente de validación lingüística');
INSERT INTO senses VALUES ('RD-001401-S01', 'RD-001401', 1, 'Tú, usted');
INSERT INTO lexical_entries VALUES ('RD-001402', 'Mujubú', 'Mujubú', 'mujubu', NULL, 'Vt', 'Vt', 'Tirar flechas o balazos', '', 'SRC-02', '59', '59', 'Transcrito', 'Autorizada para difusión', 'Pendiente de validación lingüística');
INSERT INTO senses VALUES ('RD-001402-S01', 'RD-001402', 1, 'Tirar flechas o balazos');
INSERT INTO lexical_entries VALUES ('RD-001403', 'Muná', 'Muná', 'muna', NULL, 'Vi', 'Vi', 'Subir (de tierra baja)', '', 'SRC-02', '59', '59', 'Transcrito', 'Autorizada para difusión', 'Pendiente de validación lingüística');
INSERT INTO senses VALUES ('RD-001403-S01', 'RD-001403', 1, 'Subir (de tierra baja)');
INSERT INTO lexical_entries VALUES ('RD-001404', 'Muné', 'Muné', 'mune', NULL, 'Vt', 'Vt', 'Sembrar frijol', '', 'SRC-02', '59', '59', 'Transcrito', 'Autorizada para difusión', 'Pendiente de validación lingüística');
INSERT INTO senses VALUES ('RD-001404-S01', 'RD-001404', 1, 'Sembrar frijol');
INSERT INTO lexical_entries VALUES ('RD-001405', 'Muní', 'Muní', 'muni', NULL, 'S', 'S', 'Frijol', '', 'SRC-02', '59', '59', 'Transcrito', 'Autorizada para difusión', 'Pendiente de validación lingüística');
INSERT INTO senses VALUES ('RD-001405-S01', 'RD-001405', 1, 'Frijol');
INSERT INTO lexical_entries VALUES ('RD-001406', 'Muquí', 'Muquí', 'muqui', NULL, 'S sing', 'S', 'Mujer', '', 'SRC-02', '59', '59', 'Transcrito', 'Autorizada para difusión', 'Pendiente de validación lingüística');
INSERT INTO senses VALUES ('RD-001406-S01', 'RD-001406', 1, 'Mujer');
INSERT INTO lexical_entries VALUES ('RD-001407', 'Muquira', 'Muquira', 'muquira', NULL, 'S', 'S', 'Hembra', '', 'SRC-02', '59', '59', 'Transcrito', 'Autorizada para difusión', 'Pendiente de validación lingüística');
INSERT INTO senses VALUES ('RD-001407-S01', 'RD-001407', 1, 'Hembra');
INSERT INTO lexical_entries VALUES ('RD-001408', 'Murá', 'Murá', 'mura', NULL, 'S', 'S', 'Espiga', '', 'SRC-02', '59', '59', 'Transcrito', 'Autorizada para difusión', 'Pendiente de validación lingüística');
INSERT INTO senses VALUES ('RD-001408-S01', 'RD-001408', 1, 'Espiga');
INSERT INTO lexical_entries VALUES ('RD-001409', 'Muré', 'Muré', 'mure', NULL, 'Vi', 'Vi', 'Espigar (la mata de maíz)', '', 'SRC-02', '59', '59', 'Transcrito', 'Autorizada para difusión', 'Pendiente de validación lingüística');
INSERT INTO senses VALUES ('RD-001409-S01', 'RD-001409', 1, 'Espigar (la mata de maíz)');
INSERT INTO lexical_entries VALUES ('RD-001410', 'Muripi', 'Muripi', 'muripi', NULL, 'Adv', 'Adv', 'Cerca', '', 'SRC-02', '59', '59', 'Transcrito', 'Autorizada para difusión', 'Pendiente de validación lingüística');
INSERT INTO senses VALUES ('RD-001410-S01', 'RD-001410', 1, 'Cerca');
INSERT INTO lexical_entries VALUES ('RD-001411', 'Murú', 'Murú', 'muru', NULL, 'Vt', 'Vt', 'Hacer un liacho (reg.)', '', 'SRC-02', '59', '59', 'Transcrito', 'Autorizada para difusión', 'Pendiente de validación lingüística');
INSERT INTO senses VALUES ('RD-001411-S01', 'RD-001411', 1, 'Hacer un liacho (reg.)');
INSERT INTO lexical_entries VALUES ('RD-001412', 'Murubé', 'Murubé', 'murube', NULL, 'Adv', 'Adv', 'Muy cerca', '', 'SRC-02', '59', '59', 'Transcrito', 'Autorizada para difusión', 'Pendiente de validación lingüística');
INSERT INTO senses VALUES ('RD-001412-S01', 'RD-001412', 1, 'Muy cerca');
INSERT INTO lexical_entries VALUES ('RD-001413', 'Murubé bitéami', 'Murubé bitéami', 'murube biteami', NULL, 'S', 'S', 'Prójimo, vecino', '', 'SRC-02', '59', '59', 'Transcrito', 'Autorizada para difusión', 'Pendiente de validación lingüística');
INSERT INTO senses VALUES ('RD-001413-S01', 'RD-001413', 1, 'Prójimo, vecino');
INSERT INTO lexical_entries VALUES ('RD-001414', 'Murubéana', 'Murubéana', 'murubeana', NULL, 'Vi', 'Vi', 'Acercarse, arrimarse', '', 'SRC-02', '59', '59', 'Transcrito', 'Autorizada para difusión', 'Pendiente de validación lingüística');
INSERT INTO senses VALUES ('RD-001414-S01', 'RD-001414', 1, 'Acercarse, arrimarse');
INSERT INTO lexical_entries VALUES ('RD-001415', 'Murubéanta', 'Murubéanta', 'murubeanta', NULL, 'Vt', 'Vt', 'Poner cerca', '', 'SRC-02', '59', '59', 'Transcrito', 'Autorizada para difusión', 'Pendiente de validación lingüística');
INSERT INTO senses VALUES ('RD-001415-S01', 'RD-001415', 1, 'Poner cerca');
INSERT INTO lexical_entries VALUES ('RD-001416', 'Murubehua', 'Murubehua', 'murubehua', NULL, 'Vt', 'Vt', 'Arrimar, acercar', '', 'SRC-02', '59', '59', 'Transcrito', 'Autorizada para difusión', 'Pendiente de validación lingüística');
INSERT INTO senses VALUES ('RD-001416-S01', 'RD-001416', 1, 'Arrimar, acercar');
INSERT INTO lexical_entries VALUES ('RD-001417', 'Muruca', 'Muruca', 'muruca', NULL, 'S', 'S', 'Liacho (reg.), lío (una carga amarrada)', '', 'SRC-02', '59', '59', 'Transcrito', 'Autorizada para difusión', 'Pendiente de validación lingüística');
INSERT INTO senses VALUES ('RD-001417-S01', 'RD-001417', 1, 'Liacho (reg.), lío (una carga amarrada)');
INSERT INTO lexical_entries VALUES ('RD-001418', 'Muruchi', 'Muruchi', 'muruchi', NULL, 'S', 'S', 'Chivato, cría de chivas', '', 'SRC-02', '59', '59', 'Transcrito', 'Autorizada para difusión', 'Pendiente de validación lingüística');
INSERT INTO senses VALUES ('RD-001418-S01', 'RD-001418', 1, 'Chivato, cría de chivas');
INSERT INTO lexical_entries VALUES ('RD-001419', 'Muruta', 'Muruta', 'muruta', NULL, 'Vi', 'Vi', 'Llevar una carga (en animales)', '', 'SRC-02', '59', '59', 'Transcrito', 'Autorizada para difusión', 'Pendiente de validación lingüística');
INSERT INTO senses VALUES ('RD-001419-S01', 'RD-001419', 1, 'Llevar una carga (en animales)');
INSERT INTO lexical_entries VALUES ('RD-001420', 'Musí', 'Musí', 'musi', NULL, 'S', 'S', 'Tipo de pez negro, bargón', '', 'SRC-02', '59', '59', 'Transcrito', 'Autorizada para difusión', 'Pendiente de validación lingüística');
INSERT INTO senses VALUES ('RD-001420-S01', 'RD-001420', 1, 'Tipo de pez negro, bargón');
INSERT INTO lexical_entries VALUES ('RD-001421', 'Muté', 'Muté', 'mute', NULL, 'Vi', 'Vi', 'Aplastarse', '', 'SRC-02', '59', '59', 'Transcrito', 'Autorizada para difusión', 'Pendiente de validación lingüística');
INSERT INTO senses VALUES ('RD-001421-S01', 'RD-001421', 1, 'Aplastarse');
INSERT INTO lexical_entries VALUES ('RD-001422', 'Muteba', 'Muteba', 'muteba', NULL, '', 'Sin clasificar', 'Falsearse, machucarse, torcerse (el tobillo)', '', 'SRC-02', '59', '59', 'Transcrito', 'Autorizada para difusión', 'Pendiente de validación lingüística');
INSERT INTO senses VALUES ('RD-001422-S01', 'RD-001422', 1, 'Falsearse, machucarse, torcerse (el tobillo)');
INSERT INTO lexical_entries VALUES ('RD-001423', 'Mutébari', 'Mutébari', 'mutebari', NULL, '', 'Sin clasificar', '1. s El gusano (del elote) 2. vi Agusanarse', '', 'SRC-02', '59', '59', 'Transcrito', 'Autorizada para difusión', 'Pendiente de validación lingüística');
INSERT INTO senses VALUES ('RD-001423-S01', 'RD-001423', 1, 's El gusano (del elote)');
INSERT INTO senses VALUES ('RD-001423-S02', 'RD-001423', 2, 'vi Agusanarse');
INSERT INTO lexical_entries VALUES ('RD-001424', 'Muteta', 'Muteta', 'muteta', NULL, 'Vt', 'Vt', 'Aplastar', '', 'SRC-02', '59', '59', 'Transcrito', 'Autorizada para difusión', 'Pendiente de validación lingüística');
INSERT INTO senses VALUES ('RD-001424-S01', 'RD-001424', 1, 'Aplastar');
INSERT INTO lexical_entries VALUES ('RD-001425', 'Mutú', 'Mutú', 'mutu', NULL, 'Vt', 'Vt', 'Levantar (com los brazos)', '', 'SRC-02', '59', '59', 'Transcrito', 'Autorizada para difusión', 'Pendiente de validación lingüística');
INSERT INTO senses VALUES ('RD-001425-S01', 'RD-001425', 1, 'Levantar (com los brazos)');
INSERT INTO lexical_entries VALUES ('RD-001426', 'Mututa', 'Mututa', 'mututa', NULL, 'Vt', 'Vt', 'Llevar (en los brazos)', '', 'SRC-02', '59', '59', 'Transcrito', 'Autorizada para difusión', 'Pendiente de validación lingüística');
INSERT INTO senses VALUES ('RD-001426-S01', 'RD-001426', 1, 'Llevar (en los brazos)');
INSERT INTO lexical_entries VALUES ('RD-001427', 'Muyá', 'Muyá', 'muya', NULL, 'Vi', 'Vi', 'Pudrirse (maíz, trapo mojado, cosa enterrada, madera)', '', 'SRC-02', '59', '59', 'Transcrito', 'Autorizada para difusión', 'Pendiente de validación lingüística');
INSERT INTO senses VALUES ('RD-001427-S01', 'RD-001427', 1, 'Pudrirse (maíz, trapo mojado, cosa enterrada, madera)');
INSERT INTO lexical_entries VALUES ('RD-001428', 'Na, nari', 'Na, nari', 'na, nari', NULL, 'Pron', 'Pron', 'Éste, ésta', '', 'SRC-02', '59', '59', 'Transcrito', 'Autorizada para difusión', 'Pendiente de validación lingüística');
INSERT INTO senses VALUES ('RD-001428-S01', 'RD-001428', 1, 'Éste, ésta');
INSERT INTO variants VALUES ('RD-001428-V01', 'RD-001428', 1, 'nari');
INSERT INTO lexical_entries VALUES ('RD-001429', 'Na’á', 'Na’á', 'na''a', NULL, 'Vt', 'Vt', '1. Hacer lumbre 2. Quemar', '', 'SRC-02', '59', '59', 'Transcrito', 'Autorizada para difusión', 'Pendiente de validación lingüística');
INSERT INTO senses VALUES ('RD-001429-S01', 'RD-001429', 1, 'Hacer lumbre');
INSERT INTO senses VALUES ('RD-001429-S02', 'RD-001429', 2, 'Quemar');
INSERT INTO lexical_entries VALUES ('RD-001430', 'Na’ahua', 'Na’ahua', 'na''ahua', NULL, 'Vi pl', 'Vi', 'Enojarse, reñir', '', 'SRC-02', '59', '59', 'Transcrito', 'Autorizada para difusión', 'Pendiente de validación lingüística');
INSERT INTO senses VALUES ('RD-001430-S01', 'RD-001430', 1, 'Enojarse, reñir');
INSERT INTO lexical_entries VALUES ('RD-001431', 'Na’áhuata', 'Na’áhuata', 'na''ahuata', NULL, 'Vt', 'Vt', 'Hacer enojar, alborotar', '', 'SRC-02', '59', '59', 'Transcrito', 'Autorizada para difusión', 'Pendiente de validación lingüística');
INSERT INTO senses VALUES ('RD-001431-S01', 'RD-001431', 1, 'Hacer enojar, alborotar');
INSERT INTO lexical_entries VALUES ('RD-001432', 'Náapa', 'Náapa', 'naapa', NULL, 'Vt', 'Vt', 'Alcanzar', '', 'SRC-02', '59', '59', 'Transcrito', 'Autorizada para difusión', 'Pendiente de validación lingüística');
INSERT INTO senses VALUES ('RD-001432-S01', 'RD-001432', 1, 'Alcanzar');
INSERT INTO lexical_entries VALUES ('RD-001433', 'Na’árami', 'Na’árami', 'na''arami', NULL, 'Adj', 'Adj', 'Quemado', '', 'SRC-02', '59', '59', 'Transcrito', 'Autorizada para difusión', 'Pendiente de validación lingüística');
INSERT INTO senses VALUES ('RD-001433-S01', 'RD-001433', 1, 'Quemado');
INSERT INTO lexical_entries VALUES ('RD-001434', 'Náari', 'Náari', 'naari', NULL, '', 'Sin clasificar', 'Mandó (llevar alguna cosa)', '', 'SRC-02', '59', '59', 'Transcrito', 'Autorizada para difusión', 'Pendiente de validación lingüística');
INSERT INTO senses VALUES ('RD-001434-S01', 'RD-001434', 1, 'Mandó (llevar alguna cosa)');
INSERT INTO lexical_entries VALUES ('RD-001435', 'Náata', 'Náata', 'naata', NULL, 'Vt pl', 'Vt', 'Seguir', '', 'SRC-02', '60', '60', 'Transcrito', 'Autorizada para difusión', 'Pendiente de validación lingüística');
INSERT INTO senses VALUES ('RD-001435-S01', 'RD-001435', 1, 'Seguir');
INSERT INTO lexical_entries VALUES ('RD-001436', '‘Nabé', '‘Nabé', '''nabe', NULL, 'Adv', 'Adv', 'Poco más allá', '', 'SRC-02', '60', '60', 'Transcrito', 'Autorizada para difusión', 'Pendiente de validación lingüística');
INSERT INTO senses VALUES ('RD-001436-S01', 'RD-001436', 1, 'Poco más allá');
INSERT INTO lexical_entries VALUES ('RD-001437', '‘Naca', '‘Naca', '''naca', NULL, 'Adv', 'Adv', 'De lejos, de un lado', '', 'SRC-02', '60', '60', 'Transcrito', 'Autorizada para difusión', 'Pendiente de validación lingüística');
INSERT INTO senses VALUES ('RD-001437-S01', 'RD-001437', 1, 'De lejos, de un lado');
INSERT INTO lexical_entries VALUES ('RD-001438', 'Nacá', 'Nacá', 'naca', NULL, 'S', 'S', 'Oreja, oído', '', 'SRC-02', '60', '60', 'Transcrito', 'Autorizada para difusión', 'Pendiente de validación lingüística');
INSERT INTO senses VALUES ('RD-001438-S01', 'RD-001438', 1, 'Oreja, oído');
INSERT INTO lexical_entries VALUES ('RD-001439', 'Nacapari', 'Nacapari', 'nacapari', NULL, 'S', 'S', 'Mecapal', '', 'SRC-02', '60', '60', 'Transcrito', 'Autorizada para difusión', 'Pendiente de validación lingüística');
INSERT INTO senses VALUES ('RD-001439-S01', 'RD-001439', 1, 'Mecapal');
INSERT INTO lexical_entries VALUES ('RD-001440', 'Nacara', 'Nacara', 'nacara', NULL, 'S', 'S', '1. Oreja de alguien 2. Borlas de las cobijas', '', 'SRC-02', '60', '60', 'Transcrito', 'Autorizada para difusión', 'Pendiente de validación lingüística');
INSERT INTO senses VALUES ('RD-001440-S01', 'RD-001440', 1, 'Oreja de alguien');
INSERT INTO senses VALUES ('RD-001440-S02', 'RD-001440', 2, 'Borlas de las cobijas');
INSERT INTO lexical_entries VALUES ('RD-001441', 'Nacaréhua', 'Nacaréhua', 'nacarehua', NULL, 'Vi pl', 'Vi', 'Ponerse de acuerdo', '', 'SRC-02', '60', '60', 'Transcrito', 'Autorizada para difusión', 'Pendiente de validación lingüística');
INSERT INTO senses VALUES ('RD-001441-S01', 'RD-001441', 1, 'Ponerse de acuerdo');
INSERT INTO lexical_entries VALUES ('RD-001442', 'Nacarópari', 'Nacarópari', 'nacaropari', NULL, 'S', 'S', 'Mariposa', '', 'SRC-02', '60', '60', 'Transcrito', 'Autorizada para difusión', 'Pendiente de validación lingüística');
INSERT INTO senses VALUES ('RD-001442-S01', 'RD-001442', 1, 'Mariposa');
INSERT INTO lexical_entries VALUES ('RD-001443', 'Nacátara', 'Nacátara', 'nacatara', NULL, 'Vi', 'Vi', 'Hacer mucho ruido', '', 'SRC-02', '60', '60', 'Transcrito', 'Autorizada para difusión', 'Pendiente de validación lingüística');
INSERT INTO senses VALUES ('RD-001443-S01', 'RD-001443', 1, 'Hacer mucho ruido');
INSERT INTO lexical_entries VALUES ('RD-001444', 'Nacóhuami', 'Nacóhuami', 'nacohuami', NULL, 'S', 'S', 'Homicida', '', 'SRC-02', '60', '60', 'Transcrito', 'Autorizada para difusión', 'Pendiente de validación lingüística');
INSERT INTO senses VALUES ('RD-001444-S01', 'RD-001444', 1, 'Homicida');
INSERT INTO lexical_entries VALUES ('RD-001445', 'Nacóo', 'Nacóo', 'nacoo', NULL, 'Vi pl', 'Vi', 'Pelear', '', 'SRC-02', '60', '60', 'Transcrito', 'Autorizada para difusión', 'Pendiente de validación lingüística');
INSERT INTO senses VALUES ('RD-001445-S01', 'RD-001445', 1, 'Pelear');
INSERT INTO lexical_entries VALUES ('RD-001446', 'Nacórata', 'Nacórata', 'nacorata', NULL, 'Vt', 'Vt', 'Enchuecar', '', 'SRC-02', '60', '60', 'Transcrito', 'Autorizada para difusión', 'Pendiente de validación lingüística');
INSERT INTO senses VALUES ('RD-001446-S01', 'RD-001446', 1, 'Enchuecar');
INSERT INTO lexical_entries VALUES ('RD-001447', 'Nacú', '1Nacú', 'nacu', '1', 'Vi', 'Vi', 'Maullar (el gatito)', '', 'SRC-02', '60', '60', 'Transcrito', 'Autorizada para difusión', 'Pendiente de validación lingüística');
INSERT INTO senses VALUES ('RD-001447-S01', 'RD-001447', 1, 'Maullar (el gatito)');
INSERT INTO lexical_entries VALUES ('RD-001448', 'Nacú', '2Nacú', 'nacu', '2', 'Vi', 'Vi', 'Borrar, tapar la huella', '', 'SRC-02', '60', '60', 'Transcrito', 'Autorizada para difusión', 'Pendiente de validación lingüística');
INSERT INTO senses VALUES ('RD-001448-S01', 'RD-001448', 1, 'Borrar, tapar la huella');
INSERT INTO lexical_entries VALUES ('RD-001449', 'Nacuba', 'Nacuba', 'nacuba', NULL, 'Vt', 'Vt', 'Borrar', '', 'SRC-02', '60', '60', 'Transcrito', 'Autorizada para difusión', 'Pendiente de validación lingüística');
INSERT INTO senses VALUES ('RD-001449-S01', 'RD-001449', 1, 'Borrar');
INSERT INTO lexical_entries VALUES ('RD-001450', 'Nacurihua', 'Nacurihua', 'nacurihua', NULL, 'Vt', 'Vt', 'Cambiar', '', 'SRC-02', '60', '60', 'Transcrito', 'Autorizada para difusión', 'Pendiente de validación lingüística');
INSERT INTO senses VALUES ('RD-001450-S01', 'RD-001450', 1, 'Cambiar');
INSERT INTO lexical_entries VALUES ('RD-001451', 'Nacúríhua', 'Nacúríhua', 'nacurihua', NULL, 'Vt', 'Vt', 'Transformar', '', 'SRC-02', '60', '60', 'Transcrito', 'Autorizada para difusión', 'Pendiente de validación lingüística');
INSERT INTO senses VALUES ('RD-001451-S01', 'RD-001451', 1, 'Transformar');
INSERT INTO lexical_entries VALUES ('RD-001452', 'Nachigó', 'Nachigó', 'nachigo', NULL, 'Vi', 'Vi', 'Amarrar, anudar', '', 'SRC-02', '60', '60', 'Transcrito', 'Autorizada para difusión', 'Pendiente de validación lingüística');
INSERT INTO senses VALUES ('RD-001452-S01', 'RD-001452', 1, 'Amarrar, anudar');
INSERT INTO lexical_entries VALUES ('RD-001453', 'Nachihuí', 'Nachihuí', 'nachihui', NULL, 'Vt', 'Vt', 'Alcanzar', '', 'SRC-02', '60', '60', 'Transcrito', 'Autorizada para difusión', 'Pendiente de validación lingüística');
INSERT INTO senses VALUES ('RD-001453-S01', 'RD-001453', 1, 'Alcanzar');
INSERT INTO lexical_entries VALUES ('RD-001454', 'Nachú', 'Nachú', 'nachu', NULL, 'Vi pl', 'Vi', 'Pegarse, contagiarse', '', 'SRC-02', '60', '60', 'Transcrito', 'Autorizada para difusión', 'Pendiente de validación lingüística');
INSERT INTO senses VALUES ('RD-001454-S01', 'RD-001454', 1, 'Pegarse, contagiarse');
INSERT INTO lexical_entries VALUES ('RD-001455', 'Nachucha', 'Nachucha', 'nachucha', NULL, 'Vt pl', 'Vt', 'Poner juntos', '', 'SRC-02', '60', '60', 'Transcrito', 'Autorizada para difusión', 'Pendiente de validación lingüística');
INSERT INTO senses VALUES ('RD-001455-S01', 'RD-001455', 1, 'Poner juntos');
INSERT INTO lexical_entries VALUES ('RD-001456', 'Nachuhua', 'Nachuhua', 'nachuhua', NULL, 'Vt', 'Vt', 'Atizar los tizones (a la lumbre)', '', 'SRC-02', '60', '60', 'Transcrito', 'Autorizada para difusión', 'Pendiente de validación lingüística');
INSERT INTO senses VALUES ('RD-001456-S01', 'RD-001456', 1, 'Atizar los tizones (a la lumbre)');
INSERT INTO lexical_entries VALUES ('RD-001457', 'Nachupa', 'Nachupa', 'nachupa', NULL, 'Vt pl', 'Vt', 'Conectar', '', 'SRC-02', '60', '60', 'Transcrito', 'Autorizada para difusión', 'Pendiente de validación lingüística');
INSERT INTO senses VALUES ('RD-001457-S01', 'RD-001457', 1, 'Conectar');
INSERT INTO lexical_entries VALUES ('RD-001458', 'Nachuta', 'Nachuta', 'nachuta', NULL, 'Vt', 'Vt', 'Repartir, distribuir', '', 'SRC-02', '60', '60', 'Transcrito', 'Autorizada para difusión', 'Pendiente de validación lingüística');
INSERT INTO senses VALUES ('RD-001458-S01', 'RD-001458', 1, 'Repartir, distribuir');
INSERT INTO lexical_entries VALUES ('RD-001459', 'Na’é', 'Na’é', 'na''e', NULL, 'Vt', 'Vt', '1. Prender la lumbre, atizar 2. Quemar pelo (cuando le ponen nombre queman unos pelos del niño)', '', 'SRC-02', '60', '60', 'Transcrito', 'Autorizada para difusión', 'Pendiente de validación lingüística');
INSERT INTO senses VALUES ('RD-001459-S01', 'RD-001459', 1, 'Prender la lumbre, atizar');
INSERT INTO senses VALUES ('RD-001459-S02', 'RD-001459', 2, 'Quemar pelo (cuando le ponen nombre queman unos pelos del niño)');
INSERT INTO lexical_entries VALUES ('RD-001460', 'Na’érami', 'Na’érami', 'na''erami', NULL, 'Adj', 'Adj', 'Prendido', '', 'SRC-02', '60', '60', 'Transcrito', 'Autorizada para difusión', 'Pendiente de validación lingüística');
INSERT INTO senses VALUES ('RD-001460-S01', 'RD-001460', 1, 'Prendido');
INSERT INTO lexical_entries VALUES ('RD-001461', '‘Nagá', '‘Nagá', '''naga', NULL, '', 'Sin clasificar', 'Mirando', '', 'SRC-02', '60', '60', 'Transcrito', 'Autorizada para difusión', 'Pendiente de validación lingüística');
INSERT INTO senses VALUES ('RD-001461-S01', 'RD-001461', 1, 'Mirando');
INSERT INTO lexical_entries VALUES ('RD-001462', 'Nahuá', '1Nahuá', 'nahua', '1', 'Vi sing', 'Vi', 'Llegar', '', 'SRC-02', '60', '60', 'Transcrito', 'Autorizada para difusión', 'Pendiente de validación lingüística');
INSERT INTO senses VALUES ('RD-001462-S01', 'RD-001462', 1, 'Llegar');
INSERT INTO lexical_entries VALUES ('RD-001463', 'Nahuá', '2Nahuá', 'nahua', '2', 'S', 'S', 'Raíz', '', 'SRC-02', '60', '60', 'Transcrito', 'Autorizada para difusión', 'Pendiente de validación lingüística');
INSERT INTO senses VALUES ('RD-001463-S01', 'RD-001463', 1, 'Raíz');
INSERT INTO lexical_entries VALUES ('RD-001464', 'Nahuají', 'Nahuají', 'nahuaji', NULL, 'Vi', 'Vi', 'Cantar, entonar himnos', '', 'SRC-02', '60', '60', 'Transcrito', 'Autorizada para difusión', 'Pendiente de validación lingüística');
INSERT INTO senses VALUES ('RD-001464-S01', 'RD-001464', 1, 'Cantar, entonar himnos');
INSERT INTO lexical_entries VALUES ('RD-001465', 'Nahuará', 'Nahuará', 'nahuara', NULL, 'Vi', 'Vi', 'Enraizaar', '', 'SRC-02', '60', '60', 'Transcrito', 'Autorizada para difusión', 'Pendiente de validación lingüística');
INSERT INTO senses VALUES ('RD-001465-S01', 'RD-001465', 1, 'Enraizaar');
INSERT INTO lexical_entries VALUES ('RD-001466', 'Nahuara', 'Nahuara', 'nahuara', NULL, 'Vt', 'Vt', 'Dar a luz, parir', '', 'SRC-02', '60', '60', 'Transcrito', 'Autorizada para difusión', 'Pendiente de validación lingüística');
INSERT INTO senses VALUES ('RD-001466-S01', 'RD-001466', 1, 'Dar a luz, parir');
INSERT INTO lexical_entries VALUES ('RD-001467', 'Nahué', 'Nahué', 'nahue', NULL, 'Vi', 'Vi', 'Tener raíz', '', 'SRC-02', '60', '60', 'Transcrito', 'Autorizada para difusión', 'Pendiente de validación lingüística');
INSERT INTO senses VALUES ('RD-001467-S01', 'RD-001467', 1, 'Tener raíz');
INSERT INTO lexical_entries VALUES ('RD-001468', 'Nahuena', 'Nahuena', 'nahuena', NULL, 'Prep', 'Prep', 'Entre los dos', '', 'SRC-02', '60', '60', 'Transcrito', 'Autorizada para difusión', 'Pendiente de validación lingüística');
INSERT INTO senses VALUES ('RD-001468-S01', 'RD-001468', 1, 'Entre los dos');
INSERT INTO lexical_entries VALUES ('RD-001469', 'Nahuesa', 'Nahuesa', 'nahuesa', NULL, 'Vt', 'Vt', 'Avisar, predicar', '', 'SRC-02', '60', '60', 'Transcrito', 'Autorizada para difusión', 'Pendiente de validación lingüística');
INSERT INTO senses VALUES ('RD-001469-S01', 'RD-001469', 1, 'Avisar, predicar');
INSERT INTO lexical_entries VALUES ('RD-001470', 'Nahuíi', 'Nahuíi', 'nahuii', NULL, 'Vi', 'Vi', 'Acercarse', '', 'SRC-02', '60', '60', 'Transcrito', 'Autorizada para difusión', 'Pendiente de validación lingüística');
INSERT INTO senses VALUES ('RD-001470-S01', 'RD-001470', 1, 'Acercarse');
INSERT INTO lexical_entries VALUES ('RD-001471', 'Nahuisa', 'Nahuisa', 'nahuisa', NULL, 'Vi', 'Vi', 'Hablar en público, predicar', '', 'SRC-02', '60', '60', 'Transcrito', 'Autorizada para difusión', 'Pendiente de validación lingüística');
INSERT INTO senses VALUES ('RD-001471-S01', 'RD-001471', 1, 'Hablar en público, predicar');
INSERT INTO lexical_entries VALUES ('RD-001472', 'Nahuisura', 'Nahuisura', 'nahuisura', NULL, 'Vi pl', 'Vi', 'Formar fila', '', 'SRC-02', '60', '60', 'Transcrito', 'Autorizada para difusión', 'Pendiente de validación lingüística');
INSERT INTO senses VALUES ('RD-001472-S01', 'RD-001472', 1, 'Formar fila');
INSERT INTO lexical_entries VALUES ('RD-001473', 'Nahuó', 'Nahuó', 'nahuo', NULL, 'Adj', 'Adj', 'Cuatro', '', 'SRC-02', '60', '60', 'Transcrito', 'Autorizada para difusión', 'Pendiente de validación lingüística');
INSERT INTO senses VALUES ('RD-001473-S01', 'RD-001473', 1, 'Cuatro');
INSERT INTO lexical_entries VALUES ('RD-001474', 'Nahuosa', 'Nahuosa', 'nahuosa', NULL, '', 'Sin clasificar', 'Cuarto, cuarta', '', 'SRC-02', '60', '60', 'Transcrito', 'Autorizada para difusión', 'Pendiente de validación lingüística');
INSERT INTO senses VALUES ('RD-001474-S01', 'RD-001474', 1, 'Cuarto, cuarta');
INSERT INTO lexical_entries VALUES ('RD-001475', 'Na’í, naíbi', '1Na’í, naíbi', 'na''i, naibi', '1', 'Adj', 'Adj', 'Aquí', '', 'SRC-02', '60', '60', 'Transcrito', 'Autorizada para difusión', 'Pendiente de validación lingüística');
INSERT INTO senses VALUES ('RD-001475-S01', 'RD-001475', 1, 'Aquí');
INSERT INTO variants VALUES ('RD-001475-V01', 'RD-001475', 1, 'naíbi');
INSERT INTO lexical_entries VALUES ('RD-001476', 'Na’í', '2Na’í', 'na''i', '2', 'S', 'S', 'Lumbre', '', 'SRC-02', '60', '60', 'Transcrito', 'Autorizada para difusión', 'Pendiente de validación lingüística');
INSERT INTO senses VALUES ('RD-001476-S01', 'RD-001476', 1, 'Lumbre');
INSERT INTO lexical_entries VALUES ('RD-001477', 'Najarapa', 'Najarapa', 'najarapa', NULL, 'Vi pl', 'Vi', 'Estar luchando', '', 'SRC-02', '60', '60', 'Transcrito', 'Autorizada para difusión', 'Pendiente de validación lingüística');
INSERT INTO senses VALUES ('RD-001477-S01', 'RD-001477', 1, 'Estar luchando');
INSERT INTO lexical_entries VALUES ('RD-001478', 'Najarápami', 'Najarápami', 'najarapami', NULL, 'S', 'S', 'Luchador, abusador (de mujeres)', '', 'SRC-02', '61', '61', 'Transcrito', 'Autorizada para difusión', 'Pendiente de validación lingüística');
INSERT INTO senses VALUES ('RD-001478-S01', 'RD-001478', 1, 'Luchador, abusador (de mujeres)');
INSERT INTO lexical_entries VALUES ('RD-001479', 'Najata', 'Najata', 'najata', NULL, 'Vt sing', 'Vt', 'Seguir', '', 'SRC-02', '61', '61', 'Transcrito', 'Autorizada para difusión', 'Pendiente de validación lingüística');
INSERT INTO senses VALUES ('RD-001479-S01', 'RD-001479', 1, 'Seguir');
INSERT INTO lexical_entries VALUES ('RD-001480', 'Najirema', 'Najirema', 'najirema', NULL, 'Vi pl', 'Vi', 'Ser hermanos', '', 'SRC-02', '61', '61', 'Transcrito', 'Autorizada para difusión', 'Pendiente de validación lingüística');
INSERT INTO senses VALUES ('RD-001480-S01', 'RD-001480', 1, 'Ser hermanos');
INSERT INTO lexical_entries VALUES ('RD-001481', 'Najirémami', 'Najirémami', 'najiremami', NULL, 'S', 'S', 'Hermanos, primos hermanos', '', 'SRC-02', '61', '61', 'Transcrito', 'Autorizada para difusión', 'Pendiente de validación lingüística');
INSERT INTO senses VALUES ('RD-001481-S01', 'RD-001481', 1, 'Hermanos, primos hermanos');
INSERT INTO lexical_entries VALUES ('RD-001482', 'Najita', 'Najita', 'najita', NULL, 'Vi', 'Vi', 'Metamorfosear', '', 'SRC-02', '61', '61', 'Transcrito', 'Autorizada para difusión', 'Pendiente de validación lingüística');
INSERT INTO senses VALUES ('RD-001482-S01', 'RD-001482', 1, 'Metamorfosear');
INSERT INTO lexical_entries VALUES ('RD-001483', 'Najuí', 'Najuí', 'najui', NULL, 'Vi pl', 'Vi', 'Caerse (muchas cosas, una trinchera)', '', 'SRC-02', '61', '61', 'Transcrito', 'Autorizada para difusión', 'Pendiente de validación lingüística');
INSERT INTO senses VALUES ('RD-001483-S01', 'RD-001483', 1, 'Caerse (muchas cosas, una trinchera)');
INSERT INTO lexical_entries VALUES ('RD-001484', 'Najiuina', 'Najiuina', 'najiuina', NULL, 'Vt', 'Vt', 'Tumbar', '', 'SRC-02', '61', '61', 'Transcrito', 'Autorizada para difusión', 'Pendiente de validación lingüística');
INSERT INTO senses VALUES ('RD-001484-S01', 'RD-001484', 1, 'Tumbar');
INSERT INTO lexical_entries VALUES ('RD-001485', 'Na’mí', 'Na’mí', 'na''mi', NULL, 'Vi', 'Vi', 'Caerse (un pino, un poste)', '', 'SRC-02', '61', '61', 'Transcrito', 'Autorizada para difusión', 'Pendiente de validación lingüística');
INSERT INTO senses VALUES ('RD-001485-S01', 'RD-001485', 1, 'Caerse (un pino, un poste)');
INSERT INTO lexical_entries VALUES ('RD-001486', 'Nami', 'Nami', 'nami', NULL, 'Vi', 'Vi', '1. Oír 2. Entender bien', '', 'SRC-02', '61', '61', 'Transcrito', 'Autorizada para difusión', 'Pendiente de validación lingüística');
INSERT INTO senses VALUES ('RD-001486-S01', 'RD-001486', 1, 'Oír');
INSERT INTO senses VALUES ('RD-001486-S02', 'RD-001486', 2, 'Entender bien');
INSERT INTO lexical_entries VALUES ('RD-001487', 'Na’mina', 'Na’mina', 'na''mina', NULL, 'Vt', 'Vt', 'Tumbar (un pino)', '', 'SRC-02', '61', '61', 'Transcrito', 'Autorizada para difusión', 'Pendiente de validación lingüística');
INSERT INTO senses VALUES ('RD-001487-S01', 'RD-001487', 1, 'Tumbar (un pino)');
INSERT INTO lexical_entries VALUES ('RD-001488', 'Namuti', 'Namuti', 'namuti', NULL, 'S', 'S', 'Cosa, animal', '', 'SRC-02', '61', '61', 'Transcrito', 'Autorizada para difusión', 'Pendiente de validación lingüística');
INSERT INTO senses VALUES ('RD-001488-S01', 'RD-001488', 1, 'Cosa, animal');
INSERT INTO lexical_entries VALUES ('RD-001489', 'Nané', 'Nané', 'nane', NULL, 'Vi', 'Vi', 'Sonar mucho', '', 'SRC-02', '61', '61', 'Transcrito', 'Autorizada para difusión', 'Pendiente de validación lingüística');
INSERT INTO senses VALUES ('RD-001489-S01', 'RD-001489', 1, 'Sonar mucho');
INSERT INTO lexical_entries VALUES ('RD-001490', 'Na’oma', 'Na’oma', 'na''oma', NULL, 'Vt', 'Vt', '1. Tapar (por encima o de arriba) 2. Borrar', '', 'SRC-02', '61', '61', 'Transcrito', 'Autorizada para difusión', 'Pendiente de validación lingüística');
INSERT INTO senses VALUES ('RD-001490-S01', 'RD-001490', 1, 'Tapar (por encima o de arriba)');
INSERT INTO senses VALUES ('RD-001490-S02', 'RD-001490', 2, 'Borrar');
INSERT INTO lexical_entries VALUES ('RD-001491', 'Na’omárami', 'Na’omárami', 'na''omarami', NULL, 'Adj', 'Adj', 'Tapado', '', 'SRC-02', '61', '61', 'Transcrito', 'Autorizada para difusión', 'Pendiente de validación lingüística');
INSERT INTO senses VALUES ('RD-001491-S01', 'RD-001491', 1, 'Tapado');
INSERT INTO lexical_entries VALUES ('RD-001492', 'Napabá', 'Napabá', 'napaba', NULL, 'Vt', 'Vt', 'Estar tirando (piedra)', '', 'SRC-02', '61', '61', 'Transcrito', 'Autorizada para difusión', 'Pendiente de validación lingüística');
INSERT INTO senses VALUES ('RD-001492-S01', 'RD-001492', 1, 'Estar tirando (piedra)');
INSERT INTO lexical_entries VALUES ('RD-001493', 'Nabapú', 'Nabapú', 'nabapu', NULL, 'Vt pl', 'Vt', 'Juntar, reunir', '', 'SRC-02', '61', '61', 'Transcrito', 'Autorizada para difusión', 'Pendiente de validación lingüística');
INSERT INTO senses VALUES ('RD-001493-S01', 'RD-001493', 1, 'Juntar, reunir');
INSERT INTO lexical_entries VALUES ('RD-001494', 'Napacha', 'Napacha', 'napacha', NULL, '', 'Sin clasificar', '1. vi Tener camisa, ponerse la camisa 2. s Camisa', '', 'SRC-02', '61', '61', 'Transcrito', 'Autorizada para difusión', 'Pendiente de validación lingüística');
INSERT INTO senses VALUES ('RD-001494-S01', 'RD-001494', 1, 'vi Tener camisa, ponerse la camisa');
INSERT INTO senses VALUES ('RD-001494-S02', 'RD-001494', 2, 's Camisa');
INSERT INTO lexical_entries VALUES ('RD-001495', 'Napachapa', 'Napachapa', 'napachapa', NULL, 'Vt', 'Vt', 'Quitar la camisa', '', 'SRC-02', '61', '61', 'Transcrito', 'Autorizada para difusión', 'Pendiente de validación lingüística');
INSERT INTO senses VALUES ('RD-001495-S01', 'RD-001495', 1, 'Quitar la camisa');
INSERT INTO lexical_entries VALUES ('RD-001496', 'Napachó', 'Napachó', 'napacho', NULL, 'Vi pl', 'Vi', 'Pegarse, quedarse pegados', '', 'SRC-02', '61', '61', 'Transcrito', 'Autorizada para difusión', 'Pendiente de validación lingüística');
INSERT INTO senses VALUES ('RD-001496-S01', 'RD-001496', 1, 'Pegarse, quedarse pegados');
INSERT INTO lexical_entries VALUES ('RD-001497', 'Napachota', 'Napachota', 'napachota', NULL, 'Vt sing', 'Vt', 'Pegar, juntar, unir', '', 'SRC-02', '61', '61', 'Transcrito', 'Autorizada para difusión', 'Pendiente de validación lingüística');
INSERT INTO senses VALUES ('RD-001497-S01', 'RD-001497', 1, 'Pegar, juntar, unir');
INSERT INTO lexical_entries VALUES ('RD-001498', 'Napahuí', 'Napahuí', 'napahui', NULL, 'Vi pl', 'Vi', 'Juntarse', '', 'SRC-02', '61', '61', 'Transcrito', 'Autorizada para difusión', 'Pendiente de validación lingüística');
INSERT INTO senses VALUES ('RD-001498-S01', 'RD-001498', 1, 'Juntarse');
INSERT INTO lexical_entries VALUES ('RD-001499', 'Napahuícahuachi', 'Napahuícahuachi', 'napahuicahuachi', NULL, 'S', 'S', 'Lugar donde se juntan, tiempo en el que se juntan', '', 'SRC-02', '61', '61', 'Transcrito', 'Autorizada para difusión', 'Pendiente de validación lingüística');
INSERT INTO senses VALUES ('RD-001499-S01', 'RD-001499', 1, 'Lugar donde se juntan, tiempo en el que se juntan');
INSERT INTO lexical_entries VALUES ('RD-001500', 'Napahuícami', 'Napahuícami', 'napahuicami', NULL, 'Adj', 'Adj', 'Juntos, unidos', '', 'SRC-02', '61', '61', 'Transcrito', 'Autorizada para difusión', 'Pendiente de validación lingüística');
INSERT INTO senses VALUES ('RD-001500-S01', 'RD-001500', 1, 'Juntos, unidos');
INSERT INTO lexical_entries VALUES ('RD-001501', 'Napahuísiami', 'Napahuísiami', 'napahuisiami', NULL, 'S pl', 'S', 'Los que se juntan', '', 'SRC-02', '61', '61', 'Transcrito', 'Autorizada para difusión', 'Pendiente de validación lingüística');
INSERT INTO senses VALUES ('RD-001501-S01', 'RD-001501', 1, 'Los que se juntan');
INSERT INTO lexical_entries VALUES ('RD-001502', 'Napari', 'Napari', 'napari', NULL, 'S', 'S', 'Tipo de avispa amarilla', '', 'SRC-02', '61', '61', 'Transcrito', 'Autorizada para difusión', 'Pendiente de validación lingüística');
INSERT INTO senses VALUES ('RD-001502-S01', 'RD-001502', 1, 'Tipo de avispa amarilla');
INSERT INTO lexical_entries VALUES ('RD-001503', 'Naparí', 'Naparí', 'napari', NULL, 'S', 'S', 'Tábano (insecto)', '', 'SRC-02', '61', '61', 'Transcrito', 'Autorizada para difusión', 'Pendiente de validación lingüística');
INSERT INTO senses VALUES ('RD-001503-S01', 'RD-001503', 1, 'Tábano (insecto)');
INSERT INTO lexical_entries VALUES ('RD-001504', 'Napasú', 'Napasú', 'napasu', NULL, 'Vt', 'Vt', 'Remendar, volver a coser', '', 'SRC-02', '61', '61', 'Transcrito', 'Autorizada para difusión', 'Pendiente de validación lingüística');
INSERT INTO senses VALUES ('RD-001504-S01', 'RD-001504', 1, 'Remendar, volver a coser');
INSERT INTO lexical_entries VALUES ('RD-001505', 'Napé', 'Napé', 'nape', NULL, 'Vi', 'Vi', '1. Juntarse 2. Juntarse (casar)', '', 'SRC-02', '61', '61', 'Transcrito', 'Autorizada para difusión', 'Pendiente de validación lingüística');
INSERT INTO senses VALUES ('RD-001505-S01', 'RD-001505', 1, 'Juntarse');
INSERT INTO senses VALUES ('RD-001505-S02', 'RD-001505', 2, 'Juntarse (casar)');
INSERT INTO lexical_entries VALUES ('RD-001506', 'Napéa', 'Napéa', 'napea', NULL, 'Adv', 'Adv', 'También, con, juntos', '', 'SRC-02', '61', '61', 'Transcrito', 'Autorizada para difusión', 'Pendiente de validación lingüística');
INSERT INTO senses VALUES ('RD-001506-S01', 'RD-001506', 1, 'También, con, juntos');
INSERT INTO lexical_entries VALUES ('RD-001507', 'Napichi', 'Napichi', 'napichi', NULL, '', 'Sin clasificar', 'En la chimenea, en la lumbre', '', 'SRC-02', '61', '61', 'Transcrito', 'Autorizada para difusión', 'Pendiente de validación lingüística');
INSERT INTO senses VALUES ('RD-001507-S01', 'RD-001507', 1, 'En la chimenea, en la lumbre');
INSERT INTO lexical_entries VALUES ('RD-001508', 'Napihua', '1Napihua', 'napihua', '1', 'Vt', 'Vt', 'Escardar, deshierbar con azadón', '', 'SRC-02', '61', '61', 'Transcrito', 'Autorizada para difusión', 'Pendiente de validación lingüística');
INSERT INTO senses VALUES ('RD-001508-S01', 'RD-001508', 1, 'Escardar, deshierbar con azadón');
INSERT INTO lexical_entries VALUES ('RD-001509', 'Napihua', '2Napihua', 'napihua', '2', 'Vt', 'Vt', 'Hacer nixtamal', '', 'SRC-02', '61', '61', 'Transcrito', 'Autorizada para difusión', 'Pendiente de validación lingüística');
INSERT INTO senses VALUES ('RD-001509-S01', 'RD-001509', 1, 'Hacer nixtamal');
INSERT INTO lexical_entries VALUES ('RD-001510', 'Napíhuari', 'Napíhuari', 'napihuari', NULL, 'S', 'S', 'Nixtamal', '', 'SRC-02', '61', '61', 'Transcrito', 'Autorizada para difusión', 'Pendiente de validación lingüística');
INSERT INTO senses VALUES ('RD-001510-S01', 'RD-001510', 1, 'Nixtamal');
INSERT INTO lexical_entries VALUES ('RD-001511', 'Napisó', 'Napisó', 'napiso', NULL, '', 'Sin clasificar', '1. s Polvo, ceniza 2. vr Pegarse con cenizas', '', 'SRC-02', '61', '61', 'Transcrito', 'Autorizada para difusión', 'Pendiente de validación lingüística');
INSERT INTO senses VALUES ('RD-001511-S01', 'RD-001511', 1, 's Polvo, ceniza');
INSERT INTO senses VALUES ('RD-001511-S02', 'RD-001511', 2, 'vr Pegarse con cenizas');
INSERT INTO lexical_entries VALUES ('RD-001512', 'Napó', '1Napó', 'napo', '1', '', 'Sin clasificar', '1. vt Deshierbar (con la mano) 2. vi Quebrarse (palos)', '', 'SRC-02', '61', '61', 'Transcrito', 'Autorizada para difusión', 'Pendiente de validación lingüística');
INSERT INTO senses VALUES ('RD-001512-S01', 'RD-001512', 1, 'vt Deshierbar (con la mano)');
INSERT INTO senses VALUES ('RD-001512-S02', 'RD-001512', 2, 'vi Quebrarse (palos)');
INSERT INTO lexical_entries VALUES ('RD-001513', 'Napó', '2Napó', 'napo', '2', 'S', 'S', 'Tuna', '', 'SRC-02', '61', '61', 'Transcrito', 'Autorizada para difusión', 'Pendiente de validación lingüística');
INSERT INTO senses VALUES ('RD-001513-S01', 'RD-001513', 1, 'Tuna');
INSERT INTO lexical_entries VALUES ('RD-001514', 'Napóami', 'Napóami', 'napoami', NULL, 'Adj', 'Adj', 'Clueca', '', 'SRC-02', '61', '61', 'Transcrito', 'Autorizada para difusión', 'Pendiente de validación lingüística');
INSERT INTO senses VALUES ('RD-001514-S01', 'RD-001514', 1, 'Clueca');
INSERT INTO lexical_entries VALUES ('RD-001515', 'Napona', 'Napona', 'napona', NULL, 'Vt', 'Vt', 'Quebrar', '', 'SRC-02', '62', '62', 'Transcrito', 'Autorizada para difusión', 'Pendiente de validación lingüística');
INSERT INTO senses VALUES ('RD-001515-S01', 'RD-001515', 1, 'Quebrar');
INSERT INTO lexical_entries VALUES ('RD-001516', 'Napora', 'Napora', 'napora', NULL, 'Vi', 'Vi', 'Cubrirse la cara', '', 'SRC-02', '62', '62', 'Transcrito', 'Autorizada para difusión', 'Pendiente de validación lingüística');
INSERT INTO senses VALUES ('RD-001516-S01', 'RD-001516', 1, 'Cubrirse la cara');
INSERT INTO lexical_entries VALUES ('RD-001517', 'Napori', 'Napori', 'napori', NULL, 'S', 'S', 'Pañuelo, lienzo', '', 'SRC-02', '62', '62', 'Transcrito', 'Autorizada para difusión', 'Pendiente de validación lingüística');
INSERT INTO senses VALUES ('RD-001517-S01', 'RD-001517', 1, 'Pañuelo, lienzo');
INSERT INTO lexical_entries VALUES ('RD-001518', 'Napota', 'Napota', 'napota', NULL, '', 'Sin clasificar', '1. vi Enclocarse (gallina) 2. vt Empollar', '', 'SRC-02', '62', '62', 'Transcrito', 'Autorizada para difusión', 'Pendiente de validación lingüística');
INSERT INTO senses VALUES ('RD-001518-S01', 'RD-001518', 1, 'vi Enclocarse (gallina)');
INSERT INTO senses VALUES ('RD-001518-S02', 'RD-001518', 2, 'vt Empollar');
INSERT INTO lexical_entries VALUES ('RD-001519', 'Napuchi', 'Napuchi', 'napuchi', NULL, 'S', 'S', 'Puerto (entre las montañas)', '', 'SRC-02', '62', '62', 'Transcrito', 'Autorizada para difusión', 'Pendiente de validación lingüística');
INSERT INTO senses VALUES ('RD-001519-S01', 'RD-001519', 1, 'Puerto (entre las montañas)');
INSERT INTO lexical_entries VALUES ('RD-001520', 'Naqué', 'Naqué', 'naque', NULL, 'Vi', 'Vi', 'Tener oídos', '', 'SRC-02', '62', '62', 'Transcrito', 'Autorizada para difusión', 'Pendiente de validación lingüística');
INSERT INTO senses VALUES ('RD-001520-S01', 'RD-001520', 1, 'Tener oídos');
INSERT INTO lexical_entries VALUES ('RD-001521', 'Naquétari', 'Naquétari', 'naquetari', NULL, 'Adj', 'Adj', '1. adj Sordo 2. Que tiene orejas (muy largas o muy chicas)', '', 'SRC-02', '62', '62', 'Transcrito', 'Autorizada para difusión', 'Pendiente de validación lingüística');
INSERT INTO senses VALUES ('RD-001521-S01', 'RD-001521', 1, 'adj Sordo');
INSERT INTO senses VALUES ('RD-001521-S02', 'RD-001521', 2, 'Que tiene orejas (muy largas o muy chicas)');
INSERT INTO lexical_entries VALUES ('RD-001522', 'Naquí', 'Naquí', 'naqui', NULL, 'Vi', 'Vi', 'Querer, desear', '', 'SRC-02', '62', '62', 'Transcrito', 'Autorizada para difusión', 'Pendiente de validación lingüística');
INSERT INTO senses VALUES ('RD-001522-S01', 'RD-001522', 1, 'Querer, desear');
INSERT INTO lexical_entries VALUES ('RD-001523', 'Naquibú', 'Naquibú', 'naquibu', NULL, 'Vt pl', 'Vt', 'Amarrar juntos', '', 'SRC-02', '62', '62', 'Transcrito', 'Autorizada para difusión', 'Pendiente de validación lingüística');
INSERT INTO senses VALUES ('RD-001523-S01', 'RD-001523', 1, 'Amarrar juntos');
INSERT INTO lexical_entries VALUES ('RD-001524', 'Naquichí', 'Naquichí', 'naquichi', NULL, 'Vi pl', 'Vi', '1. Despreciar 2. Odiar', '', 'SRC-02', '62', '62', 'Transcrito', 'Autorizada para difusión', 'Pendiente de validación lingüística');
INSERT INTO senses VALUES ('RD-001524-S01', 'RD-001524', 1, 'Despreciar');
INSERT INTO senses VALUES ('RD-001524-S02', 'RD-001524', 2, 'Odiar');
INSERT INTO lexical_entries VALUES ('RD-001525', 'Naquihui', 'Naquihui', 'naquihui', NULL, 'Vt', 'Vt', 'Permitir', '', 'SRC-02', '62', '62', 'Transcrito', 'Autorizada para difusión', 'Pendiente de validación lingüística');
INSERT INTO senses VALUES ('RD-001525-S01', 'RD-001525', 1, 'Permitir');
INSERT INTO lexical_entries VALUES ('RD-001526', 'Nará', 'Nará', 'nara', NULL, 'Vi sing', 'Vi', 'Llorar', '', 'SRC-02', '62', '62', 'Transcrito', 'Autorizada para difusión', 'Pendiente de validación lingüística');
INSERT INTO senses VALUES ('RD-001526-S01', 'RD-001526', 1, 'Llorar');
INSERT INTO lexical_entries VALUES ('RD-001527', 'Narácuri', 'Narácuri', 'naracuri', NULL, 'S', 'S', 'Caracol', '', 'SRC-02', '62', '62', 'Transcrito', 'Autorizada para difusión', 'Pendiente de validación lingüística');
INSERT INTO senses VALUES ('RD-001527-S01', 'RD-001527', 1, 'Caracol');
INSERT INTO lexical_entries VALUES ('RD-001528', 'Naraquéami', 'Naraquéami', 'naraqueami', NULL, 'S', 'S', 'Llorón', '', 'SRC-02', '62', '62', 'Transcrito', 'Autorizada para difusión', 'Pendiente de validación lingüística');
INSERT INTO senses VALUES ('RD-001528-S01', 'RD-001528', 1, 'Llorón');
INSERT INTO lexical_entries VALUES ('RD-001529', 'Narasi', 'Narasi', 'narasi', NULL, 'S', 'S', 'Naranja', '', 'SRC-02', '62', '62', 'Transcrito', 'Autorizada para difusión', 'Pendiente de validación lingüística');
INSERT INTO senses VALUES ('RD-001529-S01', 'RD-001529', 1, 'Naranja');
INSERT INTO lexical_entries VALUES ('RD-001530', 'Naré', 'Naré', 'nare', NULL, 'Vt', 'Vt', 'Recibir, aceptar', '', 'SRC-02', '62', '62', 'Transcrito', 'Autorizada para difusión', 'Pendiente de validación lingüística');
INSERT INTO senses VALUES ('RD-001530-S01', 'RD-001530', 1, 'Recibir, aceptar');
INSERT INTO lexical_entries VALUES ('RD-001531', 'Narepa', 'Narepa', 'narepa', NULL, 'Vt', 'Vt', 'Saludar (con la mano, tocando el hombro)', '', 'SRC-02', '62', '62', 'Transcrito', 'Autorizada para difusión', 'Pendiente de validación lingüística');
INSERT INTO senses VALUES ('RD-001531-S01', 'RD-001531', 1, 'Saludar (con la mano, tocando el hombro)');
INSERT INTO lexical_entries VALUES ('RD-001532', 'Na’rí', 'Na’rí', 'na''ri', NULL, 'Vi', 'Vi', 'Quebrarse (palo, pierna, cuerno)', '', 'SRC-02', '62', '62', 'Transcrito', 'Autorizada para difusión', 'Pendiente de validación lingüística');
INSERT INTO senses VALUES ('RD-001532-S01', 'RD-001532', 1, 'Quebrarse (palo, pierna, cuerno)');
INSERT INTO lexical_entries VALUES ('RD-001533', 'Nari', 'Nari', 'nari', NULL, '', 'Sin clasificar', 'Éste, ésta', '', 'SRC-02', '62', '62', 'Transcrito', 'Autorizada para difusión', 'Pendiente de validación lingüística');
INSERT INTO senses VALUES ('RD-001533-S01', 'RD-001533', 1, 'Éste, ésta');
INSERT INTO lexical_entries VALUES ('RD-001534', 'Naribochi, naríhuari, naríiri', 'Naribochi, naríhuari, naríiri', 'naribochi, narihuari, nariiri', NULL, 'S', 'S', 'Lobo', '', 'SRC-02', '62', '62', 'Transcrito', 'Autorizada para difusión', 'Pendiente de validación lingüística');
INSERT INTO senses VALUES ('RD-001534-S01', 'RD-001534', 1, 'Lobo');
INSERT INTO variants VALUES ('RD-001534-V01', 'RD-001534', 1, 'naríhuari');
INSERT INTO variants VALUES ('RD-001534-V02', 'RD-001534', 2, 'naríiri');
INSERT INTO lexical_entries VALUES ('RD-001535', 'Narina', 'Narina', 'narina', NULL, 'Adv', 'Adv', 'Lugar cerca (en el mismo nivel)', '', 'SRC-02', '62', '62', 'Transcrito', 'Autorizada para difusión', 'Pendiente de validación lingüística');
INSERT INTO senses VALUES ('RD-001535-S01', 'RD-001535', 1, 'Lugar cerca (en el mismo nivel)');
INSERT INTO lexical_entries VALUES ('RD-001536', 'Na’rina', 'Na’rina', 'na''rina', NULL, 'Vt', 'Vt', 'Quebrar', '', 'SRC-02', '62', '62', 'Transcrito', 'Autorizada para difusión', 'Pendiente de validación lingüística');
INSERT INTO senses VALUES ('RD-001536-S01', 'RD-001536', 1, 'Quebrar');
INSERT INTO lexical_entries VALUES ('RD-001537', 'Narírahui', 'Narírahui', 'narirahui', NULL, 'Adv', 'Adv', 'Lugar cerca (en el mismo nivel, escondido)', '', 'SRC-02', '62', '62', 'Transcrito', 'Autorizada para difusión', 'Pendiente de validación lingüística');
INSERT INTO senses VALUES ('RD-001537-S01', 'RD-001537', 1, 'Lugar cerca (en el mismo nivel, escondido)');
INSERT INTO lexical_entries VALUES ('RD-001538', 'Na’rohua', 'Na’rohua', 'na''rohua', NULL, 'Prep', 'Prep', '1. Con, también 2. Mezclado con', '', 'SRC-02', '62', '62', 'Transcrito', 'Autorizada para difusión', 'Pendiente de validación lingüística');
INSERT INTO senses VALUES ('RD-001538-S01', 'RD-001538', 1, 'Con, también');
INSERT INTO senses VALUES ('RD-001538-S02', 'RD-001538', 2, 'Mezclado con');
INSERT INTO lexical_entries VALUES ('RD-001539', 'Narúchari', 'Narúchari', 'naruchari', NULL, 's', 'S', 'Araña', '', 'SRC-02', '62', '62', 'Transcrito', 'Autorizada para difusión', 'Pendiente de validación lingüística');
INSERT INTO senses VALUES ('RD-001539-S01', 'RD-001539', 1, 'Araña');
INSERT INTO lexical_entries VALUES ('RD-001540', 'Nasayera', 'Nasayera', 'nasayera', NULL, 'Vi', 'Vi', 'Hacerse enemigos', '', 'SRC-02', '62', '62', 'Transcrito', 'Autorizada para difusión', 'Pendiente de validación lingüística');
INSERT INTO senses VALUES ('RD-001540-S01', 'RD-001540', 1, 'Hacerse enemigos');
INSERT INTO lexical_entries VALUES ('RD-001541', 'Nasina, nasinácuri', 'Nasina, nasinácuri', 'nasina, nasinacuri', NULL, 'Vi', 'Vi', 'Tener flojera', '', 'SRC-02', '62', '62', 'Transcrito', 'Autorizada para difusión', 'Pendiente de validación lingüística');
INSERT INTO senses VALUES ('RD-001541-S01', 'RD-001541', 1, 'Tener flojera');
INSERT INTO variants VALUES ('RD-001541-V01', 'RD-001541', 1, 'nasinácuri');
INSERT INTO lexical_entries VALUES ('RD-001542', 'Nasínami', 'Nasínami', 'nasinami', NULL, 'Adj', 'Adj', 'Perezoso', '', 'SRC-02', '62', '62', 'Transcrito', 'Autorizada para difusión', 'Pendiente de validación lingüística');
INSERT INTO senses VALUES ('RD-001542-S01', 'RD-001542', 1, 'Perezoso');
INSERT INTO lexical_entries VALUES ('RD-001543', 'Nasipa', 'Nasipa', 'nasipa', NULL, 'Adj', 'Adj', 'Medio', '', 'SRC-02', '62', '62', 'Transcrito', 'Autorizada para difusión', 'Pendiente de validación lingüística');
INSERT INTO senses VALUES ('RD-001543-S01', 'RD-001543', 1, 'Medio');
INSERT INTO lexical_entries VALUES ('RD-001544', 'Nasipasí', 'Nasipasí', 'nasipasi', NULL, 'S', 'S', 'Miércoles', '', 'SRC-02', '62', '62', 'Transcrito', 'Autorizada para difusión', 'Pendiente de validación lingüística');
INSERT INTO senses VALUES ('RD-001544-S01', 'RD-001544', 1, 'Miércoles');
INSERT INTO lexical_entries VALUES ('RD-001545', 'Nasó', '1Nasó', 'naso', '1', 'Vt', 'Vt', 'Guardar, esconder', '', 'SRC-02', '62', '62', 'Transcrito', 'Autorizada para difusión', 'Pendiente de validación lingüística');
INSERT INTO senses VALUES ('RD-001545-S01', 'RD-001545', 1, 'Guardar, esconder');
INSERT INTO lexical_entries VALUES ('RD-001546', 'Nasó', '2Nasó', 'naso', '2', 'Vi', 'Vi', 'Mezclarse, revolver', '', 'SRC-02', '62', '62', 'Transcrito', 'Autorizada para difusión', 'Pendiente de validación lingüística');
INSERT INTO senses VALUES ('RD-001546-S01', 'RD-001546', 1, 'Mezclarse, revolver');
INSERT INTO lexical_entries VALUES ('RD-001547', 'Nasóami', 'Nasóami', 'nasoami', NULL, 'Adj', 'Adj', 'Revuelto', '', 'SRC-02', '62', '62', 'Transcrito', 'Autorizada para difusión', 'Pendiente de validación lingüística');
INSERT INTO senses VALUES ('RD-001547-S01', 'RD-001547', 1, 'Revuelto');
INSERT INTO lexical_entries VALUES ('RD-001548', 'Nasohua', 'Nasohua', 'nasohua', NULL, 'Vt', 'Vt', 'Mezclar', '', 'SRC-02', '62', '62', 'Transcrito', 'Autorizada para difusión', 'Pendiente de validación lingüística');
INSERT INTO senses VALUES ('RD-001548-S01', 'RD-001548', 1, 'Mezclar');
INSERT INTO lexical_entries VALUES ('RD-001549', '‘Nata', '‘Nata', '''nata', NULL, 'Vi', 'Vi', 'Pensar', '', 'SRC-02', '62', '62', 'Transcrito', 'Autorizada para difusión', 'Pendiente de validación lingüística');
INSERT INTO senses VALUES ('RD-001549-S01', 'RD-001549', 1, 'Pensar');
INSERT INTO lexical_entries VALUES ('RD-001550', 'Natabú', 'Natabú', 'natabu', NULL, 'Vt', 'Vt', 'Perforar, taladrar', '', 'SRC-02', '62', '62', 'Transcrito', 'Autorizada para difusión', 'Pendiente de validación lingüística');
INSERT INTO senses VALUES ('RD-001550-S01', 'RD-001550', 1, 'Perforar, taladrar');
INSERT INTO lexical_entries VALUES ('RD-001551', 'Nataguésuri', 'Nataguésuri', 'nataguesuri', NULL, 'Adj', 'Adj', 'Tonto (no piensa bien)', '', 'SRC-02', '62', '62', 'Transcrito', 'Autorizada para difusión', 'Pendiente de validación lingüística');
INSERT INTO senses VALUES ('RD-001551-S01', 'RD-001551', 1, 'Tonto (no piensa bien)');
INSERT INTO lexical_entries VALUES ('RD-001552', 'Natahuí', 'Natahuí', 'natahui', NULL, 'Vi', 'Vi', 'Salir por el otro lado (después de perforarlo)', '', 'SRC-02', '62', '62', 'Transcrito', 'Autorizada para difusión', 'Pendiente de validación lingüística');
INSERT INTO senses VALUES ('RD-001552-S01', 'RD-001552', 1, 'Salir por el otro lado (después de perforarlo)');
INSERT INTO lexical_entries VALUES ('RD-001553', '‘Nátami', '‘Nátami', '''natami', NULL, 'Adj', 'Adj', 'Pensador, inteligente', '', 'SRC-02', '63', '63', 'Transcrito', 'Autorizada para difusión', 'Pendiente de validación lingüística');
INSERT INTO senses VALUES ('RD-001553-S01', 'RD-001553', 1, 'Pensador, inteligente');
INSERT INTO lexical_entries VALUES ('RD-001554', '‘Nate', '‘Nate', '''nate', NULL, 'Adv', 'Adv', 'Difícil, trabajoso', '', 'SRC-02', '63', '63', 'Transcrito', 'Autorizada para difusión', 'Pendiente de validación lingüística');
INSERT INTO senses VALUES ('RD-001554-S01', 'RD-001554', 1, 'Difícil, trabajoso');
INSERT INTO lexical_entries VALUES ('RD-001555', 'Natéami', 'Natéami', 'nateami', NULL, 'Adj', 'Adj', 'Costoso, que vale', '', 'SRC-02', '63', '63', 'Transcrito', 'Autorizada para difusión', 'Pendiente de validación lingüística');
INSERT INTO senses VALUES ('RD-001555-S01', 'RD-001555', 1, 'Costoso, que vale');
INSERT INTO lexical_entries VALUES ('RD-001556', 'Nateguí', 'Nateguí', 'nategui', NULL, '', 'Sin clasificar', 'Cuesta', '', 'SRC-02', '63', '63', 'Transcrito', 'Autorizada para difusión', 'Pendiente de validación lingüística');
INSERT INTO senses VALUES ('RD-001556-S01', 'RD-001556', 1, 'Cuesta');
INSERT INTO lexical_entries VALUES ('RD-001557', 'Natepa', 'Natepa', 'natepa', NULL, 'Vt', 'Vt', 'Encontrar', '', 'SRC-02', '63', '63', 'Transcrito', 'Autorizada para difusión', 'Pendiente de validación lingüística');
INSERT INTO senses VALUES ('RD-001557-S01', 'RD-001557', 1, 'Encontrar');
INSERT INTO lexical_entries VALUES ('RD-001558', 'Natépari', 'Natépari', 'natepari', NULL, 'S', 'S', 'Listón (para el cabello)', '', 'SRC-02', '63', '63', 'Transcrito', 'Autorizada para difusión', 'Pendiente de validación lingüística');
INSERT INTO senses VALUES ('RD-001558-S01', 'RD-001558', 1, 'Listón (para el cabello)');
INSERT INTO lexical_entries VALUES ('RD-001559', 'Nateta', 'Nateta', 'nateta', NULL, 'Vt', 'Vt', 'Pagar', '', 'SRC-02', '63', '63', 'Transcrito', 'Autorizada para difusión', 'Pendiente de validación lingüística');
INSERT INTO senses VALUES ('RD-001559-S01', 'RD-001559', 1, 'Pagar');
INSERT INTO lexical_entries VALUES ('RD-001560', 'Natétarahua', 'Natétarahua', 'natetarahua', NULL, 'Vt', 'Vt', 'Pagar', '', 'SRC-02', '63', '63', 'Transcrito', 'Autorizada para difusión', 'Pendiente de validación lingüística');
INSERT INTO senses VALUES ('RD-001560-S01', 'RD-001560', 1, 'Pagar');
INSERT INTO lexical_entries VALUES ('RD-001561', 'Natibú', 'Natibú', 'natibu', NULL, 'Vt', 'Vt', 'Atajar', '', 'SRC-02', '63', '63', 'Transcrito', 'Autorizada para difusión', 'Pendiente de validación lingüística');
INSERT INTO senses VALUES ('RD-001561-S01', 'RD-001561', 1, 'Atajar');
INSERT INTO lexical_entries VALUES ('RD-001562', 'Natigara', 'Natigara', 'natigara', NULL, 'S', 'S', 'Paga, valor', '', 'SRC-02', '63', '63', 'Transcrito', 'Autorizada para difusión', 'Pendiente de validación lingüística');
INSERT INTO senses VALUES ('RD-001562-S01', 'RD-001562', 1, 'Paga, valor');
INSERT INTO lexical_entries VALUES ('RD-001563', 'Natiguí, nateguí', 'Natiguí, nateguí', 'natigui, nategui', NULL, 'Vi', 'Vi', 'Valer, costar', '', 'SRC-02', '63', '63', 'Transcrito', 'Autorizada para difusión', 'Pendiente de validación lingüística');
INSERT INTO senses VALUES ('RD-001563-S01', 'RD-001563', 1, 'Valer, costar');
INSERT INTO variants VALUES ('RD-001563-V01', 'RD-001563', 1, 'nateguí');
INSERT INTO lexical_entries VALUES ('RD-001564', 'Natimá', 'Natimá', 'natima', NULL, 'Vi', 'Vi', 'Tener lástima o compasión, compadecer', '', 'SRC-02', '63', '63', 'Transcrito', 'Autorizada para difusión', 'Pendiente de validación lingüística');
INSERT INTO senses VALUES ('RD-001564-S01', 'RD-001564', 1, 'Tener lástima o compasión, compadecer');
INSERT INTO lexical_entries VALUES ('RD-001565', 'Natipama', 'Natipama', 'natipama', NULL, '', 'Sin clasificar', 'Encontrará', '', 'SRC-02', '63', '63', 'Transcrito', 'Autorizada para difusión', 'Pendiente de validación lingüística');
INSERT INTO senses VALUES ('RD-001565-S01', 'RD-001565', 1, 'Encontrará');
INSERT INTO lexical_entries VALUES ('RD-001566', 'Nayá', 'Nayá', 'naya', NULL, 'Adv', 'Adv', 'Mucho antes', '', 'SRC-02', '63', '63', 'Transcrito', 'Autorizada para difusión', 'Pendiente de validación lingüística');
INSERT INTO senses VALUES ('RD-001566-S01', 'RD-001566', 1, 'Mucho antes');
INSERT INTO lexical_entries VALUES ('RD-001567', 'Nayáhuari', 'Nayáhuari', 'nayahuari', NULL, 'S', 'S', 'Antepasado', '', 'SRC-02', '63', '63', 'Transcrito', 'Autorizada para difusión', 'Pendiente de validación lingüística');
INSERT INTO senses VALUES ('RD-001567-S01', 'RD-001567', 1, 'Antepasado');
INSERT INTO lexical_entries VALUES ('RD-001568', '‘Nayáhuari', '‘Nayáhuari', '''nayahuari', NULL, '', 'Sin clasificar', 'Almas de los antepasados', '', 'SRC-02', '63', '63', 'Transcrito', 'Autorizada para difusión', 'Pendiente de validación lingüística');
INSERT INTO senses VALUES ('RD-001568-S01', 'RD-001568', 1, 'Almas de los antepasados');
INSERT INTO lexical_entries VALUES ('RD-001569', 'Nayú', 'Nayú', 'nayu', NULL, 'Vi', 'Vi', 'Enfermarse, estar enfermo', '', 'SRC-02', '63', '63', 'Transcrito', 'Autorizada para difusión', 'Pendiente de validación lingüística');
INSERT INTO senses VALUES ('RD-001569-S01', 'RD-001569', 1, 'Enfermarse, estar enfermo');
INSERT INTO lexical_entries VALUES ('RD-001570', 'Nayúami', 'Nayúami', 'nayuami', NULL, 'Adj', 'Adj', 'Enfermo', '', 'SRC-02', '63', '63', 'Transcrito', 'Autorizada para difusión', 'Pendiente de validación lingüística');
INSERT INTO senses VALUES ('RD-001570-S01', 'RD-001570', 1, 'Enfermo');
INSERT INTO lexical_entries VALUES ('RD-001571', 'Nayurí', 'Nayurí', 'nayuri', NULL, 'S', 'S', 'Enfermedad', '', 'SRC-02', '63', '63', 'Transcrito', 'Autorizada para difusión', 'Pendiente de validación lingüística');
INSERT INTO senses VALUES ('RD-001571-S01', 'RD-001571', 1, 'Enfermedad');
INSERT INTO lexical_entries VALUES ('RD-001572', 'Nayuta', 'Nayuta', 'nayuta', NULL, 'Vt', 'Vt', 'Poner enfermo', '', 'SRC-02', '63', '63', 'Transcrito', 'Autorizada para difusión', 'Pendiente de validación lingüística');
INSERT INTO senses VALUES ('RD-001572-S01', 'RD-001572', 1, 'Poner enfermo');
INSERT INTO lexical_entries VALUES ('RD-001573', '‘Né', '‘Né', '''ne', NULL, 'Vt', 'Vt', 'Ver', '', 'SRC-02', '63', '63', 'Transcrito', 'Autorizada para difusión', 'Pendiente de validación lingüística');
INSERT INTO senses VALUES ('RD-001573-S01', 'RD-001573', 1, 'Ver');
INSERT INTO lexical_entries VALUES ('RD-001574', '‘Ne', '‘Ne', '''ne', NULL, 'Vt', 'Vt', 'Mirar, observar', '', 'SRC-02', '63', '63', 'Transcrito', 'Autorizada para difusión', 'Pendiente de validación lingüística');
INSERT INTO senses VALUES ('RD-001574-S01', 'RD-001574', 1, 'Mirar, observar');
INSERT INTO lexical_entries VALUES ('RD-001575', '‘Nécohuachi', '‘Nécohuachi', '''necohuachi', NULL, '', 'Sin clasificar', 'Cuando estaban viéndolo', '', 'SRC-02', '63', '63', 'Transcrito', 'Autorizada para difusión', 'Pendiente de validación lingüística');
INSERT INTO senses VALUES ('RD-001575-S01', 'RD-001575', 1, 'Cuando estaban viéndolo');
INSERT INTO lexical_entries VALUES ('RD-001576', 'Néchigo', 'Néchigo', 'nechigo', NULL, 'adj', 'Adj', 'Igual', '', 'SRC-02', '63', '63', 'Transcrito', 'Autorizada para difusión', 'Pendiente de validación lingüística');
INSERT INTO senses VALUES ('RD-001576-S01', 'RD-001576', 1, 'Igual');
INSERT INTO lexical_entries VALUES ('RD-001577', 'Née', 'Née', 'nee', NULL, 'Vt', 'Vt', 'Usar', '', 'SRC-02', '63', '63', 'Transcrito', 'Autorizada para difusión', 'Pendiente de validación lingüística');
INSERT INTO senses VALUES ('RD-001577-S01', 'RD-001577', 1, 'Usar');
INSERT INTO lexical_entries VALUES ('RD-001578', 'Nehuará', 'Nehuará', 'nehuara', NULL, 'Vi', 'Vi', 'Acordarse, recordar', '', 'SRC-02', '63', '63', 'Transcrito', 'Autorizada para difusión', 'Pendiente de validación lingüística');
INSERT INTO senses VALUES ('RD-001578-S01', 'RD-001578', 1, 'Acordarse, recordar');
INSERT INTO lexical_entries VALUES ('RD-001579', 'Nehuarábanari', 'Nehuarábanari', 'nehuarabanari', NULL, 'Vt pret', 'Vt', 'Hacer recordar', '', 'SRC-02', '63', '63', 'Transcrito', 'Autorizada para difusión', 'Pendiente de validación lingüística');
INSERT INTO senses VALUES ('RD-001579-S01', 'RD-001579', 1, 'Hacer recordar');
INSERT INTO lexical_entries VALUES ('RD-001580', 'Nehuaré', 'Nehuaré', 'nehuare', NULL, 'Vt', 'Vt', 'Necesitar, hacer falta', '', 'SRC-02', '63', '63', 'Transcrito', 'Autorizada para difusión', 'Pendiente de validación lingüística');
INSERT INTO senses VALUES ('RD-001580-S01', 'RD-001580', 1, 'Necesitar, hacer falta');
INSERT INTO lexical_entries VALUES ('RD-001581', 'Nehuarita', 'Nehuarita', 'nehuarita', NULL, 'Vi', 'Vi', 'Solamente se usa en sentido negativo; p. ej.: que nehuarita. Está loco, no piensa bien', '', 'SRC-02', '63', '63', 'Transcrito', 'Autorizada para difusión', 'Pendiente de validación lingüística');
INSERT INTO senses VALUES ('RD-001581-S01', 'RD-001581', 1, 'Solamente se usa en sentido negativo; p. ej.: que nehuarita. Está loco, no piensa bien');
INSERT INTO lexical_entries VALUES ('RD-001582', 'Nehuiquí', 'Nehuiquí', 'nehuiqui', NULL, '', 'Sin clasificar', 'Solamente se usa en sentido negativo; p. ej.: que nehuiquiri. Se desapareció', '', 'SRC-02', '63', '63', 'Transcrito', 'Autorizada para difusión', 'Pendiente de validación lingüística');
INSERT INTO senses VALUES ('RD-001582-S01', 'RD-001582', 1, 'Solamente se usa en sentido negativo; p. ej.: que nehuiquiri. Se desapareció');
INSERT INTO lexical_entries VALUES ('RD-001583', '‘Nena', '‘Nena', '''nena', NULL, 'Vi', 'Vi', 'Estar mirando', '', 'SRC-02', '63', '63', 'Transcrito', 'Autorizada para difusión', 'Pendiente de validación lingüística');
INSERT INTO senses VALUES ('RD-001583-S01', 'RD-001583', 1, 'Estar mirando');
INSERT INTO lexical_entries VALUES ('RD-001584', '‘Neni', '‘Neni', '''neni', NULL, 'Vi', 'Vi', 'Mirar', '', 'SRC-02', '63', '63', 'Transcrito', 'Autorizada para difusión', 'Pendiente de validación lingüística');
INSERT INTO senses VALUES ('RD-001584-S01', 'RD-001584', 1, 'Mirar');
INSERT INTO lexical_entries VALUES ('RD-001585', 'Ne’ogá', 'Ne’ogá', 'ne''oga', NULL, 'S', 'S', 'Voz', '', 'SRC-02', '63', '63', 'Transcrito', 'Autorizada para difusión', 'Pendiente de validación lingüística');
INSERT INTO senses VALUES ('RD-001585-S01', 'RD-001585', 1, 'Voz');
INSERT INTO lexical_entries VALUES ('RD-001586', 'Ne’ogué', 'Ne’ogué', 'ne''ogue', NULL, 'Vi', 'Vi', '1. Hablar malas cosas 2. Ser hablador', '', 'SRC-02', '63', '63', 'Transcrito', 'Autorizada para difusión', 'Pendiente de validación lingüística');
INSERT INTO senses VALUES ('RD-001586-S01', 'RD-001586', 1, 'Hablar malas cosas');
INSERT INTO senses VALUES ('RD-001586-S02', 'RD-001586', 2, 'Ser hablador');
INSERT INTO lexical_entries VALUES ('RD-001587', 'Nepi', 'Nepi', 'nepi', NULL, 'Adv', 'Adv', 'Muchísimo', '', 'SRC-02', '63', '63', 'Transcrito', 'Autorizada para difusión', 'Pendiente de validación lingüística');
INSERT INTO senses VALUES ('RD-001587-S01', 'RD-001587', 1, 'Muchísimo');
INSERT INTO lexical_entries VALUES ('RD-001588', '‘Nera', '‘Nera', '''nera', NULL, 'Vt', 'Vt', 'Mostrar', '', 'SRC-02', '63', '63', 'Transcrito', 'Autorizada para difusión', 'Pendiente de validación lingüística');
INSERT INTO senses VALUES ('RD-001588-S01', 'RD-001588', 1, 'Mostrar');
INSERT INTO lexical_entries VALUES ('RD-001589', 'Ni biré', 'Ni biré', 'ni bire', NULL, '', 'Sin clasificar', 'Ni uno', '', 'SRC-02', '63', '63', 'Transcrito', 'Autorizada para difusión', 'Pendiente de validación lingüística');
INSERT INTO senses VALUES ('RD-001589-S01', 'RD-001589', 1, 'Ni uno');
INSERT INTO lexical_entries VALUES ('RD-001590', 'Nicá', 'Nicá', 'nica', NULL, 'Vi', 'Vi', 'Ladrar', '', 'SRC-02', '63', '63', 'Transcrito', 'Autorizada para difusión', 'Pendiente de validación lingüística');
INSERT INTO senses VALUES ('RD-001590-S01', 'RD-001590', 1, 'Ladrar');
INSERT INTO lexical_entries VALUES ('RD-001591', 'Nicahuera', 'Nicahuera', 'nicahuera', NULL, 'Vi', 'Vi', 'Estar orgulloso, vanagloriarse', '', 'SRC-02', '63', '63', 'Transcrito', 'Autorizada para difusión', 'Pendiente de validación lingüística');
INSERT INTO senses VALUES ('RD-001591-S01', 'RD-001591', 1, 'Estar orgulloso, vanagloriarse');
INSERT INTO lexical_entries VALUES ('RD-001592', 'Nicóami', 'Nicóami', 'nicoami', NULL, 'S', 'S', 'Asesino, homicida', '', 'SRC-02', '63', '63', 'Transcrito', 'Autorizada para difusión', 'Pendiente de validación lingüística');
INSERT INTO senses VALUES ('RD-001592-S01', 'RD-001592', 1, 'Asesino, homicida');
INSERT INTO lexical_entries VALUES ('RD-001593', 'Nicumé', 'Nicumé', 'nicume', NULL, 'Vi', 'Vi', 'Hacer estorbo', '', 'SRC-02', '63', '63', 'Transcrito', 'Autorizada para difusión', 'Pendiente de validación lingüística');
INSERT INTO senses VALUES ('RD-001593-S01', 'RD-001593', 1, 'Hacer estorbo');
INSERT INTO lexical_entries VALUES ('RD-001594', '‘Nigá', '‘Nigá', '''niga', NULL, '', 'Sin clasificar', 'Viéndolo, mirándolo', '', 'SRC-02', '64', '64', 'Transcrito', 'Autorizada para difusión', 'Pendiente de validación lingüística');
INSERT INTO senses VALUES ('RD-001594-S01', 'RD-001594', 1, 'Viéndolo, mirándolo');
INSERT INTO lexical_entries VALUES ('RD-001595', 'Nigúura', 'Nigúura', 'niguura', NULL, 'Vt', 'Vt', 'Ayudar, salvar', '', 'SRC-02', '64', '64', 'Transcrito', 'Autorizada para difusión', 'Pendiente de validación lingüística');
INSERT INTO senses VALUES ('RD-001595-S01', 'RD-001595', 1, 'Ayudar, salvar');
INSERT INTO lexical_entries VALUES ('RD-001596', 'Nihuá', 'Nihuá', 'nihua', NULL, 'Vt', 'Vt', 'Hacer', '', 'SRC-02', '64', '64', 'Transcrito', 'Autorizada para difusión', 'Pendiente de validación lingüística');
INSERT INTO senses VALUES ('RD-001596-S01', 'RD-001596', 1, 'Hacer');
INSERT INTO lexical_entries VALUES ('RD-001597', 'Nihua', 'Nihua', 'nihua', NULL, 'Vt', 'Vt', 'Tener, poseer', '', 'SRC-02', '64', '64', 'Transcrito', 'Autorizada para difusión', 'Pendiente de validación lingüística');
INSERT INTO senses VALUES ('RD-001597-S01', 'RD-001597', 1, 'Tener, poseer');
INSERT INTO lexical_entries VALUES ('RD-001598', 'Níhuami', 'Níhuami', 'nihuami', NULL, 'Adj', 'Adj', 'Poseedor, rico', '', 'SRC-02', '64', '64', 'Transcrito', 'Autorizada para difusión', 'Pendiente de validación lingüística');
INSERT INTO senses VALUES ('RD-001598-S01', 'RD-001598', 1, 'Poseedor, rico');
INSERT INTO lexical_entries VALUES ('RD-001599', 'Níhuara', 'Níhuara', 'nihuara', NULL, '', 'Sin clasificar', '(posesión)', '', 'SRC-02', '64', '64', 'Transcrito', 'Autorizada para difusión', 'Pendiente de validación lingüística');
INSERT INTO senses VALUES ('RD-001599-S01', 'RD-001599', 1, '(posesión)');
INSERT INTO lexical_entries VALUES ('RD-001600', 'Nihuaríhua', 'Nihuaríhua', 'nihuarihua', NULL, 'Vi', 'Vi', 'Hacerse', '', 'SRC-02', '64', '64', 'Transcrito', 'Autorizada para difusión', 'Pendiente de validación lingüística');
INSERT INTO senses VALUES ('RD-001600-S01', 'RD-001600', 1, 'Hacerse');
INSERT INTO lexical_entries VALUES ('RD-001601', 'Níhuata, níhuita', 'Níhuata, níhuita', 'nihuata, nihuita', NULL, 'Vi', 'Vi', 'Estar haciéndose rico', '', 'SRC-02', '64', '64', 'Transcrito', 'Autorizada para difusión', 'Pendiente de validación lingüística');
INSERT INTO senses VALUES ('RD-001601-S01', 'RD-001601', 1, 'Estar haciéndose rico');
INSERT INTO variants VALUES ('RD-001601-V01', 'RD-001601', 1, 'níhuita');
INSERT INTO lexical_entries VALUES ('RD-001602', 'Ni’huí', 'Ni’huí', 'ni''hui', NULL, 'Vi', 'Vi', 'Relampaguear', '', 'SRC-02', '64', '64', 'Transcrito', 'Autorizada para difusión', 'Pendiente de validación lingüística');
INSERT INTO senses VALUES ('RD-001602-S01', 'RD-001602', 1, 'Relampaguear');
INSERT INTO lexical_entries VALUES ('RD-001603', 'Nihuíami', 'Nihuíami', 'nihuiami', NULL, 'S', 'S', 'Comprador de maíz', '', 'SRC-02', '64', '64', 'Transcrito', 'Autorizada para difusión', 'Pendiente de validación lingüística');
INSERT INTO senses VALUES ('RD-001603-S01', 'RD-001603', 1, 'Comprador de maíz');
INSERT INTO lexical_entries VALUES ('RD-001604', 'Nihuícohua', 'Nihuícohua', 'nihuicohua', NULL, 'Vi', 'Vi', 'Casarse', '', 'SRC-02', '64', '64', 'Transcrito', 'Autorizada para difusión', 'Pendiente de validación lingüística');
INSERT INTO senses VALUES ('RD-001604-S01', 'RD-001604', 1, 'Casarse');
INSERT INTO lexical_entries VALUES ('RD-001605', 'Nihuíi', 'Nihuíi', 'nihuii', NULL, 'Vt', 'Vt', 'Hacer (alguna cosa)', '', 'SRC-02', '64', '64', 'Transcrito', 'Autorizada para difusión', 'Pendiente de validación lingüística');
INSERT INTO senses VALUES ('RD-001605-S01', 'RD-001605', 1, 'Hacer (alguna cosa)');
INSERT INTO lexical_entries VALUES ('RD-001606', 'Níhuita', 'Níhuita', 'nihuita', NULL, '', 'Sin clasificar', 'Está haciéndose rico', '', 'SRC-02', '64', '64', 'Transcrito', 'Autorizada para difusión', 'Pendiente de validación lingüística');
INSERT INTO senses VALUES ('RD-001606-S01', 'RD-001606', 1, 'Está haciéndose rico');
INSERT INTO lexical_entries VALUES ('RD-001607', 'Níima', 'Níima', 'niima', NULL, '', 'Sin clasificar', 'Será, estará', '', 'SRC-02', '64', '64', 'Transcrito', 'Autorizada para difusión', 'Pendiente de validación lingüística');
INSERT INTO senses VALUES ('RD-001607-S01', 'RD-001607', 1, 'Será, estará');
INSERT INTO lexical_entries VALUES ('RD-001608', 'Nijá', 'Nijá', 'nija', NULL, 'Vt', 'Vt', 'Dar, entregar', '', 'SRC-02', '64', '64', 'Transcrito', 'Autorizada para difusión', 'Pendiente de validación lingüística');
INSERT INTO senses VALUES ('RD-001608-S01', 'RD-001608', 1, 'Dar, entregar');
INSERT INTO lexical_entries VALUES ('RD-001609', 'Nijé', 'Nijé', 'nije', NULL, 'Pron', 'Pron', 'Yo', '', 'SRC-02', '64', '64', 'Transcrito', 'Autorizada para difusión', 'Pendiente de validación lingüística');
INSERT INTO senses VALUES ('RD-001609-S01', 'RD-001609', 1, 'Yo');
INSERT INTO lexical_entries VALUES ('RD-001610', 'Nijehua', 'Nijehua', 'nijehua', NULL, 'Vt', 'Vt', '1. Hacer caso 2. Contestar, responder', '', 'SRC-02', '64', '64', 'Transcrito', 'Autorizada para difusión', 'Pendiente de validación lingüística');
INSERT INTO senses VALUES ('RD-001610-S01', 'RD-001610', 1, 'Hacer caso');
INSERT INTO senses VALUES ('RD-001610-S02', 'RD-001610', 2, 'Contestar, responder');
INSERT INTO lexical_entries VALUES ('RD-001611', 'Nijí', 'Nijí', 'niji', NULL, 'Vt', 'Vt', 'Dar, entregar, obsequiar', '', 'SRC-02', '64', '64', 'Transcrito', 'Autorizada para difusión', 'Pendiente de validación lingüística');
INSERT INTO senses VALUES ('RD-001611-S01', 'RD-001611', 1, 'Dar, entregar, obsequiar');
INSERT INTO lexical_entries VALUES ('RD-001612', 'Nijímoruri', 'Nijímoruri', 'nijimoruri', NULL, 'Vt', 'Vt', 'Le había dicho que le iba a dar', '', 'SRC-02', '64', '64', 'Transcrito', 'Autorizada para difusión', 'Pendiente de validación lingüística');
INSERT INTO senses VALUES ('RD-001612-S01', 'RD-001612', 1, 'Le había dicho que le iba a dar');
INSERT INTO lexical_entries VALUES ('RD-001613', 'Nijirapa', 'Nijirapa', 'nijirapa', NULL, 'Vi sing', 'Vi', 'Estar luchando', '', 'SRC-02', '64', '64', 'Transcrito', 'Autorizada para difusión', 'Pendiente de validación lingüística');
INSERT INTO senses VALUES ('RD-001613-S01', 'RD-001613', 1, 'Estar luchando');
INSERT INTO lexical_entries VALUES ('RD-001614', 'Nijiyama', 'Nijiyama', 'nijiyama', NULL, 'Vi fut', 'Vi', 'Hacer caso, responder', '', 'SRC-02', '64', '64', 'Transcrito', 'Autorizada para difusión', 'Pendiente de validación lingüística');
INSERT INTO senses VALUES ('RD-001614-S01', 'RD-001614', 1, 'Hacer caso, responder');
INSERT INTO lexical_entries VALUES ('RD-001615', 'Nijiyárama', 'Nijiyárama', 'nijiyarama', NULL, 'Vi fut', 'Vi', 'Obedecer', '', 'SRC-02', '64', '64', 'Transcrito', 'Autorizada para difusión', 'Pendiente de validación lingüística');
INSERT INTO senses VALUES ('RD-001615-S01', 'RD-001615', 1, 'Obedecer');
INSERT INTO lexical_entries VALUES ('RD-001616', 'Nijohua', 'Nijohua', 'nijohua', NULL, 'Vt', 'Vt', 'Invitar (a ayudar en el trabajo)', '', 'SRC-02', '64', '64', 'Transcrito', 'Autorizada para difusión', 'Pendiente de validación lingüística');
INSERT INTO senses VALUES ('RD-001616-S01', 'RD-001616', 1, 'Invitar (a ayudar en el trabajo)');
INSERT INTO lexical_entries VALUES ('RD-001617', 'Nijóhua', 'Nijóhua', 'nijohua', NULL, 'Vt', 'Vt', 'Invitar (para tomar tesgüino)', '', 'SRC-02', '64', '64', 'Transcrito', 'Autorizada para difusión', 'Pendiente de validación lingüística');
INSERT INTO senses VALUES ('RD-001617-S01', 'RD-001617', 1, 'Invitar (para tomar tesgüino)');
INSERT INTO lexical_entries VALUES ('RD-001618', 'Ni’mayé', 'Ni’mayé', 'ni''maye', NULL, 'Vi', 'Vi', 'Tener celos', '', 'SRC-02', '64', '64', 'Transcrito', 'Autorizada para difusión', 'Pendiente de validación lingüística');
INSERT INTO senses VALUES ('RD-001618-S01', 'RD-001618', 1, 'Tener celos');
INSERT INTO lexical_entries VALUES ('RD-001619', 'Ni’mayéami', 'Ni’mayéami', 'ni''mayeami', NULL, 'Adj', 'Adj', 'Celoso', '', 'SRC-02', '64', '64', 'Transcrito', 'Autorizada para difusión', 'Pendiente de validación lingüística');
INSERT INTO senses VALUES ('RD-001619-S01', 'RD-001619', 1, 'Celoso');
INSERT INTO lexical_entries VALUES ('RD-001620', 'Nimí', 'Nimí', 'nimi', NULL, 'Pron', 'Pron', 'Yo a ti', '', 'SRC-02', '64', '64', 'Transcrito', 'Autorizada para difusión', 'Pendiente de validación lingüística');
INSERT INTO senses VALUES ('RD-001620-S01', 'RD-001620', 1, 'Yo a ti');
INSERT INTO lexical_entries VALUES ('RD-001621', 'Nimica', 'Nimica', 'nimica', NULL, 'Vt', 'Vt', 'Contradecir', '', 'SRC-02', '64', '64', 'Transcrito', 'Autorizada para difusión', 'Pendiente de validación lingüística');
INSERT INTO senses VALUES ('RD-001621-S01', 'RD-001621', 1, 'Contradecir');
INSERT INTO lexical_entries VALUES ('RD-001622', '‘Niná', '‘Niná', '''nina', NULL, 'Vt', 'Vt', 'Ver', '', 'SRC-02', '64', '64', 'Transcrito', 'Autorizada para difusión', 'Pendiente de validación lingüística');
INSERT INTO senses VALUES ('RD-001622-S01', 'RD-001622', 1, 'Ver');
INSERT INTO lexical_entries VALUES ('RD-001623', 'Nipá', 'Nipá', 'nipa', NULL, 'Vt', 'Vt', 'Cobrar', '', 'SRC-02', '64', '64', 'Transcrito', 'Autorizada para difusión', 'Pendiente de validación lingüística');
INSERT INTO senses VALUES ('RD-001623-S01', 'RD-001623', 1, 'Cobrar');
INSERT INTO lexical_entries VALUES ('RD-001624', 'Nipáami', 'Nipáami', 'nipaami', NULL, 'S', 'S', 'Cobrador', '', 'SRC-02', '64', '64', 'Transcrito', 'Autorizada para difusión', 'Pendiente de validación lingüística');
INSERT INTO senses VALUES ('RD-001624-S01', 'RD-001624', 1, 'Cobrador');
INSERT INTO lexical_entries VALUES ('RD-001625', 'Niquí', 'Niquí', 'niqui', NULL, 'Vt', 'Vt', 'Picar', '', 'SRC-02', '64', '64', 'Transcrito', 'Autorizada para difusión', 'Pendiente de validación lingüística');
INSERT INTO senses VALUES ('RD-001625-S01', 'RD-001625', 1, 'Picar');
INSERT INTO lexical_entries VALUES ('RD-001626', 'Niquíami', 'Niquíami', 'niquiami', NULL, 'S', 'S', 'Picador', '', 'SRC-02', '64', '64', 'Transcrito', 'Autorizada para difusión', 'Pendiente de validación lingüística');
INSERT INTO senses VALUES ('RD-001626-S01', 'RD-001626', 1, 'Picador');
INSERT INTO lexical_entries VALUES ('RD-001627', 'Niquiyá', 'Niquiyá', 'niquiya', NULL, 'Vi pl', 'Vi', 'Aullar (perros)', '', 'SRC-02', '64', '64', 'Transcrito', 'Autorizada para difusión', 'Pendiente de validación lingüística');
INSERT INTO senses VALUES ('RD-001627-S01', 'RD-001627', 1, 'Aullar (perros)');
INSERT INTO lexical_entries VALUES ('RD-001628', 'Nirá', 'Nirá', 'nira', NULL, 'Vi', 'Vi', '1. Parecer bien 2. Respetar', '', 'SRC-02', '64', '64', 'Transcrito', 'Autorizada para difusión', 'Pendiente de validación lingüística');
INSERT INTO senses VALUES ('RD-001628-S01', 'RD-001628', 1, 'Parecer bien');
INSERT INTO senses VALUES ('RD-001628-S02', 'RD-001628', 2, 'Respetar');
INSERT INTO lexical_entries VALUES ('RD-001629', 'Niráa', 'Niráa', 'niraa', NULL, 'Adv', 'Adv', 'Como', '', 'SRC-02', '64', '64', 'Transcrito', 'Autorizada para difusión', 'Pendiente de validación lingüística');
INSERT INTO senses VALUES ('RD-001629-S01', 'RD-001629', 1, 'Como');
INSERT INTO lexical_entries VALUES ('RD-001630', 'Níraga', 'Níraga', 'niraga', NULL, 'Vi', 'Vi', 'Ser', '', 'SRC-02', '64', '64', 'Transcrito', 'Autorizada para difusión', 'Pendiente de validación lingüística');
INSERT INTO senses VALUES ('RD-001630-S01', 'RD-001630', 1, 'Ser');
INSERT INTO lexical_entries VALUES ('RD-001631', 'Nírasi', 'Nírasi', 'nirasi', NULL, 'Imper', 'Imper', 'Sean', '', 'SRC-02', '64', '64', 'Transcrito', 'Autorizada para difusión', 'Pendiente de validación lingüística');
INSERT INTO senses VALUES ('RD-001631-S01', 'RD-001631', 1, 'Sean');
INSERT INTO lexical_entries VALUES ('RD-001632', 'Nírata', 'Nírata', 'nirata', NULL, 'Vt', 'Vt', 'Animar, dar fe', '', 'SRC-02', '64', '64', 'Transcrito', 'Autorizada para difusión', 'Pendiente de validación lingüística');
INSERT INTO senses VALUES ('RD-001632-S01', 'RD-001632', 1, 'Animar, dar fe');
INSERT INTO lexical_entries VALUES ('RD-001633', 'Níriami', 'Níriami', 'niriami', NULL, 'Adj', 'Adj', 'Jactancioso, vanidoso', '', 'SRC-02', '64', '64', 'Transcrito', 'Autorizada para difusión', 'Pendiente de validación lingüística');
INSERT INTO senses VALUES ('RD-001633-S01', 'RD-001633', 1, 'Jactancioso, vanidoso');
INSERT INTO lexical_entries VALUES ('RD-001634', 'Nirú', 'Nirú', 'niru', NULL, 'Vi', 'Vi', 'Hay', '', 'SRC-02', '64', '64', 'Transcrito', 'Autorizada para difusión', 'Pendiente de validación lingüística');
INSERT INTO senses VALUES ('RD-001634-S01', 'RD-001634', 1, 'Hay');
INSERT INTO lexical_entries VALUES ('RD-001635', 'Nisé', 'Nisé', 'nise', NULL, 'Vt', 'Vt', 'Cuidar, pastorear', '', 'SRC-02', '64', '64', 'Transcrito', 'Autorizada para difusión', 'Pendiente de validación lingüística');
INSERT INTO senses VALUES ('RD-001635-S01', 'RD-001635', 1, 'Cuidar, pastorear');
INSERT INTO lexical_entries VALUES ('RD-001636', 'Niséami', 'Niséami', 'niseami', NULL, 'S', 'S', 'Pastor', '', 'SRC-02', '64', '64', 'Transcrito', 'Autorizada para difusión', 'Pendiente de validación lingüística');
INSERT INTO senses VALUES ('RD-001636-S01', 'RD-001636', 1, 'Pastor');
INSERT INTO lexical_entries VALUES ('RD-001637', 'Nitapa', 'Nitapa', 'nitapa', NULL, 'Vt', 'Vt', '1. Empujar (bueyes) 2. Aplastar', '', 'SRC-02', '64', '64', 'Transcrito', 'Autorizada para difusión', 'Pendiente de validación lingüística');
INSERT INTO senses VALUES ('RD-001637-S01', 'RD-001637', 1, 'Empujar (bueyes)');
INSERT INTO senses VALUES ('RD-001637-S02', 'RD-001637', 2, 'Aplastar');
INSERT INTO lexical_entries VALUES ('RD-001638', 'Nité', 'Nité', 'nite', NULL, 'Vi', 'Vi', 'Patear (animal)', '', 'SRC-02', '65', '65', 'Transcrito', 'Autorizada para difusión', 'Pendiente de validación lingüística');
INSERT INTO senses VALUES ('RD-001638-S01', 'RD-001638', 1, 'Patear (animal)');
INSERT INTO lexical_entries VALUES ('RD-001639', 'Nitoba', 'Nitoba', 'nitoba', NULL, 'Vi', 'Vi', 'Adelantarse', '', 'SRC-02', '65', '65', 'Transcrito', 'Autorizada para difusión', 'Pendiente de validación lingüística');
INSERT INTO senses VALUES ('RD-001639-S01', 'RD-001639', 1, 'Adelantarse');
INSERT INTO lexical_entries VALUES ('RD-001640', 'Ni’yoca', 'Ni’yoca', 'ni''yoca', NULL, 'Vi', 'Vi', 'Hacer sonidos (con la voz)', '', 'SRC-02', '65', '65', 'Transcrito', 'Autorizada para difusión', 'Pendiente de validación lingüística');
INSERT INTO senses VALUES ('RD-001640-S01', 'RD-001640', 1, 'Hacer sonidos (con la voz)');
INSERT INTO lexical_entries VALUES ('RD-001641', 'Ni’yúbana', 'Ni’yúbana', 'ni''yubana', NULL, 'Vt', 'Vt', 'Soltar', '', 'SRC-02', '65', '65', 'Transcrito', 'Autorizada para difusión', 'Pendiente de validación lingüística');
INSERT INTO senses VALUES ('RD-001641-S01', 'RD-001641', 1, 'Soltar');
INSERT INTO lexical_entries VALUES ('RD-001642', 'Ni’yura', 'Ni’yura', 'ni''yura', NULL, 'Vi', 'Vi', 'Vencer, ganar', '', 'SRC-02', '65', '65', 'Transcrito', 'Autorizada para difusión', 'Pendiente de validación lingüística');
INSERT INTO senses VALUES ('RD-001642-S01', 'RD-001642', 1, 'Vencer, ganar');
INSERT INTO lexical_entries VALUES ('RD-001643', 'Ni’yusa', 'Ni’yusa', 'ni''yusa', NULL, 'Vi', 'Vi', 'Soltarse, escaparse', '', 'SRC-02', '65', '65', 'Transcrito', 'Autorizada para difusión', 'Pendiente de validación lingüística');
INSERT INTO senses VALUES ('RD-001643-S01', 'RD-001643', 1, 'Soltarse, escaparse');
INSERT INTO lexical_entries VALUES ('RD-001644', 'No', '1No', 'no', '1', 'S', 'S', 'Hijo (en relación al padre)', '', 'SRC-02', '65', '65', 'Transcrito', 'Autorizada para difusión', 'Pendiente de validación lingüística');
INSERT INTO senses VALUES ('RD-001644-S01', 'RD-001644', 1, 'Hijo (en relación al padre)');
INSERT INTO lexical_entries VALUES ('RD-001645', 'No', '2No', 'no', '2', 'Vt', 'Vt', 'Confiar', '', 'SRC-02', '65', '65', 'Transcrito', 'Autorizada para difusión', 'Pendiente de validación lingüística');
INSERT INTO senses VALUES ('RD-001645-S01', 'RD-001645', 1, 'Confiar');
INSERT INTO lexical_entries VALUES ('RD-001646', 'No’', 'No’', 'no''', NULL, 'Vt', 'Vt', 'Admirar', '', 'SRC-02', '65', '65', 'Transcrito', 'Autorizada para difusión', 'Pendiente de validación lingüística');
INSERT INTO senses VALUES ('RD-001646-S01', 'RD-001646', 1, 'Admirar');
INSERT INTO lexical_entries VALUES ('RD-001647', 'Nocá', 'Nocá', 'noca', NULL, 'Vi', 'Vi', 'Moverse', '', 'SRC-02', '65', '65', 'Transcrito', 'Autorizada para difusión', 'Pendiente de validación lingüística');
INSERT INTO senses VALUES ('RD-001647-S01', 'RD-001647', 1, 'Moverse');
INSERT INTO lexical_entries VALUES ('RD-001648', 'Nocohué', 'Nocohué', 'nocohue', NULL, 'Vi', 'Vi', 'Moverse', '', 'SRC-02', '65', '65', 'Transcrito', 'Autorizada para difusión', 'Pendiente de validación lingüística');
INSERT INTO senses VALUES ('RD-001648-S01', 'RD-001648', 1, 'Moverse');
INSERT INTO lexical_entries VALUES ('RD-001649', 'Nocuá', 'Nocuá', 'nocua', NULL, 'Vi', 'Vi', 'Moverse, temblar', '', 'SRC-02', '65', '65', 'Transcrito', 'Autorizada para difusión', 'Pendiente de validación lingüística');
INSERT INTO senses VALUES ('RD-001649-S01', 'RD-001649', 1, 'Moverse, temblar');
INSERT INTO lexical_entries VALUES ('RD-001650', 'Nocuáami', 'Nocuáami', 'nocuaami', NULL, 'S', 'S', 'Que se puede mover', '', 'SRC-02', '65', '65', 'Transcrito', 'Autorizada para difusión', 'Pendiente de validación lingüística');
INSERT INTO senses VALUES ('RD-001650-S01', 'RD-001650', 1, 'Que se puede mover');
INSERT INTO lexical_entries VALUES ('RD-001651', 'Nocuara', 'Nocuara', 'nocuara', NULL, 'Vt pret', 'Vt', 'Mover (ir)', '', 'SRC-02', '65', '65', 'Transcrito', 'Autorizada para difusión', 'Pendiente de validación lingüística');
INSERT INTO senses VALUES ('RD-001651-S01', 'RD-001651', 1, 'Mover (ir)');
INSERT INTO lexical_entries VALUES ('RD-001652', 'Nocuíchane', 'Nocuíchane', 'nocuichane', NULL, 'Vi pret', 'Vi', 'Comezar a decir', '', 'SRC-02', '65', '65', 'Transcrito', 'Autorizada para difusión', 'Pendiente de validación lingüística');
INSERT INTO senses VALUES ('RD-001652-S01', 'RD-001652', 1, 'Comezar a decir');
INSERT INTO lexical_entries VALUES ('RD-001653', 'Nocuisa', 'Nocuisa', 'nocuisa', NULL, 'Vi sing', 'Vi', 'Seguir haciendo algo', '', 'SRC-02', '65', '65', 'Transcrito', 'Autorizada para difusión', 'Pendiente de validación lingüística');
INSERT INTO senses VALUES ('RD-001653-S01', 'RD-001653', 1, 'Seguir haciendo algo');
INSERT INTO lexical_entries VALUES ('RD-001654', 'Nochá', 'Nochá', 'nocha', NULL, 'Vt', 'Vt', 'Tentar, tocar (con la mano)', '', 'SRC-02', '65', '65', 'Transcrito', 'Autorizada para difusión', 'Pendiente de validación lingüística');
INSERT INTO senses VALUES ('RD-001654-S01', 'RD-001654', 1, 'Tentar, tocar (con la mano)');
INSERT INTO lexical_entries VALUES ('RD-001655', 'Nocha', 'Nocha', 'nocha', NULL, 'Vi', 'Vi', 'Trabajar', '', 'SRC-02', '65', '65', 'Transcrito', 'Autorizada para difusión', 'Pendiente de validación lingüística');
INSERT INTO senses VALUES ('RD-001655-S01', 'RD-001655', 1, 'Trabajar');
INSERT INTO lexical_entries VALUES ('RD-001656', 'Nóchami', 'Nóchami', 'nochami', NULL, 'S', 'S', 'Obrero, trabajador', '', 'SRC-02', '65', '65', 'Transcrito', 'Autorizada para difusión', 'Pendiente de validación lingüística');
INSERT INTO senses VALUES ('RD-001656-S01', 'RD-001656', 1, 'Obrero, trabajador');
INSERT INTO lexical_entries VALUES ('RD-001657', 'Nochara', 'Nochara', 'nochara', NULL, 'Vt', 'Vt', 'Poner a trabajar, ocupar', '', 'SRC-02', '65', '65', 'Transcrito', 'Autorizada para difusión', 'Pendiente de validación lingüística');
INSERT INTO senses VALUES ('RD-001657-S01', 'RD-001657', 1, 'Poner a trabajar, ocupar');
INSERT INTO lexical_entries VALUES ('RD-001658', 'Nochárata', 'Nochárata', 'nocharata', NULL, 'Vt', 'Vt', 'Emplear', '', 'SRC-02', '65', '65', 'Transcrito', 'Autorizada para difusión', 'Pendiente de validación lingüística');
INSERT INTO senses VALUES ('RD-001658-S01', 'RD-001658', 1, 'Emplear');
INSERT INTO lexical_entries VALUES ('RD-001659', 'Nóchari', '1Nóchari', 'nochari', '1', 'Adj', 'Adj', 'Difícil', '', 'SRC-02', '65', '65', 'Transcrito', 'Autorizada para difusión', 'Pendiente de validación lingüística');
INSERT INTO senses VALUES ('RD-001659-S01', 'RD-001659', 1, 'Difícil');
INSERT INTO lexical_entries VALUES ('RD-001660', 'Nóchari', '2Nóchari', 'nochari', '2', 'S', 'S', 'Trabajo', '', 'SRC-02', '65', '65', 'Transcrito', 'Autorizada para difusión', 'Pendiente de validación lingüística');
INSERT INTO senses VALUES ('RD-001660-S01', 'RD-001660', 1, 'Trabajo');
INSERT INTO lexical_entries VALUES ('RD-001661', 'Nocháisa', 'Nocháisa', 'nochaisa', NULL, '', 'Sin clasificar', 'A trabajar (varios)', '', 'SRC-02', '65', '65', 'Transcrito', 'Autorizada para difusión', 'Pendiente de validación lingüística');
INSERT INTO senses VALUES ('RD-001661-S01', 'RD-001661', 1, 'A trabajar (varios)');
INSERT INTO lexical_entries VALUES ('RD-001662', 'Noguí, noquí', 'Noguí, noquí', 'nogui, noqui', NULL, 'Adv', 'Adv', 'Casi', '', 'SRC-02', '65', '65', 'Transcrito', 'Autorizada para difusión', 'Pendiente de validación lingüística');
INSERT INTO senses VALUES ('RD-001662-S01', 'RD-001662', 1, 'Casi');
INSERT INTO variants VALUES ('RD-001662-V01', 'RD-001662', 1, 'noquí');
INSERT INTO lexical_entries VALUES ('RD-001663', 'Nohua', 'Nohua', 'nohua', NULL, 'Vi', 'Vi', 'Tener un hijo (hombre)', '', 'SRC-02', '65', '65', 'Transcrito', 'Autorizada para difusión', 'Pendiente de validación lingüística');
INSERT INTO senses VALUES ('RD-001663-S01', 'RD-001663', 1, 'Tener un hijo (hombre)');
INSERT INTO lexical_entries VALUES ('RD-001664', 'Nohuí', 'Nohuí', 'nohui', NULL, 'S', 'S', 'Gorgojo de la tierra', '', 'SRC-02', '65', '65', 'Transcrito', 'Autorizada para difusión', 'Pendiente de validación lingüística');
INSERT INTO senses VALUES ('RD-001664-S01', 'RD-001664', 1, 'Gorgojo de la tierra');
INSERT INTO lexical_entries VALUES ('RD-001665', 'Nóochami', 'Nóochami', 'noochami', NULL, 'Adj', 'Adj', 'Orgulloso', '', 'SRC-02', '65', '65', 'Transcrito', 'Autorizada para difusión', 'Pendiente de validación lingüística');
INSERT INTO senses VALUES ('RD-001665-S01', 'RD-001665', 1, 'Orgulloso');
INSERT INTO lexical_entries VALUES ('RD-001666', 'Noporí', 'Noporí', 'nopori', NULL, 'Vt', 'Vt', 'Inundar', '', 'SRC-02', '65', '65', 'Transcrito', 'Autorizada para difusión', 'Pendiente de validación lingüística');
INSERT INTO senses VALUES ('RD-001666-S01', 'RD-001666', 1, 'Inundar');
INSERT INTO lexical_entries VALUES ('RD-001667', 'Noporíbana', 'Noporíbana', 'noporibana', NULL, 'Vt', 'Vt', 'Cubrir (con agua)', '', 'SRC-02', '65', '65', 'Transcrito', 'Autorizada para difusión', 'Pendiente de validación lingüística');
INSERT INTO senses VALUES ('RD-001667-S01', 'RD-001667', 1, 'Cubrir (con agua)');
INSERT INTO lexical_entries VALUES ('RD-001668', 'Noqué', 'Noqué', 'noque', NULL, 'Vt', 'Vt', 'Mover', '', 'SRC-02', '65', '65', 'Transcrito', 'Autorizada para difusión', 'Pendiente de validación lingüística');
INSERT INTO senses VALUES ('RD-001668-S01', 'RD-001668', 1, 'Mover');
INSERT INTO lexical_entries VALUES ('RD-001669', 'Noquí', 'Noquí', 'noqui', NULL, '', 'Sin clasificar', 'Casi', '', 'SRC-02', '65', '65', 'Transcrito', 'Autorizada para difusión', 'Pendiente de validación lingüística');
INSERT INTO senses VALUES ('RD-001669-S01', 'RD-001669', 1, 'Casi');
INSERT INTO lexical_entries VALUES ('RD-001670', '‘Nora', '‘Nora', '''nora', NULL, 'Vt', 'Vt', 'Traer', '', 'SRC-02', '65', '65', 'Transcrito', 'Autorizada para difusión', 'Pendiente de validación lingüística');
INSERT INTO senses VALUES ('RD-001670-S01', 'RD-001670', 1, 'Traer');
INSERT INTO lexical_entries VALUES ('RD-001671', 'Norahua', 'Norahua', 'norahua', NULL, 'S', 'S', 'Marchante (uno con quien trata la compra o venta)', '', 'SRC-02', '65', '65', 'Transcrito', 'Autorizada para difusión', 'Pendiente de validación lingüística');
INSERT INTO senses VALUES ('RD-001671-S01', 'RD-001671', 1, 'Marchante (uno con quien trata la compra o venta)');
INSERT INTO lexical_entries VALUES ('RD-001672', 'Noré', '1Noré', 'nore', '1', 'Vt', 'Vt', 'Rodear', '', 'SRC-02', '65', '65', 'Transcrito', 'Autorizada para difusión', 'Pendiente de validación lingüística');
INSERT INTO senses VALUES ('RD-001672-S01', 'RD-001672', 1, 'Rodear');
INSERT INTO lexical_entries VALUES ('RD-001673', 'Noré', '2Noré', 'nore', '2', 'Vi', 'Vi', 'Estar nublado', '', 'SRC-02', '65', '65', 'Transcrito', 'Autorizada para difusión', 'Pendiente de validación lingüística');
INSERT INTO senses VALUES ('RD-001673-S01', 'RD-001673', 1, 'Estar nublado');
INSERT INTO lexical_entries VALUES ('RD-001674', 'Noreba', '1Noreba', 'noreba', '1', 'Vi', 'Vi', 'Nublarse', '', 'SRC-02', '65', '65', 'Transcrito', 'Autorizada para difusión', 'Pendiente de validación lingüística');
INSERT INTO senses VALUES ('RD-001674-S01', 'RD-001674', 1, 'Nublarse');
INSERT INTO lexical_entries VALUES ('RD-001675', 'Noreba', '2Noreba', 'noreba', '2', 'Vt', 'Vt', 'Dar vuelta', '', 'SRC-02', '65', '65', 'Transcrito', 'Autorizada para difusión', 'Pendiente de validación lingüística');
INSERT INTO senses VALUES ('RD-001675-S01', 'RD-001675', 1, 'Dar vuelta');
INSERT INTO lexical_entries VALUES ('RD-001676', 'Norera', 'Norera', 'norera', NULL, 'Vt', 'Vt', 'Ir alrededor, rodear', '', 'SRC-02', '65', '65', 'Transcrito', 'Autorizada para difusión', 'Pendiente de validación lingüística');
INSERT INTO senses VALUES ('RD-001676-S01', 'RD-001676', 1, 'Ir alrededor, rodear');
INSERT INTO lexical_entries VALUES ('RD-001677', 'Norí', '1Norí', 'nori', '1', 'S', 'S', 'Nube', '', 'SRC-02', '65', '65', 'Transcrito', 'Autorizada para difusión', 'Pendiente de validación lingüística');
INSERT INTO senses VALUES ('RD-001677-S01', 'RD-001677', 1, 'Nube');
INSERT INTO lexical_entries VALUES ('RD-001678', 'Norí', '2Norí', 'nori', '2', 'S', 'S', 'Vuelta', '', 'SRC-02', '65', '65', 'Transcrito', 'Autorizada para difusión', 'Pendiente de validación lingüística');
INSERT INTO senses VALUES ('RD-001678-S01', 'RD-001678', 1, 'Vuelta');
INSERT INTO lexical_entries VALUES ('RD-001679', 'Norigá', 'Norigá', 'noriga', NULL, 'Adv', 'Adv', 'Alrededor', '', 'SRC-02', '65', '65', 'Transcrito', 'Autorizada para difusión', 'Pendiente de validación lingüística');
INSERT INTO senses VALUES ('RD-001679-S01', 'RD-001679', 1, 'Alrededor');
INSERT INTO lexical_entries VALUES ('RD-001680', 'Norina', 'Norina', 'norina', NULL, 'Vi', 'Vi', 'Volver, venir', '', 'SRC-02', '65', '65', 'Transcrito', 'Autorizada para difusión', 'Pendiente de validación lingüística');
INSERT INTO senses VALUES ('RD-001680-S01', 'RD-001680', 1, 'Volver, venir');
INSERT INTO lexical_entries VALUES ('RD-001681', 'Norira', 'Norira', 'norira', NULL, 'Vi', 'Vi', 'Andar dando vueltas', '', 'SRC-02', '65', '65', 'Transcrito', 'Autorizada para difusión', 'Pendiente de validación lingüística');
INSERT INTO senses VALUES ('RD-001681-S01', 'RD-001681', 1, 'Andar dando vueltas');
INSERT INTO lexical_entries VALUES ('RD-001682', 'Norírahuachi', 'Norírahuachi', 'norirahuachi', NULL, 'S', 'S', 'Semana santa', '', 'SRC-02', '66', '66', 'Transcrito', 'Autorizada para difusión', 'Pendiente de validación lingüística');
INSERT INTO senses VALUES ('RD-001682-S01', 'RD-001682', 1, 'Semana santa');
INSERT INTO lexical_entries VALUES ('RD-001683', 'Norohuí', 'Norohuí', 'norohui', NULL, 'Vi', 'Vi', 'Ocultarse (al pasar al otro lado)', '', 'SRC-02', '66', '66', 'Transcrito', 'Autorizada para difusión', 'Pendiente de validación lingüística');
INSERT INTO senses VALUES ('RD-001683-S01', 'RD-001683', 1, 'Ocultarse (al pasar al otro lado)');
INSERT INTO lexical_entries VALUES ('RD-001684', 'Norohuiri', 'Norohuiri', 'norohuiri', NULL, 'Vi', 'Vi', 'Desaparecerse (al pasar al otro lado del cerro)', '', 'SRC-02', '66', '66', 'Transcrito', 'Autorizada para difusión', 'Pendiente de validación lingüística');
INSERT INTO senses VALUES ('RD-001684-S01', 'RD-001684', 1, 'Desaparecerse (al pasar al otro lado del cerro)');
INSERT INTO lexical_entries VALUES ('RD-001685', 'Nosobú', 'Nosobú', 'nosobu', NULL, 'Vt', 'Vt', 'Descomponer, echar a perder', '', 'SRC-02', '66', '66', 'Transcrito', 'Autorizada para difusión', 'Pendiente de validación lingüística');
INSERT INTO senses VALUES ('RD-001685-S01', 'RD-001685', 1, 'Descomponer, echar a perder');
INSERT INTO lexical_entries VALUES ('RD-001686', 'Nosohuí', 'Nosohuí', 'nosohui', NULL, 'Vi', 'Vi', 'Descomponerse', '', 'SRC-02', '66', '66', 'Transcrito', 'Autorizada para difusión', 'Pendiente de validación lingüística');
INSERT INTO senses VALUES ('RD-001686-S01', 'RD-001686', 1, 'Descomponerse');
INSERT INTO lexical_entries VALUES ('RD-001687', 'Nuchuguéami', 'Nuchuguéami', 'nuchugueami', NULL, 'Pp', 'Pp', 'Que sigue a otro constantemente porque lo quiere', '', 'SRC-02', '66', '66', 'Transcrito', 'Autorizada para difusión', 'Pendiente de validación lingüística');
INSERT INTO senses VALUES ('RD-001687-S01', 'RD-001687', 1, 'Que sigue a otro constantemente porque lo quiere');
INSERT INTO lexical_entries VALUES ('RD-001688', 'Nurá', 'Nurá', 'nura', NULL, 'Vi', 'Vi', 'Mandar, ordenar', '', 'SRC-02', '66', '66', 'Transcrito', 'Autorizada para difusión', 'Pendiente de validación lingüística');
INSERT INTO senses VALUES ('RD-001688-S01', 'RD-001688', 1, 'Mandar, ordenar');
INSERT INTO lexical_entries VALUES ('RD-001689', 'Nuraríhuami', 'Nuraríhuami', 'nurarihuami', NULL, 'S', 'S', 'Ley, mandamiento', '', 'SRC-02', '66', '66', 'Transcrito', 'Autorizada para difusión', 'Pendiente de validación lingüística');
INSERT INTO senses VALUES ('RD-001689-S01', 'RD-001689', 1, 'Ley, mandamiento');
INSERT INTO lexical_entries VALUES ('RD-001690', 'Nuré', 'Nuré', 'nure', NULL, 'Vt', 'Vt', 'Mandar (a otro)', '', 'SRC-02', '66', '66', 'Transcrito', 'Autorizada para difusión', 'Pendiente de validación lingüística');
INSERT INTO senses VALUES ('RD-001690-S01', 'RD-001690', 1, 'Mandar (a otro)');
INSERT INTO lexical_entries VALUES ('RD-001691', 'Nuréami', 'Nuréami', 'nureami', NULL, 'S', 'S', 'El que manda (a otro)', '', 'SRC-02', '66', '66', 'Transcrito', 'Autorizada para difusión', 'Pendiente de validación lingüística');
INSERT INTO senses VALUES ('RD-001691-S01', 'RD-001691', 1, 'El que manda (a otro)');
INSERT INTO lexical_entries VALUES ('RD-001692', 'Nuté', 'Nuté', 'nute', NULL, 'Vt', 'Vt', '1. Guardar, retener 2. Alzar 3. Tener comida', '', 'SRC-02', '66', '66', 'Transcrito', 'Autorizada para difusión', 'Pendiente de validación lingüística');
INSERT INTO senses VALUES ('RD-001692-S01', 'RD-001692', 1, 'Guardar, retener');
INSERT INTO senses VALUES ('RD-001692-S02', 'RD-001692', 2, 'Alzar');
INSERT INTO senses VALUES ('RD-001692-S03', 'RD-001692', 3, 'Tener comida');
INSERT INTO lexical_entries VALUES ('RD-001693', 'Nutugá', 'Nutugá', 'nutuga', NULL, 'S', 'S', 'Lonche, merienda', '', 'SRC-02', '66', '66', 'Transcrito', 'Autorizada para difusión', 'Pendiente de validación lingüística');
INSERT INTO senses VALUES ('RD-001693-S01', 'RD-001693', 1, 'Lonche, merienda');
INSERT INTO lexical_entries VALUES ('RD-001694', 'Ocó', '1Ocó', 'oco', '1', 'Vi', 'Vi', 'Doler', '', 'SRC-02', '66', '66', 'Transcrito', 'Autorizada para difusión', 'Pendiente de validación lingüística');
INSERT INTO senses VALUES ('RD-001694-S01', 'RD-001694', 1, 'Doler');
INSERT INTO lexical_entries VALUES ('RD-001695', 'Ocó', '2Ocó', 'oco', '2', 'S', 'S', 'Pino', '', 'SRC-02', '66', '66', 'Transcrito', 'Autorizada para difusión', 'Pendiente de validación lingüística');
INSERT INTO senses VALUES ('RD-001695-S01', 'RD-001695', 1, 'Pino');
INSERT INTO lexical_entries VALUES ('RD-001696', 'Ocochí', 'Ocochí', 'ocochi', NULL, 'Vi pl', 'Vi', 'Dormir', '', 'SRC-02', '66', '66', 'Transcrito', 'Autorizada para difusión', 'Pendiente de validación lingüística');
INSERT INTO senses VALUES ('RD-001696-S01', 'RD-001696', 1, 'Dormir');
INSERT INTO lexical_entries VALUES ('RD-001697', 'Ocohuí', 'Ocohuí', 'ocohui', NULL, 'S', 'S', 'Corcové', '', 'SRC-02', '66', '66', 'Transcrito', 'Autorizada para difusión', 'Pendiente de validación lingüística');
INSERT INTO senses VALUES ('RD-001697-S01', 'RD-001697', 1, 'Corcové');
INSERT INTO lexical_entries VALUES ('RD-001698', 'Oconá', 'Oconá', 'ocona', NULL, '', 'Sin clasificar', 'En dos partes', '', 'SRC-02', '66', '66', 'Transcrito', 'Autorizada para difusión', 'Pendiente de validación lingüística');
INSERT INTO senses VALUES ('RD-001698-S01', 'RD-001698', 1, 'En dos partes');
INSERT INTO lexical_entries VALUES ('RD-001699', 'Ocósuhui', 'Ocósuhui', 'ocosuhui', NULL, 'S', 'S', 'Hojarasca de pino', '', 'SRC-02', '66', '66', 'Transcrito', 'Autorizada para difusión', 'Pendiente de validación lingüística');
INSERT INTO senses VALUES ('RD-001699-S01', 'RD-001699', 1, 'Hojarasca de pino');
INSERT INTO lexical_entries VALUES ('RD-001700', 'Ocuá', '1Ocuá', 'ocua', '1', 'Prep', 'Prep', 'De (desde)', '', 'SRC-02', '66', '66', 'Transcrito', 'Autorizada para difusión', 'Pendiente de validación lingüística');
INSERT INTO senses VALUES ('RD-001700-S01', 'RD-001700', 1, 'De (desde)');
INSERT INTO lexical_entries VALUES ('RD-001701', 'Ocuá', '2Ocuá', 'ocua', '2', 'Adj', 'Adj', 'Dos', '', 'SRC-02', '66', '66', 'Transcrito', 'Autorizada para difusión', 'Pendiente de validación lingüística');
INSERT INTO senses VALUES ('RD-001701-S01', 'RD-001701', 1, 'Dos');
INSERT INTO lexical_entries VALUES ('RD-001702', 'Ocubá', 'Ocubá', 'ocuba', NULL, 'Vi', 'Vi', 'Estar plano', '', 'SRC-02', '66', '66', 'Transcrito', 'Autorizada para difusión', 'Pendiente de validación lingüística');
INSERT INTO senses VALUES ('RD-001702-S01', 'RD-001702', 1, 'Estar plano');
INSERT INTO lexical_entries VALUES ('RD-001703', 'Ochébana', 'Ochébana', 'ochebana', NULL, 'Vt', 'Vt', 'Criar', '', 'SRC-02', '66', '66', 'Transcrito', 'Autorizada para difusión', 'Pendiente de validación lingüística');
INSERT INTO senses VALUES ('RD-001703-S01', 'RD-001703', 1, 'Criar');
INSERT INTO lexical_entries VALUES ('RD-001704', 'Ochéi', 'Ochéi', 'ochei', NULL, 'Vt', 'Vt', 'Tener huesos', '', 'SRC-02', '66', '66', 'Transcrito', 'Autorizada para difusión', 'Pendiente de validación lingüística');
INSERT INTO senses VALUES ('RD-001704-S01', 'RD-001704', 1, 'Tener huesos');
INSERT INTO lexical_entries VALUES ('RD-001705', 'Ochera', 'Ochera', 'ochera', NULL, 'Vi', 'Vi', '1. Crecer 2. Envejecer (hombre)', '', 'SRC-02', '66', '66', 'Transcrito', 'Autorizada para difusión', 'Pendiente de validación lingüística');
INSERT INTO senses VALUES ('RD-001705-S01', 'RD-001705', 1, 'Crecer');
INSERT INTO senses VALUES ('RD-001705-S02', 'RD-001705', 2, 'Envejecer (hombre)');
INSERT INTO lexical_entries VALUES ('RD-001706', '‘Ochérami', '‘Ochérami', '''ocherami', NULL, 'S pl', 'S', 'Viejos, ancianos', '', 'SRC-02', '66', '66', 'Transcrito', 'Autorizada para difusión', 'Pendiente de validación lingüística');
INSERT INTO senses VALUES ('RD-001706-S01', 'RD-001706', 1, 'Viejos, ancianos');
INSERT INTO lexical_entries VALUES ('RD-001707', 'Ochérami', 'Ochérami', 'ocherami', NULL, '', 'Sin clasificar', '1. adj Viejo (de hombres) 2. s Un viejo', '', 'SRC-02', '66', '66', 'Transcrito', 'Autorizada para difusión', 'Pendiente de validación lingüística');
INSERT INTO senses VALUES ('RD-001707-S01', 'RD-001707', 1, 'adj Viejo (de hombres)');
INSERT INTO senses VALUES ('RD-001707-S02', 'RD-001707', 2, 's Un viejo');
INSERT INTO lexical_entries VALUES ('RD-001708', 'Ochí', 'Ochí', 'ochi', NULL, 'S', 'S', 'Hueso', '', 'SRC-02', '66', '66', 'Transcrito', 'Autorizada para difusión', 'Pendiente de validación lingüística');
INSERT INTO senses VALUES ('RD-001708-S01', 'RD-001708', 1, 'Hueso');
INSERT INTO lexical_entries VALUES ('RD-001709', 'Ochícari', 'Ochícari', 'ochicari', NULL, 'S', 'S', '1. Abuelo paterno 2. Nieto (del abuelo paterno)', '', 'SRC-02', '66', '66', 'Transcrito', 'Autorizada para difusión', 'Pendiente de validación lingüística');
INSERT INTO senses VALUES ('RD-001709-S01', 'RD-001709', 1, 'Abuelo paterno');
INSERT INTO senses VALUES ('RD-001709-S02', 'RD-001709', 2, 'Nieto (del abuelo paterno)');
INSERT INTO lexical_entries VALUES ('RD-001710', 'Ochó', 'Ochó', 'ocho', NULL, 'Vt', 'Vt', 'Pegar (con la mano)', '', 'SRC-02', '66', '66', 'Transcrito', 'Autorizada para difusión', 'Pendiente de validación lingüística');
INSERT INTO senses VALUES ('RD-001710-S01', 'RD-001710', 1, 'Pegar (con la mano)');
INSERT INTO lexical_entries VALUES ('RD-001711', 'Ochobé', 'Ochobé', 'ochobe', NULL, 'Vt', 'Vt', 'Chamuscar', '', 'SRC-02', '66', '66', 'Transcrito', 'Autorizada para difusión', 'Pendiente de validación lingüística');
INSERT INTO senses VALUES ('RD-001711-S01', 'RD-001711', 1, 'Chamuscar');
INSERT INTO lexical_entries VALUES ('RD-001712', 'Ochobeta', 'Ochobeta', 'ochobeta', NULL, 'Vi', 'Vi', 'Quemarse (comida o alguna cosa dejada cerca de la lumbre)', '', 'SRC-02', '66', '66', 'Transcrito', 'Autorizada para difusión', 'Pendiente de validación lingüística');
INSERT INTO senses VALUES ('RD-001712-S01', 'RD-001712', 1, 'Quemarse (comida o alguna cosa dejada cerca de la lumbre)');
INSERT INTO lexical_entries VALUES ('RD-001713', 'Ochoréami', 'Ochoréami', 'ochoreami', NULL, 'Adj', 'Adj', 'Mugriento', '', 'SRC-02', '66', '66', 'Transcrito', 'Autorizada para difusión', 'Pendiente de validación lingüística');
INSERT INTO senses VALUES ('RD-001713-S01', 'RD-001713', 1, 'Mugriento');
INSERT INTO lexical_entries VALUES ('RD-001714', 'Ochorí', 'Ochorí', 'ochori', NULL, 'S', 'S', 'Barro', '', 'SRC-02', '66', '66', 'Transcrito', 'Autorizada para difusión', 'Pendiente de validación lingüística');
INSERT INTO senses VALUES ('RD-001714-S01', 'RD-001714', 1, 'Barro');
INSERT INTO lexical_entries VALUES ('RD-001715', 'Ohuá', 'Ohuá', 'ohua', NULL, 'S', 'S', 'Flecha', '', 'SRC-02', '66', '66', 'Transcrito', 'Autorizada para difusión', 'Pendiente de validación lingüística');
INSERT INTO senses VALUES ('RD-001715-S01', 'RD-001715', 1, 'Flecha');
INSERT INTO lexical_entries VALUES ('RD-001716', 'Ohuáami', 'Ohuáami', 'ohuaami', NULL, 'S', 'S', 'Medicina, remedio', '', 'SRC-02', '66', '66', 'Transcrito', 'Autorizada para difusión', 'Pendiente de validación lingüística');
INSERT INTO senses VALUES ('RD-001716-S01', 'RD-001716', 1, 'Medicina, remedio');
INSERT INTO lexical_entries VALUES ('RD-001717', 'O’huari', 'O’huari', 'o''huari', NULL, 'Adj', 'Adj', '1. Grande 2. Ruidoso, fuerte, recio', '', 'SRC-02', '66', '66', 'Transcrito', 'Autorizada para difusión', 'Pendiente de validación lingüística');
INSERT INTO senses VALUES ('RD-001717-S01', 'RD-001717', 1, 'Grande');
INSERT INTO senses VALUES ('RD-001717-S02', 'RD-001717', 2, 'Ruidoso, fuerte, recio');
INSERT INTO lexical_entries VALUES ('RD-001718', 'O’huéara', 'O’huéara', 'o''hueara', NULL, 'S pl', 'S', 'Los grandes, los jefes', '', 'SRC-02', '66', '66', 'Transcrito', 'Autorizada para difusión', 'Pendiente de validación lingüística');
INSERT INTO senses VALUES ('RD-001718-S01', 'RD-001718', 1, 'Los grandes, los jefes');
INSERT INTO lexical_entries VALUES ('RD-001719', 'Ohuí', 'Ohuí', 'ohui', NULL, 'Vt', 'Vt', 'Invitar', '', 'SRC-02', '66', '66', 'Transcrito', 'Autorizada para difusión', 'Pendiente de validación lingüística');
INSERT INTO senses VALUES ('RD-001719-S01', 'RD-001719', 1, 'Invitar');
INSERT INTO lexical_entries VALUES ('RD-001720', 'O’huí', 'O’huí', 'o''hui', NULL, 'Vt', 'Vt', 'Lazar, enlazar (un animal)', '', 'SRC-02', '66', '66', 'Transcrito', 'Autorizada para difusión', 'Pendiente de validación lingüística');
INSERT INTO senses VALUES ('RD-001720-S01', 'RD-001720', 1, 'Lazar, enlazar (un animal)');
INSERT INTO lexical_entries VALUES ('RD-001721', 'O’huibichi', 'O’huibichi', 'o''huibichi', NULL, 'Adj', 'Adj', 'Zurdo', '', 'SRC-02', '67', '67', 'Transcrito', 'Autorizada para difusión', 'Pendiente de validación lingüística');
INSERT INTO senses VALUES ('RD-001721-S01', 'RD-001721', 1, 'Zurdo');
INSERT INTO lexical_entries VALUES ('RD-001722', 'O’huicha', 'O’huicha', 'o''huicha', NULL, 'Vt', 'Vt', 'Levantar (p. ej.: costal de maíz, piedra grande)', '', 'SRC-02', '67', '67', 'Transcrito', 'Autorizada para difusión', 'Pendiente de validación lingüística');
INSERT INTO senses VALUES ('RD-001722-S01', 'RD-001722', 1, 'Levantar (p. ej.: costal de maíz, piedra grande)');
INSERT INTO lexical_entries VALUES ('RD-001723', 'Ohuina', 'Ohuina', 'ohuina', NULL, 'Vi sing', 'Vi', 'Levantarse', '', 'SRC-02', '67', '67', 'Transcrito', 'Autorizada para difusión', 'Pendiente de validación lingüística');
INSERT INTO senses VALUES ('RD-001723-S01', 'RD-001723', 1, 'Levantarse');
INSERT INTO lexical_entries VALUES ('RD-001724', 'O’huina', 'O’huina', 'o''huina', NULL, 'Vi', 'Vi', 'Comenzar', '', 'SRC-02', '67', '67', 'Transcrito', 'Autorizada para difusión', 'Pendiente de validación lingüística');
INSERT INTO senses VALUES ('RD-001724-S01', 'RD-001724', 1, 'Comenzar');
INSERT INTO lexical_entries VALUES ('RD-001725', 'O’huiná', 'O’huiná', 'o''huina', NULL, 'Adj', 'Adj', 'Izquierdo', '', 'SRC-02', '67', '67', 'Transcrito', 'Autorizada para difusión', 'Pendiente de validación lingüística');
INSERT INTO senses VALUES ('RD-001725-S01', 'RD-001725', 1, 'Izquierdo');
INSERT INTO lexical_entries VALUES ('RD-001726', 'O’huiqué', '1O’huiqué', 'o''huique', '1', 'Vt', 'Vt', 'Respetar, obedecer', '', 'SRC-02', '67', '67', 'Transcrito', 'Autorizada para difusión', 'Pendiente de validación lingüística');
INSERT INTO senses VALUES ('RD-001726-S01', 'RD-001726', 1, 'Respetar, obedecer');
INSERT INTO lexical_entries VALUES ('RD-001727', 'O’huiqué', '2O’huiqué', 'o''huique', '2', 'Vt', 'Vt', 'Dar comida (regalada)', '', 'SRC-02', '67', '67', 'Transcrito', 'Autorizada para difusión', 'Pendiente de validación lingüística');
INSERT INTO senses VALUES ('RD-001727-S01', 'RD-001727', 1, 'Dar comida (regalada)');
INSERT INTO lexical_entries VALUES ('RD-001728', 'Ohuira', 'Ohuira', 'ohuira', NULL, 'Adj', 'Adj', 'Macho', '', 'SRC-02', '67', '67', 'Transcrito', 'Autorizada para difusión', 'Pendiente de validación lingüística');
INSERT INTO senses VALUES ('RD-001728-S01', 'RD-001728', 1, 'Macho');
INSERT INTO lexical_entries VALUES ('RD-001729', 'Ojuí', 'Ojuí', 'ojui', NULL, 'S', 'S', 'Oso', '', 'SRC-02', '67', '67', 'Transcrito', 'Autorizada para difusión', 'Pendiente de validación lingüística');
INSERT INTO senses VALUES ('RD-001729-S01', 'RD-001729', 1, 'Oso');
INSERT INTO lexical_entries VALUES ('RD-001730', 'Omá', 'Omá', 'oma', NULL, 'Adv', 'Adv', 'También', '', 'SRC-02', '67', '67', 'Transcrito', 'Autorizada para difusión', 'Pendiente de validación lingüística');
INSERT INTO senses VALUES ('RD-001730-S01', 'RD-001730', 1, 'También');
INSERT INTO lexical_entries VALUES ('RD-001731', 'O’máana', 'O’máana', 'o''maana', NULL, 'Adv', 'Adv', 'En todas partes (donde hay gente)', '', 'SRC-02', '67', '67', 'Transcrito', 'Autorizada para difusión', 'Pendiente de validación lingüística');
INSERT INTO senses VALUES ('RD-001731-S01', 'RD-001731', 1, 'En todas partes (donde hay gente)');
INSERT INTO lexical_entries VALUES ('RD-001732', 'Omahua', 'Omahua', 'omahua', NULL, 'Vt pl', 'Vt', 'Hacer fiesta', '', 'SRC-02', '67', '67', 'Transcrito', 'Autorizada para difusión', 'Pendiente de validación lingüística');
INSERT INTO senses VALUES ('RD-001732-S01', 'RD-001732', 1, 'Hacer fiesta');
INSERT INTO lexical_entries VALUES ('RD-001733', 'Omáhuari', 'Omáhuari', 'omahuari', NULL, 'S', 'S', 'Fiesta', '', 'SRC-02', '67', '67', 'Transcrito', 'Autorizada para difusión', 'Pendiente de validación lingüística');
INSERT INTO senses VALUES ('RD-001733-S01', 'RD-001733', 1, 'Fiesta');
INSERT INTO lexical_entries VALUES ('RD-001734', 'Oméachi', 'Oméachi', 'omeachi', NULL, 'S', 'S', 'Domingo', '', 'SRC-02', '67', '67', 'Transcrito', 'Autorizada para difusión', 'Pendiente de validación lingüística');
INSERT INTO senses VALUES ('RD-001734-S01', 'RD-001734', 1, 'Domingo');
INSERT INTO lexical_entries VALUES ('RD-001735', 'Omeba', 'Omeba', 'omeba', NULL, 'Vt sing', 'Vt', 'Vencer', '', 'SRC-02', '67', '67', 'Transcrito', 'Autorizada para difusión', 'Pendiente de validación lingüística');
INSERT INTO senses VALUES ('RD-001735-S01', 'RD-001735', 1, 'Vencer');
INSERT INTO lexical_entries VALUES ('RD-001736', 'Omée', '1Omée', 'omee', '1', 'Vi', 'Vi', 'Ser venenoso', '', 'SRC-02', '67', '67', 'Transcrito', 'Autorizada para difusión', 'Pendiente de validación lingüística');
INSERT INTO senses VALUES ('RD-001736-S01', 'RD-001736', 1, 'Ser venenoso');
INSERT INTO lexical_entries VALUES ('RD-001737', 'Omée', '2Omée', 'omee', '2', 'Vi', 'Vi', 'Estar difícil', '', 'SRC-02', '67', '67', 'Transcrito', 'Autorizada para difusión', 'Pendiente de validación lingüística');
INSERT INTO senses VALUES ('RD-001737-S01', 'RD-001737', 1, 'Estar difícil');
INSERT INTO lexical_entries VALUES ('RD-001738', 'Omérahuami', 'Omérahuami', 'omerahuami', NULL, 'S', 'S', 'Poder', '', 'SRC-02', '67', '67', 'Transcrito', 'Autorizada para difusión', 'Pendiente de validación lingüística');
INSERT INTO senses VALUES ('RD-001738-S01', 'RD-001738', 1, 'Poder');
INSERT INTO lexical_entries VALUES ('RD-001739', 'Omériami', 'Omériami', 'omeriami', NULL, 'Adj', 'Adj', 'Poderoso', '', 'SRC-02', '67', '67', 'Transcrito', 'Autorizada para difusión', 'Pendiente de validación lingüística');
INSERT INTO senses VALUES ('RD-001739-S01', 'RD-001739', 1, 'Poderoso');
INSERT INTO lexical_entries VALUES ('RD-001740', 'Omero', 'Omero', 'omero', NULL, 'Vi', 'Vi', 'Poder', '', 'SRC-02', '67', '67', 'Transcrito', 'Autorizada para difusión', 'Pendiente de validación lingüística');
INSERT INTO senses VALUES ('RD-001740-S01', 'RD-001740', 1, 'Poder');
INSERT INTO lexical_entries VALUES ('RD-001741', 'O’mona', 'O’mona', 'o''mona', NULL, 'Vi', 'Vi', 'Estar triste', '', 'SRC-02', '67', '67', 'Transcrito', 'Autorizada para difusión', 'Pendiente de validación lingüística');
INSERT INTO senses VALUES ('RD-001741-S01', 'RD-001741', 1, 'Estar triste');
INSERT INTO lexical_entries VALUES ('RD-001742', 'O’mónami', 'O’mónami', 'o''monami', NULL, 'Adj', 'Adj', 'Triste', '', 'SRC-02', '67', '67', 'Transcrito', 'Autorizada para difusión', 'Pendiente de validación lingüística');
INSERT INTO senses VALUES ('RD-001742-S01', 'RD-001742', 1, 'Triste');
INSERT INTO lexical_entries VALUES ('RD-001743', '‘Onami', '‘Onami', '''onami', NULL, 'S', 'S', 'Doctor, médico', '', 'SRC-02', '67', '67', 'Transcrito', 'Autorizada para difusión', 'Pendiente de validación lingüística');
INSERT INTO senses VALUES ('RD-001743-S01', 'RD-001743', 1, 'Doctor, médico');
INSERT INTO lexical_entries VALUES ('RD-001744', 'Oné', 'Oné', 'one', NULL, 'Vt', 'Vt', 'Tener padre', '', 'SRC-02', '67', '67', 'Transcrito', 'Autorizada para difusión', 'Pendiente de validación lingüística');
INSERT INTO senses VALUES ('RD-001744-S01', 'RD-001744', 1, 'Tener padre');
INSERT INTO lexical_entries VALUES ('RD-001745', 'Onó', '1Onó', 'ono', '1', 'S', 'S', 'Padre (del hijo)', '', 'SRC-02', '67', '67', 'Transcrito', 'Autorizada para difusión', 'Pendiente de validación lingüística');
INSERT INTO senses VALUES ('RD-001745-S01', 'RD-001745', 1, 'Padre (del hijo)');
INSERT INTO lexical_entries VALUES ('RD-001746', 'Onó', '2Onó', 'ono', '2', 'Vi', 'Vi', 'Estar enojado', '', 'SRC-02', '67', '67', 'Transcrito', 'Autorizada para difusión', 'Pendiente de validación lingüística');
INSERT INTO senses VALUES ('RD-001746-S01', 'RD-001746', 1, 'Estar enojado');
INSERT INTO lexical_entries VALUES ('RD-001747', 'O’nogári', 'O’nogári', 'o''nogari', NULL, 'Vi pl', 'Vi', 'Tener costumbre de hacerlo', '', 'SRC-02', '67', '67', 'Transcrito', 'Autorizada para difusión', 'Pendiente de validación lingüística');
INSERT INTO senses VALUES ('RD-001747-S01', 'RD-001747', 1, 'Tener costumbre de hacerlo');
INSERT INTO lexical_entries VALUES ('RD-001748', 'Onorúami', 'Onorúami', 'onoruami', NULL, 'S', 'S', 'Dios padre', '', 'SRC-02', '67', '67', 'Transcrito', 'Autorizada para difusión', 'Pendiente de validación lingüística');
INSERT INTO senses VALUES ('RD-001748-S01', 'RD-001748', 1, 'Dios padre');
INSERT INTO lexical_entries VALUES ('RD-001749', 'O’oyóori', 'O’oyóori', 'o''oyoori', NULL, 'Vi sing', 'Vi', 'Tener costumbre de hacerlo', '', 'SRC-02', '67', '67', 'Transcrito', 'Autorizada para difusión', 'Pendiente de validación lingüística');
INSERT INTO senses VALUES ('RD-001749-S01', 'RD-001749', 1, 'Tener costumbre de hacerlo');
INSERT INTO lexical_entries VALUES ('RD-001750', 'Opesi', 'Opesi', 'opesi', NULL, 'Vi', 'Vi', 'Vomitar, basquear', '', 'SRC-02', '67', '67', 'Transcrito', 'Autorizada para difusión', 'Pendiente de validación lingüística');
INSERT INTO senses VALUES ('RD-001750-S01', 'RD-001750', 1, 'Vomitar, basquear');
INSERT INTO lexical_entries VALUES ('RD-001751', 'Opó', 'Opó', 'opo', NULL, 'Vt', 'Vt', 'Arrancar, sacar', '', 'SRC-02', '67', '67', 'Transcrito', 'Autorizada para difusión', 'Pendiente de validación lingüística');
INSERT INTO senses VALUES ('RD-001751-S01', 'RD-001751', 1, 'Arrancar, sacar');
INSERT INTO lexical_entries VALUES ('RD-001752', 'Opoátami', 'Opoátami', 'opoatami', NULL, 'Adj', 'Adj', 'Hueco', '', 'SRC-02', '67', '67', 'Transcrito', 'Autorizada para difusión', 'Pendiente de validación lingüística');
INSERT INTO senses VALUES ('RD-001752-S01', 'RD-001752', 1, 'Hueco');
INSERT INTO lexical_entries VALUES ('RD-001753', 'Opochi', 'Opochi', 'opochi', NULL, 'S', 'S', 'Tía (hermana menor del padre)', '', 'SRC-02', '67', '67', 'Transcrito', 'Autorizada para difusión', 'Pendiente de validación lingüística');
INSERT INTO senses VALUES ('RD-001753-S01', 'RD-001753', 1, 'Tía (hermana menor del padre)');
INSERT INTO lexical_entries VALUES ('RD-001754', 'Oquiri', 'Oquiri', 'oquiri', NULL, 'S', 'S', 'Rata de zacate', '', 'SRC-02', '67', '67', 'Transcrito', 'Autorizada para difusión', 'Pendiente de validación lingüística');
INSERT INTO senses VALUES ('RD-001754-S01', 'RD-001754', 1, 'Rata de zacate');
INSERT INTO lexical_entries VALUES ('RD-001755', 'Orá', '1Orá', 'ora', '1', 'Vt', 'Vt', 'Hacer, obrar', '', 'SRC-02', '67', '67', 'Transcrito', 'Autorizada para difusión', 'Pendiente de validación lingüística');
INSERT INTO senses VALUES ('RD-001755-S01', 'RD-001755', 1, 'Hacer, obrar');
INSERT INTO lexical_entries VALUES ('RD-001756', 'Orá', '2Orá', 'ora', '2', 'Vt', 'Vt', 'Desgranar maíz', '', 'SRC-02', '67', '67', 'Transcrito', 'Autorizada para difusión', 'Pendiente de validación lingüística');
INSERT INTO senses VALUES ('RD-001756-S01', 'RD-001756', 1, 'Desgranar maíz');
INSERT INTO lexical_entries VALUES ('RD-001757', 'Orá', '3Orá', 'ora', '3', 'Vi', 'Vi', 'Tener filo', '', 'SRC-02', '67', '67', 'Transcrito', 'Autorizada para difusión', 'Pendiente de validación lingüística');
INSERT INTO senses VALUES ('RD-001757-S01', 'RD-001757', 1, 'Tener filo');
INSERT INTO lexical_entries VALUES ('RD-001758', 'Oráami', 'Oráami', 'oraami', NULL, 'Adj', 'Adj', 'Afilado', '', 'SRC-02', '67', '67', 'Transcrito', 'Autorizada para difusión', 'Pendiente de validación lingüística');
INSERT INTO senses VALUES ('RD-001758-S01', 'RD-001758', 1, 'Afilado');
INSERT INTO lexical_entries VALUES ('RD-001759', 'Orara', 'Orara', 'orara', NULL, 'Vt', 'Vt', 'Afilar', '', 'SRC-02', '67', '67', 'Transcrito', 'Autorizada para difusión', 'Pendiente de validación lingüística');
INSERT INTO senses VALUES ('RD-001759-S01', 'RD-001759', 1, 'Afilar');
INSERT INTO lexical_entries VALUES ('RD-001760', 'Orari', 'Orari', 'orari', NULL, 'Vi pret', 'Vi', 'Querer', '', 'SRC-02', '67', '67', 'Transcrito', 'Autorizada para difusión', 'Pendiente de validación lingüística');
INSERT INTO senses VALUES ('RD-001760-S01', 'RD-001760', 1, 'Querer');
INSERT INTO lexical_entries VALUES ('RD-001761', 'Oré', 'Oré', 'ore', NULL, 'S', 'S', 'Huella', '', 'SRC-02', '67', '67', 'Transcrito', 'Autorizada para difusión', 'Pendiente de validación lingüística');
INSERT INTO senses VALUES ('RD-001761-S01', 'RD-001761', 1, 'Huella');
INSERT INTO lexical_entries VALUES ('RD-001762', 'O’rí', '1O’rí', 'o''ri', '1', 'Vi', 'Vi', 'Ladear (un pino, un poste)', '', 'SRC-02', '67', '67', 'Transcrito', 'Autorizada para difusión', 'Pendiente de validación lingüística');
INSERT INTO senses VALUES ('RD-001762-S01', 'RD-001762', 1, 'Ladear (un pino, un poste)');
INSERT INTO lexical_entries VALUES ('RD-001763', 'O’rí', '2O’rí', 'o''ri', '2', 'S', 'S', 'Español', '', 'SRC-02', '67', '67', 'Transcrito', 'Autorizada para difusión', 'Pendiente de validación lingüística');
INSERT INTO senses VALUES ('RD-001763-S01', 'RD-001763', 1, 'Español');
INSERT INTO lexical_entries VALUES ('RD-001764', 'O’rí', '3O’rí', 'o''ri', '3', 'Vi', 'Vi', 'Tambalearse', '', 'SRC-02', '68', '68', 'Transcrito', 'Autorizada para difusión', 'Pendiente de validación lingüística');
INSERT INTO senses VALUES ('RD-001764-S01', 'RD-001764', 1, 'Tambalearse');
INSERT INTO lexical_entries VALUES ('RD-001765', 'Orí', '1Orí', 'ori', '1', 'S', 'S', 'Táscate (árbol de la familia del cedro)', '', 'SRC-02', '68', '68', 'Transcrito', 'Autorizada para difusión', 'Pendiente de validación lingüística');
INSERT INTO senses VALUES ('RD-001765-S01', 'RD-001765', 1, 'Táscate (árbol de la familia del cedro)');
INSERT INTO lexical_entries VALUES ('RD-001766', 'Orí', '2Orí', 'ori', '2', 'Adj', 'Adj', 'Español, mestizo', '', 'SRC-02', '68', '68', 'Transcrito', 'Autorizada para difusión', 'Pendiente de validación lingüística');
INSERT INTO senses VALUES ('RD-001766-S01', 'RD-001766', 1, 'Español, mestizo');
INSERT INTO lexical_entries VALUES ('RD-001767', 'Orí', '3Orí', 'ori', '3', 'Vt', 'Vt', 'Hacer así', '', 'SRC-02', '68', '68', 'Transcrito', 'Autorizada para difusión', 'Pendiente de validación lingüística');
INSERT INTO senses VALUES ('RD-001767-S01', 'RD-001767', 1, 'Hacer así');
INSERT INTO lexical_entries VALUES ('RD-001768', 'Ori', 'Ori', 'ori', NULL, 'Vt pret', 'Vt', 'Curar', '', 'SRC-02', '68', '68', 'Transcrito', 'Autorizada para difusión', 'Pendiente de validación lingüística');
INSERT INTO senses VALUES ('RD-001768-S01', 'RD-001768', 1, 'Curar');
INSERT INTO lexical_entries VALUES ('RD-001769', 'Orihua', 'Orihua', 'orihua', NULL, 'Vi', 'Vi', 'Gemir (perro)', '', 'SRC-02', '68', '68', 'Transcrito', 'Autorizada para difusión', 'Pendiente de validación lingüística');
INSERT INTO senses VALUES ('RD-001769-S01', 'RD-001769', 1, 'Gemir (perro)');
INSERT INTO lexical_entries VALUES ('RD-001770', 'O´rina', '1O´rina', 'o´rina', '1', 'Vt', 'Vt', 'Ladear', '', 'SRC-02', '68', '68', 'Transcrito', 'Autorizada para difusión', 'Pendiente de validación lingüística');
INSERT INTO senses VALUES ('RD-001770-S01', 'RD-001770', 1, 'Ladear');
INSERT INTO lexical_entries VALUES ('RD-001771', 'O’rina', '2O’rina', 'o''rina', '2', 'Vt', 'Vt', 'Quebrar', '', 'SRC-02', '68', '68', 'Transcrito', 'Autorizada para difusión', 'Pendiente de validación lingüística');
INSERT INTO senses VALUES ('RD-001771-S01', 'RD-001771', 1, 'Quebrar');
INSERT INTO lexical_entries VALUES ('RD-001772', 'Orique', 'Orique', 'orique', NULL, 'S', 'S', 'Plato regional (maíz blando remolido, y cocido en agua como un atole muy espeso)', '', 'SRC-02', '68', '68', 'Transcrito', 'Autorizada para difusión', 'Pendiente de validación lingüística');
INSERT INTO senses VALUES ('RD-001772-S01', 'RD-001772', 1, 'Plato regional (maíz blando remolido, y cocido en agua como un atole muy espeso)');
INSERT INTO lexical_entries VALUES ('RD-001773', 'Osá', '1Osá', 'osa', '1', 'Vi', 'Vi', 'Escribir', '', 'SRC-02', '68', '68', 'Transcrito', 'Autorizada para difusión', 'Pendiente de validación lingüística');
INSERT INTO senses VALUES ('RD-001773-S01', 'RD-001773', 1, 'Escribir');
INSERT INTO lexical_entries VALUES ('RD-001774', 'Osá', '2Osá', 'osa', '2', 'Adj', 'Adj', 'Segundo', '', 'SRC-02', '68', '68', 'Transcrito', 'Autorizada para difusión', 'Pendiente de validación lingüística');
INSERT INTO senses VALUES ('RD-001774-S01', 'RD-001774', 1, 'Segundo');
INSERT INTO lexical_entries VALUES ('RD-001775', 'Osé', 'Osé', 'ose', NULL, 'Vi', 'Vi', '1. Escribir 2. Pintarse, marcar (con cal)', '', 'SRC-02', '68', '68', 'Transcrito', 'Autorizada para difusión', 'Pendiente de validación lingüística');
INSERT INTO senses VALUES ('RD-001775-S01', 'RD-001775', 1, 'Escribir');
INSERT INTO senses VALUES ('RD-001775-S02', 'RD-001775', 2, 'Pintarse, marcar (con cal)');
INSERT INTO lexical_entries VALUES ('RD-001776', 'Oserí', 'Oserí', 'oseri', NULL, 'S', 'S', 'Papel, carta', '', 'SRC-02', '68', '68', 'Transcrito', 'Autorizada para difusión', 'Pendiente de validación lingüística');
INSERT INTO senses VALUES ('RD-001776-S01', 'RD-001776', 1, 'Papel, carta');
INSERT INTO lexical_entries VALUES ('RD-001777', 'Osorí', 'Osorí', 'osori', NULL, 'S', 'S', 'Tipo de quelite de agua', '', 'SRC-02', '68', '68', 'Transcrito', 'Autorizada para difusión', 'Pendiente de validación lingüística');
INSERT INTO senses VALUES ('RD-001777-S01', 'RD-001777', 1, 'Tipo de quelite de agua');
INSERT INTO lexical_entries VALUES ('RD-001778', 'Otérami', 'Otérami', 'oterami', NULL, 'S', 'S', 'Muela', '', 'SRC-02', '68', '68', 'Transcrito', 'Autorizada para difusión', 'Pendiente de validación lingüística');
INSERT INTO senses VALUES ('RD-001778-S01', 'RD-001778', 1, 'Muela');
INSERT INTO lexical_entries VALUES ('RD-001779', 'Otobé', 'Otobé', 'otobe', NULL, 'S', 'S', 'Canasta grande', '', 'SRC-02', '68', '68', 'Transcrito', 'Autorizada para difusión', 'Pendiente de validación lingüística');
INSERT INTO senses VALUES ('RD-001779-S01', 'RD-001779', 1, 'Canasta grande');
INSERT INTO lexical_entries VALUES ('RD-001780', 'Otohuá', 'Otohuá', 'otohua', NULL, 'S', 'S', 'Rama grande', '', 'SRC-02', '68', '68', 'Transcrito', 'Autorizada para difusión', 'Pendiente de validación lingüística');
INSERT INTO senses VALUES ('RD-001780-S01', 'RD-001780', 1, 'Rama grande');
INSERT INTO lexical_entries VALUES ('RD-001781', 'Otohuata', 'Otohuata', 'otohuata', NULL, 'Vi', 'Vi', 'Echar ramas grandes (árbol)', '', 'SRC-02', '68', '68', 'Transcrito', 'Autorizada para difusión', 'Pendiente de validación lingüística');
INSERT INTO senses VALUES ('RD-001781-S01', 'RD-001781', 1, 'Echar ramas grandes (árbol)');
INSERT INTO lexical_entries VALUES ('RD-001782', 'Otohué', 'Otohué', 'otohue', NULL, 'Vi', 'Vi', 'Tener ramas grandes', '', 'SRC-02', '68', '68', 'Transcrito', 'Autorizada para difusión', 'Pendiente de validación lingüística');
INSERT INTO senses VALUES ('RD-001782-S01', 'RD-001782', 1, 'Tener ramas grandes');
INSERT INTO lexical_entries VALUES ('RD-001783', 'Otohuéami', 'Otohuéami', 'otohueami', NULL, 'S', 'S', 'Enramada', '', 'SRC-02', '68', '68', 'Transcrito', 'Autorizada para difusión', 'Pendiente de validación lingüística');
INSERT INTO senses VALUES ('RD-001783-S01', 'RD-001783', 1, 'Enramada');
INSERT INTO lexical_entries VALUES ('RD-001784', 'Otoná', 'Otoná', 'otona', NULL, 'Adj', 'Adj', 'Derecho', '', 'SRC-02', '68', '68', 'Transcrito', 'Autorizada para difusión', 'Pendiente de validación lingüística');
INSERT INTO senses VALUES ('RD-001784-S01', 'RD-001784', 1, 'Derecho');
INSERT INTO lexical_entries VALUES ('RD-001785', 'Óyami', 'Óyami', 'oyami', NULL, 'S', 'S', 'Curandero, médico', '', 'SRC-02', '68', '68', 'Transcrito', 'Autorizada para difusión', 'Pendiente de validación lingüística');
INSERT INTO senses VALUES ('RD-001785-S01', 'RD-001785', 1, 'Curandero, médico');
INSERT INTO lexical_entries VALUES ('RD-001786', 'Oyera', 'Oyera', 'oyera', NULL, 'Vt', 'Vt', '1. Regañar 2. Dar consejos (como cuando hacen justicia)', '', 'SRC-02', '68', '68', 'Transcrito', 'Autorizada para difusión', 'Pendiente de validación lingüística');
INSERT INTO senses VALUES ('RD-001786-S01', 'RD-001786', 1, 'Regañar');
INSERT INTO senses VALUES ('RD-001786-S02', 'RD-001786', 2, 'Dar consejos (como cuando hacen justicia)');
INSERT INTO lexical_entries VALUES ('RD-001787', 'O’yó', '1O’yó', 'o''yo', '1', 'Vi', 'Vi', 'Vomitar, basquear', '', 'SRC-02', '68', '68', 'Transcrito', 'Autorizada para difusión', 'Pendiente de validación lingüística');
INSERT INTO senses VALUES ('RD-001787-S01', 'RD-001787', 1, 'Vomitar, basquear');
INSERT INTO lexical_entries VALUES ('RD-001788', 'O’yó: pe o’yó', '2O’yó: pe o’yó', 'o''yo: pe o''yo', '2', '', 'Sin clasificar', 'Poco a poco', '', 'SRC-02', '68', '68', 'Transcrito', 'Autorizada para difusión', 'Pendiente de validación lingüística');
INSERT INTO senses VALUES ('RD-001788-S01', 'RD-001788', 1, 'Poco a poco');
INSERT INTO lexical_entries VALUES ('RD-001789', 'Oyóca, o’yócuhui', 'Oyóca, o’yócuhui', 'oyoca, o''yocuhui', NULL, 'S', 'S', 'Pájaro carpintero', '', 'SRC-02', '68', '68', 'Transcrito', 'Autorizada para difusión', 'Pendiente de validación lingüística');
INSERT INTO senses VALUES ('RD-001789-S01', 'RD-001789', 1, 'Pájaro carpintero');
INSERT INTO variants VALUES ('RD-001789-V01', 'RD-001789', 1, 'o’yócuhui');
INSERT INTO lexical_entries VALUES ('RD-001790', 'O’yona', 'O’yona', 'o''yona', NULL, 'Vi', 'Vi', 'Tener ganas de vomitar', '', 'SRC-02', '68', '68', 'Transcrito', 'Autorizada para difusión', 'Pendiente de validación lingüística');
INSERT INTO senses VALUES ('RD-001790-S01', 'RD-001790', 1, 'Tener ganas de vomitar');
INSERT INTO lexical_entries VALUES ('RD-001791', 'Pa', '1Pa', 'pa', '1', 'Vt', 'Vt', 'Traer', '', 'SRC-02', '68', '68', 'Transcrito', 'Autorizada para difusión', 'Pendiente de validación lingüística');
INSERT INTO senses VALUES ('RD-001791-S01', 'RD-001791', 1, 'Traer');
INSERT INTO lexical_entries VALUES ('RD-001792', 'Pa', '2Pa', 'pa', '2', 'Vt', 'Vt', 'Tirar', '', 'SRC-02', '68', '68', 'Transcrito', 'Autorizada para difusión', 'Pendiente de validación lingüística');
INSERT INTO senses VALUES ('RD-001792-S01', 'RD-001792', 1, 'Tirar');
INSERT INTO lexical_entries VALUES ('RD-001793', 'Paayé', 'Paayé', 'paaye', NULL, 'Adv', 'Adv', 'Arriba', '', 'SRC-02', '68', '68', 'Transcrito', 'Autorizada para difusión', 'Pendiente de validación lingüística');
INSERT INTO senses VALUES ('RD-001793-S01', 'RD-001793', 1, 'Arriba');
INSERT INTO lexical_entries VALUES ('RD-001794', 'Pabaca', 'Pabaca', 'pabaca', NULL, 'Vt', 'Vt', 'Lavar (trastos u otras cosas)', '', 'SRC-02', '68', '68', 'Transcrito', 'Autorizada para difusión', 'Pendiente de validación lingüística');
INSERT INTO senses VALUES ('RD-001794-S01', 'RD-001794', 1, 'Lavar (trastos u otras cosas)');
INSERT INTO lexical_entries VALUES ('RD-001795', 'Pabera', 'Pabera', 'pabera', NULL, 'Vt pl', 'Vt', 'Acarrear (en la espalda)', '', 'SRC-02', '68', '68', 'Transcrito', 'Autorizada para difusión', 'Pendiente de validación lingüística');
INSERT INTO senses VALUES ('RD-001795-S01', 'RD-001795', 1, 'Acarrear (en la espalda)');
INSERT INTO lexical_entries VALUES ('RD-001796', 'Paca', 'Paca', 'paca', NULL, 'Vt', 'Vt', 'Colar (p. ej.: café, leche, agua)', '', 'SRC-02', '68', '68', 'Transcrito', 'Autorizada para difusión', 'Pendiente de validación lingüística');
INSERT INTO senses VALUES ('RD-001796-S01', 'RD-001796', 1, 'Colar (p. ej.: café, leche, agua)');
INSERT INTO lexical_entries VALUES ('RD-001797', 'Pachá', 'Pachá', 'pacha', NULL, 'Adv', 'Adv', 'Adentro', '', 'SRC-02', '68', '68', 'Transcrito', 'Autorizada para difusión', 'Pendiente de validación lingüística');
INSERT INTO senses VALUES ('RD-001797-S01', 'RD-001797', 1, 'Adentro');
INSERT INTO lexical_entries VALUES ('RD-001798', 'Pachana, pachámana', 'Pachana, pachámana', 'pachana, pachamana', NULL, 'Adv', 'Adv', 'Dentro, por adentro', '', 'SRC-02', '68', '68', 'Transcrito', 'Autorizada para difusión', 'Pendiente de validación lingüística');
INSERT INTO senses VALUES ('RD-001798-S01', 'RD-001798', 1, 'Dentro, por adentro');
INSERT INTO variants VALUES ('RD-001798-V01', 'RD-001798', 1, 'pachámana');
INSERT INTO lexical_entries VALUES ('RD-001799', 'Pachí', 'Pachí', 'pachi', NULL, '', 'Sin clasificar', '1. s Elote, mazorca 2. vi Hay elotes', '', 'SRC-02', '68', '68', 'Transcrito', 'Autorizada para difusión', 'Pendiente de validación lingüística');
INSERT INTO senses VALUES ('RD-001799-S01', 'RD-001799', 1, 's Elote, mazorca');
INSERT INTO senses VALUES ('RD-001799-S02', 'RD-001799', 2, 'vi Hay elotes');
INSERT INTO lexical_entries VALUES ('RD-001800', 'Pachoca', 'Pachoca', 'pachoca', NULL, 'Vt', 'Vt', 'Remendar', '', 'SRC-02', '68', '68', 'Transcrito', 'Autorizada para difusión', 'Pendiente de validación lingüística');
INSERT INTO senses VALUES ('RD-001800-S01', 'RD-001800', 1, 'Remendar');
INSERT INTO lexical_entries VALUES ('RD-001801', 'Pachú', 'Pachú', 'pachu', NULL, 'Vi', 'Vi', 'Gotear', '', 'SRC-02', '68', '68', 'Transcrito', 'Autorizada para difusión', 'Pendiente de validación lingüística');
INSERT INTO senses VALUES ('RD-001801-S01', 'RD-001801', 1, 'Gotear');
INSERT INTO lexical_entries VALUES ('RD-001802', 'Pagó', 'Pagó', 'pago', NULL, 'Vt', 'Vt', '1. Lavar 2. Bautizar', '', 'SRC-02', '68', '69', 'Transcrito', 'Autorizada para difusión', 'Pendiente de validación lingüística');
INSERT INTO senses VALUES ('RD-001802-S01', 'RD-001802', 1, 'Lavar');
INSERT INTO senses VALUES ('RD-001802-S02', 'RD-001802', 2, 'Bautizar');
INSERT INTO lexical_entries VALUES ('RD-001803', 'Pagóami', 'Pagóami', 'pagoami', NULL, 'S', 'S', 'El que bautiza', '', 'SRC-02', '69', '69', 'Transcrito', 'Autorizada para difusión', 'Pendiente de validación lingüística');
INSERT INTO senses VALUES ('RD-001803-S01', 'RD-001803', 1, 'El que bautiza');
INSERT INTO lexical_entries VALUES ('RD-001804', 'Pagónara', 'Pagónara', 'pagonara', NULL, '', 'Sin clasificar', 'El día anterior', '', 'SRC-02', '69', '69', 'Transcrito', 'Autorizada para difusión', 'Pendiente de validación lingüística');
INSERT INTO senses VALUES ('RD-001804-S01', 'RD-001804', 1, 'El día anterior');
INSERT INTO lexical_entries VALUES ('RD-001805', 'Pagótami', 'Pagótami', 'pagotami', NULL, 'S', 'S', 'Gente', '', 'SRC-02', '69', '69', 'Transcrito', 'Autorizada para difusión', 'Pendiente de validación lingüística');
INSERT INTO senses VALUES ('RD-001805-S01', 'RD-001805', 1, 'Gente');
INSERT INTO lexical_entries VALUES ('RD-001806', 'Pagué', 'Pagué', 'pague', NULL, 'Vt', 'Vt', 'Remojar', '', 'SRC-02', '69', '69', 'Transcrito', 'Autorizada para difusión', 'Pendiente de validación lingüística');
INSERT INTO senses VALUES ('RD-001806-S01', 'RD-001806', 1, 'Remojar');
INSERT INTO lexical_entries VALUES ('RD-001807', 'Pamótami ju', 'Pamótami ju', 'pamotami ju', NULL, '', 'Sin clasificar', 'Que tiene granos el atole', '', 'SRC-02', '69', '69', 'Transcrito', 'Autorizada para difusión', 'Pendiente de validación lingüística');
INSERT INTO senses VALUES ('RD-001807-S01', 'RD-001807', 1, 'Que tiene granos el atole');
INSERT INTO lexical_entries VALUES ('RD-001808', 'Pánara', 'Pánara', 'panara', NULL, 'Vi', 'Vi', 'Querer traer', '', 'SRC-02', '69', '69', 'Transcrito', 'Autorizada para difusión', 'Pendiente de validación lingüística');
INSERT INTO senses VALUES ('RD-001808-S01', 'RD-001808', 1, 'Querer traer');
INSERT INTO lexical_entries VALUES ('RD-001809', 'Paní', 'Paní', 'pani', NULL, 'Adv', 'Adv', 'Arriba (en la falda)', '', 'SRC-02', '69', '69', 'Transcrito', 'Autorizada para difusión', 'Pendiente de validación lingüística');
INSERT INTO senses VALUES ('RD-001809-S01', 'RD-001809', 1, 'Arriba (en la falda)');
INSERT INTO lexical_entries VALUES ('RD-001810', 'Panica, panigo', 'Panica, panigo', 'panica, panigo', NULL, 'Vi', 'Vi', 'Lavarse las manos', '', 'SRC-02', '69', '69', 'Transcrito', 'Autorizada para difusión', 'Pendiente de validación lingüística');
INSERT INTO senses VALUES ('RD-001810-S01', 'RD-001810', 1, 'Lavarse las manos');
INSERT INTO variants VALUES ('RD-001810-V01', 'RD-001810', 1, 'panigo');
INSERT INTO lexical_entries VALUES ('RD-001811', 'Panínomí', 'Panínomí', 'paninomi', NULL, 'Adv', 'Adv', 'Por allí más arriba', '', 'SRC-02', '69', '69', 'Transcrito', 'Autorizada para difusión', 'Pendiente de validación lingüística');
INSERT INTO senses VALUES ('RD-001811-S01', 'RD-001811', 1, 'Por allí más arriba');
INSERT INTO lexical_entries VALUES ('RD-001812', 'Pasá', 'Pasá', 'pasa', NULL, 'Vt', 'Vt', 'Echar, tirar', '', 'SRC-02', '69', '69', 'Transcrito', 'Autorizada para difusión', 'Pendiente de validación lingüística');
INSERT INTO senses VALUES ('RD-001812-S01', 'RD-001812', 1, 'Echar, tirar');
INSERT INTO lexical_entries VALUES ('RD-001813', 'Pasó', 'Pasó', 'paso', NULL, 'Vt', 'Vt', 'Remojar', '', 'SRC-02', '69', '69', 'Transcrito', 'Autorizada para difusión', 'Pendiente de validación lingüística');
INSERT INTO senses VALUES ('RD-001813-S01', 'RD-001813', 1, 'Remojar');
INSERT INTO lexical_entries VALUES ('RD-001814', 'Pasochi', 'Pasochi', 'pasochi', NULL, 'S', 'S', 'Zorrillo', '', 'SRC-02', '69', '69', 'Transcrito', 'Autorizada para difusión', 'Pendiente de validación lingüística');
INSERT INTO senses VALUES ('RD-001814-S01', 'RD-001814', 1, 'Zorrillo');
INSERT INTO lexical_entries VALUES ('RD-001815', 'Pátami', 'Pátami', 'patami', NULL, 'Pp', 'Pp', 'Echado', '', 'SRC-02', '69', '69', 'Transcrito', 'Autorizada para difusión', 'Pendiente de validación lingüística');
INSERT INTO senses VALUES ('RD-001815-S01', 'RD-001815', 1, 'Echado');
INSERT INTO lexical_entries VALUES ('RD-001816', 'Payéhuachi', 'Payéhuachi', 'payehuachi', NULL, 'S', 'S', 'Zanja (donde se junta agua de arriba), aguaje, ojo de agua', '', 'SRC-02', '69', '69', 'Transcrito', 'Autorizada para difusión', 'Pendiente de validación lingüística');
INSERT INTO senses VALUES ('RD-001816-S01', 'RD-001816', 1, 'Zanja (donde se junta agua de arriba), aguaje, ojo de agua');
INSERT INTO lexical_entries VALUES ('RD-001817', 'Payochi', 'Payochi', 'payochi', NULL, 'S', 'S', 'Zorrillo pinto', '', 'SRC-02', '69', '69', 'Transcrito', 'Autorizada para difusión', 'Pendiente de validación lingüística');
INSERT INTO senses VALUES ('RD-001817-S01', 'RD-001817', 1, 'Zorrillo pinto');
INSERT INTO lexical_entries VALUES ('RD-001818', 'Pe', '1Pe', 'pe', '1', 'Adj', 'Adj', 'Poco', '', 'SRC-02', '69', '69', 'Transcrito', 'Autorizada para difusión', 'Pendiente de validación lingüística');
INSERT INTO senses VALUES ('RD-001818-S01', 'RD-001818', 1, 'Poco');
INSERT INTO lexical_entries VALUES ('RD-001819', 'Pe', '2Pe', 'pe', '2', 'Vt', 'Vt', 'Extender (para dormir)', '', 'SRC-02', '69', '69', 'Transcrito', 'Autorizada para difusión', 'Pendiente de validación lingüística');
INSERT INTO senses VALUES ('RD-001819-S01', 'RD-001819', 1, 'Extender (para dormir)');
INSERT INTO lexical_entries VALUES ('RD-001820', 'Pe cúuchi mojuari', 'Pe cúuchi mojuari', 'pe cuuchi mojuari', NULL, 'Vt', 'Vt', 'Hacerse pedazos', '', 'SRC-02', '69', '69', 'Transcrito', 'Autorizada para difusión', 'Pendiente de validación lingüística');
INSERT INTO senses VALUES ('RD-001820-S01', 'RD-001820', 1, 'Hacerse pedazos');
INSERT INTO lexical_entries VALUES ('RD-001821', 'Pe micabé achá', 'Pe micabé achá', 'pe micabe acha', NULL, 'Vt', 'Vt', 'Revisar', '', 'SRC-02', '69', '69', 'Transcrito', 'Autorizada para difusión', 'Pendiente de validación lingüística');
INSERT INTO senses VALUES ('RD-001821-S01', 'RD-001821', 1, 'Revisar');
INSERT INTO lexical_entries VALUES ('RD-001822', 'Pe risensi, pe risénsia', 'Pe risensi, pe risénsia', 'pe risensi, pe risensia', NULL, '', 'Sin clasificar', 'Por favor', '', 'SRC-02', '69', '69', 'Transcrito', 'Autorizada para difusión', 'Pendiente de validación lingüística');
INSERT INTO senses VALUES ('RD-001822-S01', 'RD-001822', 1, 'Por favor');
INSERT INTO variants VALUES ('RD-001822-V01', 'RD-001822', 1, 'pe risénsia');
INSERT INTO lexical_entries VALUES ('RD-001823', 'Pe téeri', 'Pe téeri', 'pe teeri', NULL, '', 'Sin clasificar', '1. Chaparro 2. Un rato', '', 'SRC-02', '69', '69', 'Transcrito', 'Autorizada para difusión', 'Pendiente de validación lingüística');
INSERT INTO senses VALUES ('RD-001823-S01', 'RD-001823', 1, 'Chaparro');
INSERT INTO senses VALUES ('RD-001823-S02', 'RD-001823', 2, 'Un rato');
INSERT INTO lexical_entries VALUES ('RD-001824', 'Pe téeri ripí', 'Pe téeri ripí', 'pe teeri ripi', NULL, '', 'Sin clasificar', 'Demoran', '', 'SRC-02', '69', '69', 'Transcrito', 'Autorizada para difusión', 'Pendiente de validación lingüística');
INSERT INTO senses VALUES ('RD-001824-S01', 'RD-001824', 1, 'Demoran');
INSERT INTO lexical_entries VALUES ('RD-001825', 'Pechi', 'Pechi', 'pechi', NULL, 'S', 'S', 'Tendidos (para dormir)', '', 'SRC-02', '69', '69', 'Transcrito', 'Autorizada para difusión', 'Pendiente de validación lingüística');
INSERT INTO senses VALUES ('RD-001825-S01', 'RD-001825', 1, 'Tendidos (para dormir)');
INSERT INTO lexical_entries VALUES ('RD-001826', 'Péebi', 'Péebi', 'peebi', NULL, 'Adj', 'Adj', 'Poquito', '', 'SRC-02', '69', '69', 'Transcrito', 'Autorizada para difusión', 'Pendiente de validación lingüística');
INSERT INTO senses VALUES ('RD-001826-S01', 'RD-001826', 1, 'Poquito');
INSERT INTO lexical_entries VALUES ('RD-001827', 'Pehua', 'Pehua', 'pehua', NULL, 'Vi', 'Vi', 'Fumar', '', 'SRC-02', '69', '69', 'Transcrito', 'Autorizada para difusión', 'Pendiente de validación lingüística');
INSERT INTO senses VALUES ('RD-001827-S01', 'RD-001827', 1, 'Fumar');
INSERT INTO lexical_entries VALUES ('RD-001828', 'Péhuari', 'Péhuari', 'pehuari', NULL, 'S', 'S', 'Cigarro', '', 'SRC-02', '69', '69', 'Transcrito', 'Autorizada para difusión', 'Pendiente de validación lingüística');
INSERT INTO senses VALUES ('RD-001828-S01', 'RD-001828', 1, 'Cigarro');
INSERT INTO lexical_entries VALUES ('RD-001829', 'Pénama', 'Pénama', 'penama', NULL, 'Vi fut', 'Vi', 'Aprender', '', 'SRC-02', '69', '69', 'Transcrito', 'Autorizada para difusión', 'Pendiente de validación lingüística');
INSERT INTO senses VALUES ('RD-001829-S01', 'RD-001829', 1, 'Aprender');
INSERT INTO lexical_entries VALUES ('RD-001830', 'Pera', 'Pera', 'pera', NULL, '', 'Sin clasificar', '1. vt Poner (carona a la bestia) 2. s Carona', '', 'SRC-02', '69', '69', 'Transcrito', 'Autorizada para difusión', 'Pendiente de validación lingüística');
INSERT INTO senses VALUES ('RD-001830-S01', 'RD-001830', 1, 'vt Poner (carona a la bestia)');
INSERT INTO senses VALUES ('RD-001830-S02', 'RD-001830', 2, 's Carona');
INSERT INTO lexical_entries VALUES ('RD-001831', 'Perí', 'Perí', 'peri', NULL, 'S', 'S', 'Petate', '', 'SRC-02', '69', '69', 'Transcrito', 'Autorizada para difusión', 'Pendiente de validación lingüística');
INSERT INTO senses VALUES ('RD-001831-S01', 'RD-001831', 1, 'Petate');
INSERT INTO lexical_entries VALUES ('RD-001832', 'Pericó', 'Pericó', 'perico', NULL, '', 'Sin clasificar', 'Por favor', '', 'SRC-02', '69', '69', 'Transcrito', 'Autorizada para difusión', 'Pendiente de validación lingüística');
INSERT INTO senses VALUES ('RD-001832-S01', 'RD-001832', 1, 'Por favor');
INSERT INTO lexical_entries VALUES ('RD-001833', 'Pibá', 'Pibá', 'piba', NULL, 'Vi', 'Vi', 'Zambullirse', '', 'SRC-02', '69', '69', 'Transcrito', 'Autorizada para difusión', 'Pendiente de validación lingüística');
INSERT INTO senses VALUES ('RD-001833-S01', 'RD-001833', 1, 'Zambullirse');
INSERT INTO lexical_entries VALUES ('RD-001834', 'Pibíhuari', 'Pibíhuari', 'pibihuari', NULL, 'Vi pret', 'Vi', 'Formarse un remolino', '', 'SRC-02', '69', '69', 'Transcrito', 'Autorizada para difusión', 'Pendiente de validación lingüística');
INSERT INTO senses VALUES ('RD-001834-S01', 'RD-001834', 1, 'Formarse un remolino');
INSERT INTO lexical_entries VALUES ('RD-001835', 'Pibíiri', 'Pibíiri', 'pibiiri', NULL, 'S', 'S', 'Remolino', '', 'SRC-02', '69', '69', 'Transcrito', 'Autorizada para difusión', 'Pendiente de validación lingüística');
INSERT INTO senses VALUES ('RD-001835-S01', 'RD-001835', 1, 'Remolino');
INSERT INTO lexical_entries VALUES ('RD-001836', 'Piché', 'Piché', 'piche', NULL, 'Prep', 'Prep', 'Hasta', '', 'SRC-02', '69', '69', 'Transcrito', 'Autorizada para difusión', 'Pendiente de validación lingüística');
INSERT INTO senses VALUES ('RD-001836-S01', 'RD-001836', 1, 'Hasta');
INSERT INTO lexical_entries VALUES ('RD-001837', 'Pichí', 'Pichí', 'pichi', NULL, 'Vt', 'Vt', 'Barrer', '', 'SRC-02', '69', '69', 'Transcrito', 'Autorizada para difusión', 'Pendiente de validación lingüística');
INSERT INTO senses VALUES ('RD-001837-S01', 'RD-001837', 1, 'Barrer');
INSERT INTO lexical_entries VALUES ('RD-001838', 'Pichira', 'Pichira', 'pichira', NULL, 'S', 'S', 'Escoba', '', 'SRC-02', '69', '69', 'Transcrito', 'Autorizada para difusión', 'Pendiente de validación lingüística');
INSERT INTO senses VALUES ('RD-001838-S01', 'RD-001838', 1, 'Escoba');
INSERT INTO lexical_entries VALUES ('RD-001839', 'Píchuri', 'Píchuri', 'pichuri', NULL, 'S', 'S', 'Zorrillo (chico, pinto), gato de algalia', '', 'SRC-02', '69', '69', 'Transcrito', 'Autorizada para difusión', 'Pendiente de validación lingüística');
INSERT INTO senses VALUES ('RD-001839-S01', 'RD-001839', 1, 'Zorrillo (chico, pinto), gato de algalia');
INSERT INTO lexical_entries VALUES ('RD-001840', 'Pihuácami', 'Pihuácami', 'pihuacami', NULL, 'S', 'S', 'Fumador', '', 'SRC-02', '69', '69', 'Transcrito', 'Autorizada para difusión', 'Pendiente de validación lingüística');
INSERT INTO senses VALUES ('RD-001840-S01', 'RD-001840', 1, 'Fumador');
INSERT INTO lexical_entries VALUES ('RD-001841', 'Píhui', 'Píhui', 'pihui', NULL, 'Vt', 'Vt', 'Remoler', '', 'SRC-02', '69', '69', 'Transcrito', 'Autorizada para difusión', 'Pendiente de validación lingüística');
INSERT INTO senses VALUES ('RD-001841-S01', 'RD-001841', 1, 'Remoler');
INSERT INTO lexical_entries VALUES ('RD-001842', 'Pioni', 'Pioni', 'pioni', NULL, 'S esp', 'S', 'Peón', '', 'SRC-02', '69', '69', 'Transcrito', 'Autorizada para difusión', 'Pendiente de validación lingüística');
INSERT INTO senses VALUES ('RD-001842-S01', 'RD-001842', 1, 'Peón');
INSERT INTO lexical_entries VALUES ('RD-001843', 'Pirapa', 'Pirapa', 'pirapa', NULL, 'Vt', 'Vt', 'Quitar el aparejo', '', 'SRC-02', '69', '69', 'Transcrito', 'Autorizada para difusión', 'Pendiente de validación lingüística');
INSERT INTO senses VALUES ('RD-001843-S01', 'RD-001843', 1, 'Quitar el aparejo');
INSERT INTO lexical_entries VALUES ('RD-001844', 'Piré', 'Piré', 'pire', NULL, 'Vi pl', 'Vi', 'Vivir, morar, habitar', '', 'SRC-02', '70', '70', 'Transcrito', 'Autorizada para difusión', 'Pendiente de validación lingüística');
INSERT INTO senses VALUES ('RD-001844-S01', 'RD-001844', 1, 'Vivir, morar, habitar');
INSERT INTO lexical_entries VALUES ('RD-001845', 'Piréami', 'Piréami', 'pireami', NULL, 'S pl', 'S', 'Moradores, los que viven', '', 'SRC-02', '70', '70', 'Transcrito', 'Autorizada para difusión', 'Pendiente de validación lingüística');
INSERT INTO senses VALUES ('RD-001845-S01', 'RD-001845', 1, 'Moradores, los que viven');
INSERT INTO lexical_entries VALUES ('RD-001846', 'Piri', 'Piri', 'piri', NULL, '', 'Sin clasificar', '¿Qué?', '', 'SRC-02', '70', '70', 'Transcrito', 'Autorizada para difusión', 'Pendiente de validación lingüística');
INSERT INTO senses VALUES ('RD-001846-S01', 'RD-001846', 1, '¿Qué?');
INSERT INTO lexical_entries VALUES ('RD-001847', 'Pisachi', 'Pisachi', 'pisachi', NULL, 'S', 'S', 'En la laja (en el cerro)', '', 'SRC-02', '70', '70', 'Transcrito', 'Autorizada para difusión', 'Pendiente de validación lingüística');
INSERT INTO senses VALUES ('RD-001847-S01', 'RD-001847', 1, 'En la laja (en el cerro)');
INSERT INTO lexical_entries VALUES ('RD-001848', 'Pochí', 'Pochí', 'pochi', NULL, 'Vi', 'Vi', 'Brincar', '', 'SRC-02', '70', '70', 'Transcrito', 'Autorizada para difusión', 'Pendiente de validación lingüística');
INSERT INTO senses VALUES ('RD-001848-S01', 'RD-001848', 1, 'Brincar');
INSERT INTO lexical_entries VALUES ('RD-001849', 'Pohua', 'Pohua', 'pohua', NULL, 'Vi', 'Vi', 'Pescar con anzuelo', '', 'SRC-02', '70', '70', 'Transcrito', 'Autorizada para difusión', 'Pendiente de validación lingüística');
INSERT INTO senses VALUES ('RD-001849-S01', 'RD-001849', 1, 'Pescar con anzuelo');
INSERT INTO lexical_entries VALUES ('RD-001850', 'Pora', 'Pora', 'pora', NULL, 'Vt', 'Vt', 'Cubrir, tapar', '', 'SRC-02', '70', '70', 'Transcrito', 'Autorizada para difusión', 'Pendiente de validación lingüística');
INSERT INTO senses VALUES ('RD-001850-S01', 'RD-001850', 1, 'Cubrir, tapar');
INSERT INTO lexical_entries VALUES ('RD-001851', 'Porapa', 'Porapa', 'porapa', NULL, 'Vt', 'Vt', 'Destapar', '', 'SRC-02', '70', '70', 'Transcrito', 'Autorizada para difusión', 'Pendiente de validación lingüística');
INSERT INTO senses VALUES ('RD-001851-S01', 'RD-001851', 1, 'Destapar');
INSERT INTO lexical_entries VALUES ('RD-001852', 'Posá', 'Posá', 'posa', NULL, 'Vi pl', 'Vi', 'Llenarse (comiendo)', '', 'SRC-02', '70', '70', 'Transcrito', 'Autorizada para difusión', 'Pendiente de validación lingüística');
INSERT INTO senses VALUES ('RD-001852-S01', 'RD-001852', 1, 'Llenarse (comiendo)');
INSERT INTO lexical_entries VALUES ('RD-001853', 'Poyaca', 'Poyaca', 'poyaca', NULL, 'Vi', 'Vi', 'Estar desabrido (como maíz podrido)', '', 'SRC-02', '70', '70', 'Transcrito', 'Autorizada para difusión', 'Pendiente de validación lingüística');
INSERT INTO senses VALUES ('RD-001853-S01', 'RD-001853', 1, 'Estar desabrido (como maíz podrido)');
INSERT INTO lexical_entries VALUES ('RD-001854', 'Pu', 'Pu', 'pu', NULL, 'Vi', 'Vi', 'Ponerse una faja', '', 'SRC-02', '70', '70', 'Transcrito', 'Autorizada para difusión', 'Pendiente de validación lingüística');
INSERT INTO senses VALUES ('RD-001854-S01', 'RD-001854', 1, 'Ponerse una faja');
INSERT INTO lexical_entries VALUES ('RD-001855', 'Pu’', 'Pu’', 'pu''', NULL, 'S', 'S', 'Faisán', '', 'SRC-02', '70', '70', 'Transcrito', 'Autorizada para difusión', 'Pendiente de validación lingüística');
INSERT INTO senses VALUES ('RD-001855-S01', 'RD-001855', 1, 'Faisán');
INSERT INTO lexical_entries VALUES ('RD-001856', 'Pucha', 'Pucha', 'pucha', NULL, 'Vt', 'Vt', 'Soplar', '', 'SRC-02', '70', '70', 'Transcrito', 'Autorizada para difusión', 'Pendiente de validación lingüística');
INSERT INTO senses VALUES ('RD-001856-S01', 'RD-001856', 1, 'Soplar');
INSERT INTO lexical_entries VALUES ('RD-001857', 'Pugué', 'Pugué', 'pugue', NULL, 'Vt pl', 'Vt', 'Tener, poseer (muchos animales)', '', 'SRC-02', '70', '70', 'Transcrito', 'Autorizada para difusión', 'Pendiente de validación lingüística');
INSERT INTO senses VALUES ('RD-001857-S01', 'RD-001857', 1, 'Tener, poseer (muchos animales)');
INSERT INTO lexical_entries VALUES ('RD-001858', 'Pugura', 'Pugura', 'pugura', NULL, 'Adj pl', 'Adj', 'Posesor (de animales)', '', 'SRC-02', '70', '70', 'Transcrito', 'Autorizada para difusión', 'Pendiente de validación lingüística');
INSERT INTO senses VALUES ('RD-001858-S01', 'RD-001858', 1, 'Posesor (de animales)');
INSERT INTO lexical_entries VALUES ('RD-001859', 'Puma', 'Puma', 'puma', NULL, 'Vi', 'Vi', 'Irse a ceñir', '', 'SRC-02', '70', '70', 'Transcrito', 'Autorizada para difusión', 'Pendiente de validación lingüística');
INSERT INTO senses VALUES ('RD-001859-S01', 'RD-001859', 1, 'Irse a ceñir');
INSERT INTO lexical_entries VALUES ('RD-001860', 'Pura', 'Pura', 'pura', NULL, 'S', 'S', 'Cinturón, faja', '', 'SRC-02', '70', '70', 'Transcrito', 'Autorizada para difusión', 'Pendiente de validación lingüística');
INSERT INTO senses VALUES ('RD-001860-S01', 'RD-001860', 1, 'Cinturón, faja');
INSERT INTO lexical_entries VALUES ('RD-001861', 'Qué', 'Qué', 'que', NULL, 'Vi', 'Vi', 'Fue, era, siendo', '', 'SRC-02', '70', '70', 'Transcrito', 'Autorizada para difusión', 'Pendiente de validación lingüística');
INSERT INTO senses VALUES ('RD-001861-S01', 'RD-001861', 1, 'Fue, era, siendo');
INSERT INTO lexical_entries VALUES ('RD-001862', 'Que', 'Que', 'que', NULL, 'S', 'S', 'Hija grande (dice la madre)', '', 'SRC-02', '70', '70', 'Transcrito', 'Autorizada para difusión', 'Pendiente de validación lingüística');
INSERT INTO senses VALUES ('RD-001862-S01', 'RD-001862', 1, 'Hija grande (dice la madre)');
INSERT INTO lexical_entries VALUES ('RD-001863', 'Queba', 'Queba', 'queba', NULL, 'Vi', 'Vi', 'Retumbar', '', 'SRC-02', '70', '70', 'Transcrito', 'Autorizada para difusión', 'Pendiente de validación lingüística');
INSERT INTO senses VALUES ('RD-001863-S01', 'RD-001863', 1, 'Retumbar');
INSERT INTO lexical_entries VALUES ('RD-001864', 'Quecha', 'Quecha', 'quecha', NULL, 'Vt', 'Vt', 'Masticar', '', 'SRC-02', '70', '70', 'Transcrito', 'Autorizada para difusión', 'Pendiente de validación lingüística');
INSERT INTO senses VALUES ('RD-001864-S01', 'RD-001864', 1, 'Masticar');
INSERT INTO lexical_entries VALUES ('RD-001865', 'Quemi', 'Quemi', 'quemi', NULL, 'Pron', 'Pron', 'tuyo', '', 'SRC-02', '70', '70', 'Transcrito', 'Autorizada para difusión', 'Pendiente de validación lingüística');
INSERT INTO senses VALUES ('RD-001865-S01', 'RD-001865', 1, 'tuyo');
INSERT INTO lexical_entries VALUES ('RD-001866', 'Queni', 'Queni', 'queni', NULL, '', 'Sin clasificar', '1. pron pos Mío, mía 2. adj pos Mi, mis', '', 'SRC-02', '70', '70', 'Transcrito', 'Autorizada para difusión', 'Pendiente de validación lingüística');
INSERT INTO senses VALUES ('RD-001866-S01', 'RD-001866', 1, 'pron pos Mío, mía');
INSERT INTO senses VALUES ('RD-001866-S02', 'RD-001866', 2, 'adj pos Mi, mis');
INSERT INTO lexical_entries VALUES ('RD-001867', 'Quepu', 'Quepu', 'quepu', NULL, 'Pron', 'Pron', 'Su, sus (de él, de ella)', '', 'SRC-02', '70', '70', 'Transcrito', 'Autorizada para difusión', 'Pendiente de validación lingüística');
INSERT INTO senses VALUES ('RD-001867-S01', 'RD-001867', 1, 'Su, sus (de él, de ella)');
INSERT INTO lexical_entries VALUES ('RD-001868', 'Quere, queremá', 'Quere, queremá', 'quere, querema', NULL, '', 'Sin clasificar', '1. adv Quizá, quizás, tal vez 2. conj O', '', 'SRC-02', '70', '70', 'Transcrito', 'Autorizada para difusión', 'Pendiente de validación lingüística');
INSERT INTO senses VALUES ('RD-001868-S01', 'RD-001868', 1, 'adv Quizá, quizás, tal vez');
INSERT INTO senses VALUES ('RD-001868-S02', 'RD-001868', 2, 'conj O');
INSERT INTO variants VALUES ('RD-001868-V01', 'RD-001868', 1, 'queremá');
INSERT INTO lexical_entries VALUES ('RD-001869', 'Queta', 'Queta', 'queta', NULL, 'Pron', 'Pron', 'Nuestro, nuestra', '', 'SRC-02', '70', '70', 'Transcrito', 'Autorizada para difusión', 'Pendiente de validación lingüística');
INSERT INTO senses VALUES ('RD-001869-S01', 'RD-001869', 1, 'Nuestro, nuestra');
INSERT INTO lexical_entries VALUES ('RD-001870', 'Quétamo', 'Quétamo', 'quetamo', NULL, 'Pron', 'Pron', 'Su, sus (de ustedes)', '', 'SRC-02', '70', '70', 'Transcrito', 'Autorizada para difusión', 'Pendiente de validación lingüística');
INSERT INTO senses VALUES ('RD-001870-S01', 'RD-001870', 1, 'Su, sus (de ustedes)');
INSERT INTO lexical_entries VALUES ('RD-001871', 'Quetasi', 'Quetasi', 'quetasi', NULL, 'Adv', 'Adv', 'No', '', 'SRC-02', '70', '70', 'Transcrito', 'Autorizada para difusión', 'Pendiente de validación lingüística');
INSERT INTO senses VALUES ('RD-001871-S01', 'RD-001871', 1, 'No');
INSERT INTO lexical_entries VALUES ('RD-001872', 'Quicháo', 'Quicháo', 'quichao', NULL, 'Adj', 'Adj', 'Siete', '', 'SRC-02', '70', '70', 'Transcrito', 'Autorizada para difusión', 'Pendiente de validación lingüística');
INSERT INTO senses VALUES ('RD-001872-S01', 'RD-001872', 1, 'Siete');
INSERT INTO lexical_entries VALUES ('RD-001873', 'Quicháosa macoy', 'Quicháosa macoy', 'quichaosa macoy', NULL, 'Adj', 'Adj', 'Setenta', '', 'SRC-02', '70', '70', 'Transcrito', 'Autorizada para difusión', 'Pendiente de validación lingüística');
INSERT INTO senses VALUES ('RD-001873-S01', 'RD-001873', 1, 'Setenta');
INSERT INTO lexical_entries VALUES ('RD-001874', 'Quichí', 'Quichí', 'quichi', NULL, 'Vt', 'Vt', 'Aborrecer', '', 'SRC-02', '70', '70', 'Transcrito', 'Autorizada para difusión', 'Pendiente de validación lingüística');
INSERT INTO senses VALUES ('RD-001874-S01', 'RD-001874', 1, 'Aborrecer');
INSERT INTO lexical_entries VALUES ('RD-001875', 'Quichica', 'Quichica', 'quichica', NULL, 'Vt', 'Vt', 'Hacer cosquillas (a otro)', '', 'SRC-02', '70', '70', 'Transcrito', 'Autorizada para difusión', 'Pendiente de validación lingüística');
INSERT INTO senses VALUES ('RD-001875-S01', 'RD-001875', 1, 'Hacer cosquillas (a otro)');
INSERT INTO lexical_entries VALUES ('RD-001876', 'Qui’huí', 'Qui’huí', 'qui''hui', NULL, 'Vt', 'Vt', 'Traer leña', '', 'SRC-02', '70', '70', 'Transcrito', 'Autorizada para difusión', 'Pendiente de validación lingüística');
INSERT INTO senses VALUES ('RD-001876-S01', 'RD-001876', 1, 'Traer leña');
INSERT INTO lexical_entries VALUES ('RD-001877', 'Quimá', 'Quimá', 'quima', NULL, '', 'Sin clasificar', '1. s Cobija 2. vi Taparse con una cobija', '', 'SRC-02', '70', '70', 'Transcrito', 'Autorizada para difusión', 'Pendiente de validación lingüística');
INSERT INTO senses VALUES ('RD-001877-S01', 'RD-001877', 1, 's Cobija');
INSERT INTO senses VALUES ('RD-001877-S02', 'RD-001877', 2, 'vi Taparse con una cobija');
INSERT INTO lexical_entries VALUES ('RD-001878', 'Químacoy', 'Químacoy', 'quimacoy', NULL, 'Adj', 'Adj', 'Nueve', '', 'SRC-02', '70', '70', 'Transcrito', 'Autorizada para difusión', 'Pendiente de validación lingüística');
INSERT INTO senses VALUES ('RD-001878-S01', 'RD-001878', 1, 'Nueve');
INSERT INTO lexical_entries VALUES ('RD-001879', 'Quimacoysa', 'Quimacoysa', 'quimacoysa', NULL, 'Adj', 'Adj', 'Noveno', '', 'SRC-02', '70', '70', 'Transcrito', 'Autorizada para difusión', 'Pendiente de validación lingüística');
INSERT INTO senses VALUES ('RD-001879-S01', 'RD-001879', 1, 'Noveno');
INSERT INTO lexical_entries VALUES ('RD-001880', 'Quimacoysa macoy', 'Quimacoysa macoy', 'quimacoysa macoy', NULL, 'Adj', 'Adj', 'Noventa', '', 'SRC-02', '70', '70', 'Transcrito', 'Autorizada para difusión', 'Pendiente de validación lingüística');
INSERT INTO senses VALUES ('RD-001880-S01', 'RD-001880', 1, 'Noventa');
INSERT INTO lexical_entries VALUES ('RD-001881', 'Quimé', 'Quimé', 'quime', NULL, 'Vi', 'Vi', 'Tener cobija', '', 'SRC-02', '70', '70', 'Transcrito', 'Autorizada para difusión', 'Pendiente de validación lingüística');
INSERT INTO senses VALUES ('RD-001881-S01', 'RD-001881', 1, 'Tener cobija');
INSERT INTO lexical_entries VALUES ('RD-001882', 'Quimira', 'Quimira', 'quimira', NULL, 'S', 'S', 'Sábana (para arroparse)', '', 'SRC-02', '70', '70', 'Transcrito', 'Autorizada para difusión', 'Pendiente de validación lingüística');
INSERT INTO senses VALUES ('RD-001882-S01', 'RD-001882', 1, 'Sábana (para arroparse)');
INSERT INTO lexical_entries VALUES ('RD-001883', 'Qui’mó', 'Qui’mó', 'qui''mo', NULL, 'Vt', 'Vt', 'Morder (muchas veces)', '', 'SRC-02', '70', '70', 'Transcrito', 'Autorizada para difusión', 'Pendiente de validación lingüística');
INSERT INTO senses VALUES ('RD-001883-S01', 'RD-001883', 1, 'Morder (muchas veces)');
INSERT INTO lexical_entries VALUES ('RD-001884', 'Quiná', 'Quiná', 'quina', NULL, 'Adv', 'Adv', 'Acá, por acá', '', 'SRC-02', '70', '70', 'Transcrito', 'Autorizada para difusión', 'Pendiente de validación lingüística');
INSERT INTO senses VALUES ('RD-001884-S01', 'RD-001884', 1, 'Acá, por acá');
INSERT INTO lexical_entries VALUES ('RD-001885', 'Quinana', 'Quinana', 'quinana', NULL, '', 'Sin clasificar', 'Después de lo acontecido', '', 'SRC-02', '70', '70', 'Transcrito', 'Autorizada para difusión', 'Pendiente de validación lingüística');
INSERT INTO senses VALUES ('RD-001885-S01', 'RD-001885', 1, 'Después de lo acontecido');
INSERT INTO lexical_entries VALUES ('RD-001886', 'Quipá', 'Quipá', 'quipa', NULL, 'Vi', 'Vi', 'Nevar', '', 'SRC-02', '70', '70', 'Transcrito', 'Autorizada para difusión', 'Pendiente de validación lingüística');
INSERT INTO senses VALUES ('RD-001886-S01', 'RD-001886', 1, 'Nevar');
INSERT INTO lexical_entries VALUES ('RD-001887', 'Quiparí', 'Quiparí', 'quipari', NULL, 'S', 'S', 'Nieve', '', 'SRC-02', '71', '71', 'Transcrito', 'Autorizada para difusión', 'Pendiente de validación lingüística');
INSERT INTO senses VALUES ('RD-001887-S01', 'RD-001887', 1, 'Nieve');
INSERT INTO lexical_entries VALUES ('RD-001888', 'Quipú', 'Quipú', 'quipu', NULL, 'Vt', 'Vt', 'Escuchar', '', 'SRC-02', '71', '71', 'Transcrito', 'Autorizada para difusión', 'Pendiente de validación lingüística');
INSERT INTO senses VALUES ('RD-001888-S01', 'RD-001888', 1, 'Escuchar');
INSERT INTO lexical_entries VALUES ('RD-001889', 'Quipu', 'Quipu', 'quipu', NULL, 'Adv', 'Adv', '¿Cuánto?', '', 'SRC-02', '71', '71', 'Transcrito', 'Autorizada para difusión', 'Pendiente de validación lingüística');
INSERT INTO senses VALUES ('RD-001889-S01', 'RD-001889', 1, '¿Cuánto?');
INSERT INTO lexical_entries VALUES ('RD-001890', 'Quirá', '1Quirá', 'quira', '1', 'Vi', 'Vi', 'Calmarse (tempestad)', '', 'SRC-02', '71', '71', 'Transcrito', 'Autorizada para difusión', 'Pendiente de validación lingüística');
INSERT INTO senses VALUES ('RD-001890-S01', 'RD-001890', 1, 'Calmarse (tempestad)');
INSERT INTO lexical_entries VALUES ('RD-001891', 'Quirá', '2Quirá', 'quira', '2', 'S', 'S', 'Hija (de una mujer)', '', 'SRC-02', '71', '71', 'Transcrito', 'Autorizada para difusión', 'Pendiente de validación lingüística');
INSERT INTO senses VALUES ('RD-001891-S01', 'RD-001891', 1, 'Hija (de una mujer)');
INSERT INTO lexical_entries VALUES ('RD-001892', 'Qui’raca', 'Qui’raca', 'qui''raca', NULL, 'Vi', 'Vi', 'Crujir los dientes', '', 'SRC-02', '71', '71', 'Transcrito', 'Autorizada para difusión', 'Pendiente de validación lingüística');
INSERT INTO senses VALUES ('RD-001892-S01', 'RD-001892', 1, 'Crujir los dientes');
INSERT INTO lexical_entries VALUES ('RD-001893', 'Quirí', '1Quirí', 'quiri', '1', 'Adj', 'Adj', 'Quieto, silencio', '', 'SRC-02', '71', '71', 'Transcrito', 'Autorizada para difusión', 'Pendiente de validación lingüística');
INSERT INTO senses VALUES ('RD-001893-S01', 'RD-001893', 1, 'Quieto, silencio');
INSERT INTO lexical_entries VALUES ('RD-001894', 'Quirí', '2Quirí', 'quiri', '2', 'Vi', 'Vi', '1. vi Cocer quelites 2. Juntar quelites', '', 'SRC-02', '71', '71', 'Transcrito', 'Autorizada para difusión', 'Pendiente de validación lingüística');
INSERT INTO senses VALUES ('RD-001894-S01', 'RD-001894', 1, 'vi Cocer quelites');
INSERT INTO senses VALUES ('RD-001894-S02', 'RD-001894', 2, 'Juntar quelites');
INSERT INTO lexical_entries VALUES ('RD-001895', 'Ra’ama', 'Ra’ama', 'ra''ama', NULL, 'Vt', 'Vt', '1. Acallar 2. Reprender 3. Prohibir', '', 'SRC-02', '71', '71', 'Transcrito', 'Autorizada para difusión', 'Pendiente de validación lingüística');
INSERT INTO senses VALUES ('RD-001895-S01', 'RD-001895', 1, 'Acallar');
INSERT INTO senses VALUES ('RD-001895-S02', 'RD-001895', 2, 'Reprender');
INSERT INTO senses VALUES ('RD-001895-S03', 'RD-001895', 3, 'Prohibir');
INSERT INTO lexical_entries VALUES ('RD-001896', 'Rabó', 'Rabó', 'rabo', NULL, 'S', 'S', 'Cordón alto, cordillera, cerro', '', 'SRC-02', '71', '71', 'Transcrito', 'Autorizada para difusión', 'Pendiente de validación lingüística');
INSERT INTO senses VALUES ('RD-001896-S01', 'RD-001896', 1, 'Cordón alto, cordillera, cerro');
INSERT INTO lexical_entries VALUES ('RD-001897', 'Rabota', 'Rabota', 'rabota', NULL, 'Vi', 'Vi', 'Tener calambre', '', 'SRC-02', '71', '71', 'Transcrito', 'Autorizada para difusión', 'Pendiente de validación lingüística');
INSERT INTO senses VALUES ('RD-001897-S01', 'RD-001897', 1, 'Tener calambre');
INSERT INTO lexical_entries VALUES ('RD-001898', 'Rabótami', 'Rabótami', 'rabotami', NULL, 'Adj', 'Adj', 'Entumido', '', 'SRC-02', '71', '71', 'Transcrito', 'Autorizada para difusión', 'Pendiente de validación lingüística');
INSERT INTO senses VALUES ('RD-001898-S01', 'RD-001898', 1, 'Entumido');
INSERT INTO lexical_entries VALUES ('RD-001899', 'Racá', 'Racá', 'raca', NULL, 'S', 'S', 'Semilla', '', 'SRC-02', '71', '71', 'Transcrito', 'Autorizada para difusión', 'Pendiente de validación lingüística');
INSERT INTO senses VALUES ('RD-001899-S01', 'RD-001899', 1, 'Semilla');
INSERT INTO lexical_entries VALUES ('RD-001900', 'Racabú', 'Racabú', 'racabu', NULL, 'Vt', 'Vt', 'Quitar las semillas', '', 'SRC-02', '71', '71', 'Transcrito', 'Autorizada para difusión', 'Pendiente de validación lingüística');
INSERT INTO senses VALUES ('RD-001900-S01', 'RD-001900', 1, 'Quitar las semillas');
INSERT INTO lexical_entries VALUES ('RD-001901', 'Racó', '1Racó', 'raco', '1', 'S', 'S', 'Lirio colorado', '', 'SRC-02', '71', '71', 'Transcrito', 'Autorizada para difusión', 'Pendiente de validación lingüística');
INSERT INTO senses VALUES ('RD-001901-S01', 'RD-001901', 1, 'Lirio colorado');
INSERT INTO lexical_entries VALUES ('RD-001902', 'Racó', '2Racó', 'raco', '2', 'Vt', 'Vt', 'Llevar (en un trapo), envolver', '', 'SRC-02', '71', '71', 'Transcrito', 'Autorizada para difusión', 'Pendiente de validación lingüística');
INSERT INTO senses VALUES ('RD-001902-S01', 'RD-001902', 1, 'Llevar (en un trapo), envolver');
INSERT INTO lexical_entries VALUES ('RD-001903', 'Racú', 'Racú', 'racu', NULL, 'S', 'S', 'Palma alta de las barrancas', '', 'SRC-02', '71', '71', 'Transcrito', 'Autorizada para difusión', 'Pendiente de validación lingüística');
INSERT INTO senses VALUES ('RD-001903-S01', 'RD-001903', 1, 'Palma alta de las barrancas');
INSERT INTO lexical_entries VALUES ('RD-001904', 'Rachí', 'Rachí', 'rachi', NULL, 'Vi', 'Vi', 'Aplastarse', '', 'SRC-02', '71', '71', 'Transcrito', 'Autorizada para difusión', 'Pendiente de validación lingüística');
INSERT INTO senses VALUES ('RD-001904-S01', 'RD-001904', 1, 'Aplastarse');
INSERT INTO lexical_entries VALUES ('RD-001905', 'Rachina', 'Rachina', 'rachina', NULL, 'Vt', 'Vt', 'Aplastar', '', 'SRC-02', '71', '71', 'Transcrito', 'Autorizada para difusión', 'Pendiente de validación lingüística');
INSERT INTO senses VALUES ('RD-001905-S01', 'RD-001905', 1, 'Aplastar');
INSERT INTO lexical_entries VALUES ('RD-001906', 'Rachira', 'Rachira', 'rachira', NULL, 'Vi', 'Vi', 'Estar pando', '', 'SRC-02', '71', '71', 'Transcrito', 'Autorizada para difusión', 'Pendiente de validación lingüística');
INSERT INTO senses VALUES ('RD-001906-S01', 'RD-001906', 1, 'Estar pando');
INSERT INTO lexical_entries VALUES ('RD-001907', 'Rachita', 'Rachita', 'rachita', NULL, 'Vi', 'Vi', 'Asentarse (p. ej.: café, pinole)', '', 'SRC-02', '71', '71', 'Transcrito', 'Autorizada para difusión', 'Pendiente de validación lingüística');
INSERT INTO senses VALUES ('RD-001907-S01', 'RD-001907', 1, 'Asentarse (p. ej.: café, pinole)');
INSERT INTO lexical_entries VALUES ('RD-001908', 'Ra´é', 'Ra´é', 'ra´e', NULL, 'Vi', 'Vi', 'Conocer (un lugar)', '', 'SRC-02', '71', '71', 'Transcrito', 'Autorizada para difusión', 'Pendiente de validación lingüística');
INSERT INTO senses VALUES ('RD-001908-S01', 'RD-001908', 1, 'Conocer (un lugar)');
INSERT INTO lexical_entries VALUES ('RD-001909', 'Rahuá', 'Rahuá', 'rahua', NULL, 'S', 'S', 'Ligamento', '', 'SRC-02', '71', '71', 'Transcrito', 'Autorizada para difusión', 'Pendiente de validación lingüística');
INSERT INTO senses VALUES ('RD-001909-S01', 'RD-001909', 1, 'Ligamento');
INSERT INTO lexical_entries VALUES ('RD-001910', 'Rahué', '1Rahué', 'rahue', '1', 'S', 'S', 'Día', '', 'SRC-02', '71', '71', 'Transcrito', 'Autorizada para difusión', 'Pendiente de validación lingüística');
INSERT INTO senses VALUES ('RD-001910-S01', 'RD-001910', 1, 'Día');
INSERT INTO lexical_entries VALUES ('RD-001911', 'Rahué', '2Rahué', 'rahue', '2', '', 'Sin clasificar', '1. s Pecho 2. vi Volver (el pecho hacia)', '', 'SRC-02', '71', '71', 'Transcrito', 'Autorizada para difusión', 'Pendiente de validación lingüística');
INSERT INTO senses VALUES ('RD-001911-S01', 'RD-001911', 1, 's Pecho');
INSERT INTO senses VALUES ('RD-001911-S02', 'RD-001911', 2, 'vi Volver (el pecho hacia)');
INSERT INTO lexical_entries VALUES ('RD-001912', 'Rahuihui', 'Rahuihui', 'rahuihui', NULL, 'S', 'S', 'Gavilán negro', '', 'SRC-02', '71', '71', 'Transcrito', 'Autorizada para difusión', 'Pendiente de validación lingüística');
INSERT INTO senses VALUES ('RD-001912-S01', 'RD-001912', 1, 'Gavilán negro');
INSERT INTO lexical_entries VALUES ('RD-001913', 'Rahuirí', 'Rahuirí', 'rahuiri', NULL, 'S', 'S', 'Mediodía', '', 'SRC-02', '71', '71', 'Transcrito', 'Autorizada para difusión', 'Pendiente de validación lingüística');
INSERT INTO senses VALUES ('RD-001913-S01', 'RD-001913', 1, 'Mediodía');
INSERT INTO lexical_entries VALUES ('RD-001914', 'Ra’íami', 'Ra’íami', 'ra''iami', NULL, 'Pp', 'Pp', 'Que tiene apetito', '', 'SRC-02', '71', '71', 'Transcrito', 'Autorizada para difusión', 'Pendiente de validación lingüística');
INSERT INTO senses VALUES ('RD-001914-S01', 'RD-001914', 1, 'Que tiene apetito');
INSERT INTO lexical_entries VALUES ('RD-001915', 'Ra’icha', 'Ra’icha', 'ra''icha', NULL, 'Vi', 'Vi', 'Hablar, platicar', '', 'SRC-02', '71', '71', 'Transcrito', 'Autorizada para difusión', 'Pendiente de validación lingüística');
INSERT INTO senses VALUES ('RD-001915-S01', 'RD-001915', 1, 'Hablar, platicar');
INSERT INTO lexical_entries VALUES ('RD-001916', 'Ra’íchami', 'Ra’íchami', 'ra''ichami', NULL, 'S', 'S', 'Hablador', '', 'SRC-02', '71', '71', 'Transcrito', 'Autorizada para difusión', 'Pendiente de validación lingüística');
INSERT INTO senses VALUES ('RD-001916-S01', 'RD-001916', 1, 'Hablador');
INSERT INTO lexical_entries VALUES ('RD-001917', 'Ra’ichárami', 'Ra’ichárami', 'ra''icharami', NULL, 'S', 'S', 'Idioma', '', 'SRC-02', '71', '71', 'Transcrito', 'Autorizada para difusión', 'Pendiente de validación lingüística');
INSERT INTO senses VALUES ('RD-001917-S01', 'RD-001917', 1, 'Idioma');
INSERT INTO lexical_entries VALUES ('RD-001918', 'Ra’íchari', 'Ra’íchari', 'ra''ichari', NULL, 'S', 'S', 'Palabra', '', 'SRC-02', '71', '71', 'Transcrito', 'Autorizada para difusión', 'Pendiente de validación lingüística');
INSERT INTO senses VALUES ('RD-001918-S01', 'RD-001918', 1, 'Palabra');
INSERT INTO lexical_entries VALUES ('RD-001919', 'Ra’ihuá', 'Ra’ihuá', 'ra''ihua', NULL, 'Vi', 'Vi', 'Gustar (comida)', '', 'SRC-02', '71', '71', 'Transcrito', 'Autorizada para difusión', 'Pendiente de validación lingüística');
INSERT INTO senses VALUES ('RD-001919-S01', 'RD-001919', 1, 'Gustar (comida)');
INSERT INTO lexical_entries VALUES ('RD-001920', 'Rajá', 'Rajá', 'raja', NULL, 'Vi', 'Vi', 'Alumbrar, arder, quemar', '', 'SRC-02', '71', '71', 'Transcrito', 'Autorizada para difusión', 'Pendiente de validación lingüística');
INSERT INTO senses VALUES ('RD-001920-S01', 'RD-001920', 1, 'Alumbrar, arder, quemar');
INSERT INTO lexical_entries VALUES ('RD-001921', 'Rajáami', 'Rajáami', 'rajaami', NULL, '', 'Sin clasificar', 'Ardiente', '', 'SRC-02', '71', '71', 'Transcrito', 'Autorizada para difusión', 'Pendiente de validación lingüística');
INSERT INTO senses VALUES ('RD-001921-S01', 'RD-001921', 1, 'Ardiente');
INSERT INTO lexical_entries VALUES ('RD-001922', 'Rajamó', 'Rajamó', 'rajamo', NULL, 'S', 'S', 'Peñasco', '', 'SRC-02', '71', '71', 'Transcrito', 'Autorizada para difusión', 'Pendiente de validación lingüística');
INSERT INTO senses VALUES ('RD-001922-S01', 'RD-001922', 1, 'Peñasco');
INSERT INTO lexical_entries VALUES ('RD-001923', 'Rajé', 'Rajé', 'raje', NULL, 'Vt', 'Vt', 'Encender ocote (para alumbrar)', '', 'SRC-02', '71', '71', 'Transcrito', 'Autorizada para difusión', 'Pendiente de validación lingüística');
INSERT INTO senses VALUES ('RD-001923-S01', 'RD-001923', 1, 'Encender ocote (para alumbrar)');
INSERT INTO lexical_entries VALUES ('RD-001924', 'Rajihuá', 'Rajihuá', 'rajihua', NULL, 'vi', 'Vi', 'Tener espinas (un tipo de oruga)', '', 'SRC-02', '71', '71', 'Transcrito', 'Autorizada para difusión', 'Pendiente de validación lingüística');
INSERT INTO senses VALUES ('RD-001924-S01', 'RD-001924', 1, 'Tener espinas (un tipo de oruga)');
INSERT INTO lexical_entries VALUES ('RD-001925', 'Rajina', 'Rajina', 'rajina', NULL, 'Vi', 'Vi', 'Prender, arder', '', 'SRC-02', '71', '71', 'Transcrito', 'Autorizada para difusión', 'Pendiente de validación lingüística');
INSERT INTO senses VALUES ('RD-001925-S01', 'RD-001925', 1, 'Prender, arder');
INSERT INTO lexical_entries VALUES ('RD-001926', 'Rajirí', 'Rajirí', 'rajiri', NULL, 'S', 'S', 'Vela', '', 'SRC-02', '71', '71', 'Transcrito', 'Autorizada para difusión', 'Pendiente de validación lingüística');
INSERT INTO senses VALUES ('RD-001926-S01', 'RD-001926', 1, 'Vela');
INSERT INTO lexical_entries VALUES ('RD-001927', 'Ra’lá', 'Ra’lá', 'ra''la', NULL, 'Vi', 'Vi', 'Derramarse', '', 'SRC-02', '71', '71', 'Transcrito', 'Autorizada para difusión', 'Pendiente de validación lingüística');
INSERT INTO senses VALUES ('RD-001927-S01', 'RD-001927', 1, 'Derramarse');
INSERT INTO lexical_entries VALUES ('RD-001928', 'Ra’lana', 'Ra’lana', 'ra''lana', NULL, 'Vi', 'Vi', 'Extender, esparcir', '', 'SRC-02', '71', '71', 'Transcrito', 'Autorizada para difusión', 'Pendiente de validación lingüística');
INSERT INTO senses VALUES ('RD-001928-S01', 'RD-001928', 1, 'Extender, esparcir');
INSERT INTO lexical_entries VALUES ('RD-001929', 'Ramé', 'Ramé', 'rame', NULL, 'S', 'S', 'Diente', '', 'SRC-02', '71', '71', 'Transcrito', 'Autorizada para difusión', 'Pendiente de validación lingüística');
INSERT INTO senses VALUES ('RD-001929-S01', 'RD-001929', 1, 'Diente');
INSERT INTO lexical_entries VALUES ('RD-001930', 'Ramú', 'Ramú', 'ramu', NULL, 'Vi', 'Vi', 'Ponerse negro por un golpe', '', 'SRC-02', '71', '71', 'Transcrito', 'Autorizada para difusión', 'Pendiente de validación lingüística');
INSERT INTO senses VALUES ('RD-001930-S01', 'RD-001930', 1, 'Ponerse negro por un golpe');
INSERT INTO lexical_entries VALUES ('RD-001931', 'Ramujera', 'Ramujera', 'ramujera', NULL, 'Vi', 'Vi', 'Hacer bromas (con las cuñadas)', '', 'SRC-02', '72', '72', 'Transcrito', 'Autorizada para difusión', 'Pendiente de validación lingüística');
INSERT INTO senses VALUES ('RD-001931-S01', 'RD-001931', 1, 'Hacer bromas (con las cuñadas)');
INSERT INTO lexical_entries VALUES ('RD-001932', 'Raná', 'Raná', 'rana', NULL, '', 'Sin clasificar', '1. vt Parir 2. s Hijo', '', 'SRC-02', '72', '72', 'Transcrito', 'Autorizada para difusión', 'Pendiente de validación lingüística');
INSERT INTO senses VALUES ('RD-001932-S01', 'RD-001932', 1, 'vt Parir');
INSERT INTO senses VALUES ('RD-001932-S02', 'RD-001932', 2, 's Hijo');
INSERT INTO lexical_entries VALUES ('RD-001933', 'Ra’náchani', 'Ra’náchani', 'ra''nachani', NULL, '', 'Sin clasificar', 'Sonar (oír ruido)', '', 'SRC-02', '72', '72', 'Transcrito', 'Autorizada para difusión', 'Pendiente de validación lingüística');
INSERT INTO senses VALUES ('RD-001933-S01', 'RD-001933', 1, 'Sonar (oír ruido)');
INSERT INTO lexical_entries VALUES ('RD-001934', 'Ra’né', 'Ra’né', 'ra''ne', NULL, 'Vt', 'Vt', 'Tirar (con rifle)', '', 'SRC-02', '72', '72', 'Transcrito', 'Autorizada para difusión', 'Pendiente de validación lingüística');
INSERT INTO senses VALUES ('RD-001934-S01', 'RD-001934', 1, 'Tirar (con rifle)');
INSERT INTO lexical_entries VALUES ('RD-001935', 'Rané', 'Rané', 'rane', NULL, 'vi', 'Vi', 'Tener hijo', '', 'SRC-02', '72', '72', 'Transcrito', 'Autorizada para difusión', 'Pendiente de validación lingüística');
INSERT INTO senses VALUES ('RD-001935-S01', 'RD-001935', 1, 'Tener hijo');
INSERT INTO lexical_entries VALUES ('RD-001936', 'Ranícuri', 'Ranícuri', 'ranicuri', NULL, 'S', 'S', 'Talón, calcañar', '', 'SRC-02', '72', '72', 'Transcrito', 'Autorizada para difusión', 'Pendiente de validación lingüística');
INSERT INTO senses VALUES ('RD-001936-S01', 'RD-001936', 1, 'Talón, calcañar');
INSERT INTO lexical_entries VALUES ('RD-001937', 'Ra’ó', 'Ra’ó', 'ra''o', NULL, 'S', 'S', 'Ortiga', '', 'SRC-02', '72', '72', 'Transcrito', 'Autorizada para difusión', 'Pendiente de validación lingüística');
INSERT INTO senses VALUES ('RD-001937-S01', 'RD-001937', 1, 'Ortiga');
INSERT INTO lexical_entries VALUES ('RD-001938', 'Ra’oa atí', 'Ra’oa atí', 'ra''oa ati', NULL, 'Vi', 'Vi', 'Agacharse', '', 'SRC-02', '72', '72', 'Transcrito', 'Autorizada para difusión', 'Pendiente de validación lingüística');
INSERT INTO senses VALUES ('RD-001938-S01', 'RD-001938', 1, 'Agacharse');
INSERT INTO lexical_entries VALUES ('RD-001939', 'Rapá', 'Rapá', 'rapa', NULL, 'Vi', 'Vi', 'Rajarse, partirse', '', 'SRC-02', '72', '72', 'Transcrito', 'Autorizada para difusión', 'Pendiente de validación lingüística');
INSERT INTO senses VALUES ('RD-001939-S01', 'RD-001939', 1, 'Rajarse, partirse');
INSERT INTO lexical_entries VALUES ('RD-001940', 'Rapana', 'Rapana', 'rapana', NULL, 'Vi', 'Vi', 'Rajar, partir', '', 'SRC-02', '72', '72', 'Transcrito', 'Autorizada para difusión', 'Pendiente de validación lingüística');
INSERT INTO senses VALUES ('RD-001940-S01', 'RD-001940', 1, 'Rajar, partir');
INSERT INTO lexical_entries VALUES ('RD-001941', 'Rapaco', 'Rapaco', 'rapaco', NULL, 'Adv', 'Adv', 'Ayer', '', 'SRC-02', '72', '72', 'Transcrito', 'Autorizada para difusión', 'Pendiente de validación lingüística');
INSERT INTO senses VALUES ('RD-001941-S01', 'RD-001941', 1, 'Ayer');
INSERT INTO lexical_entries VALUES ('RD-001942', 'Rapárachi', 'Rapárachi', 'raparachi', NULL, 'S', 'S', 'Rendija', '', 'SRC-02', '72', '72', 'Transcrito', 'Autorizada para difusión', 'Pendiente de validación lingüística');
INSERT INTO senses VALUES ('RD-001942-S01', 'RD-001942', 1, 'Rendija');
INSERT INTO lexical_entries VALUES ('RD-001943', 'Rapé', 'Rapé', 'rape', NULL, 'S', 'S', 'Laja', '', 'SRC-02', '72', '72', 'Transcrito', 'Autorizada para difusión', 'Pendiente de validación lingüística');
INSERT INTO senses VALUES ('RD-001943-S01', 'RD-001943', 1, 'Laja');
INSERT INTO lexical_entries VALUES ('RD-001944', 'Rapirá', '1Rapirá', 'rapira', '1', 'Vt', 'Vt', 'Rebanar (la carne para hacer cecina)', '', 'SRC-02', '72', '72', 'Transcrito', 'Autorizada para difusión', 'Pendiente de validación lingüística');
INSERT INTO senses VALUES ('RD-001944-S01', 'RD-001944', 1, 'Rebanar (la carne para hacer cecina)');
INSERT INTO lexical_entries VALUES ('RD-001945', 'Rapirá', '2Rapirá', 'rapira', '2', 'Vt', 'Vt', 'Arreglar un patio para bailar', '', 'SRC-02', '72', '72', 'Transcrito', 'Autorizada para difusión', 'Pendiente de validación lingüística');
INSERT INTO senses VALUES ('RD-001945-S01', 'RD-001945', 1, 'Arreglar un patio para bailar');
INSERT INTO lexical_entries VALUES ('RD-001946', 'Rapirá, rapirú', '3Rapirá, rapirú', 'rapira, rapiru', '3', 'Vi', 'Vi', 'Hay laja', '', 'SRC-02', '72', '72', 'Transcrito', 'Autorizada para difusión', 'Pendiente de validación lingüística');
INSERT INTO senses VALUES ('RD-001946-S01', 'RD-001946', 1, 'Hay laja');
INSERT INTO variants VALUES ('RD-001946-V01', 'RD-001946', 1, 'rapirú');
INSERT INTO lexical_entries VALUES ('RD-001947', 'Rapirara', 'Rapirara', 'rapirara', NULL, 'S', 'S', 'Rastrillo para limpiar el patio', '', 'SRC-02', '72', '72', 'Transcrito', 'Autorizada para difusión', 'Pendiente de validación lingüística');
INSERT INTO senses VALUES ('RD-001947-S01', 'RD-001947', 1, 'Rastrillo para limpiar el patio');
INSERT INTO lexical_entries VALUES ('RD-001948', 'Rapirátachi', 'Rapirátachi', 'rapiratachi', NULL, 'S', 'S', 'Patio', '', 'SRC-02', '72', '72', 'Transcrito', 'Autorizada para difusión', 'Pendiente de validación lingüística');
INSERT INTO senses VALUES ('RD-001948-S01', 'RD-001948', 1, 'Patio');
INSERT INTO lexical_entries VALUES ('RD-001949', 'Raqué', 'Raqué', 'raque', NULL, 'Vt', 'Vt', 'Darse semilla o fruta, producir', '', 'SRC-02', '72', '72', 'Transcrito', 'Autorizada para difusión', 'Pendiente de validación lingüística');
INSERT INTO senses VALUES ('RD-001949-S01', 'RD-001949', 1, 'Darse semilla o fruta, producir');
INSERT INTO lexical_entries VALUES ('RD-001950', 'Raquibú', 'Raquibú', 'raquibu', NULL, 'Vt', 'Vt', 'Empujar', '', 'SRC-02', '72', '72', 'Transcrito', 'Autorizada para difusión', 'Pendiente de validación lingüística');
INSERT INTO senses VALUES ('RD-001950-S01', 'RD-001950', 1, 'Empujar');
INSERT INTO lexical_entries VALUES ('RD-001951', 'Ra’rá', 'Ra’rá', 'ra''ra', NULL, 'Vi', 'Vi', 'Desparramarse, extenderse', '', 'SRC-02', '72', '72', 'Transcrito', 'Autorizada para difusión', 'Pendiente de validación lingüística');
INSERT INTO senses VALUES ('RD-001951-S01', 'RD-001951', 1, 'Desparramarse, extenderse');
INSERT INTO lexical_entries VALUES ('RD-001952', 'Ra’rana', 'Ra’rana', 'ra''rana', NULL, 'Vt', 'Vt', 'Desparramar, extender', '', 'SRC-02', '72', '72', 'Transcrito', 'Autorizada para difusión', 'Pendiente de validación lingüística');
INSERT INTO senses VALUES ('RD-001952-S01', 'RD-001952', 1, 'Desparramar, extender');
INSERT INTO lexical_entries VALUES ('RD-001953', 'Rará', '1Rará', 'rara', '1', 'Vt', 'Vt', 'Comprar', '', 'SRC-02', '72', '72', 'Transcrito', 'Autorizada para difusión', 'Pendiente de validación lingüística');
INSERT INTO senses VALUES ('RD-001953-S01', 'RD-001953', 1, 'Comprar');
INSERT INTO lexical_entries VALUES ('RD-001954', 'Rará', '2Rará', 'rara', '2', 'S', 'S', 'Pie', '', 'SRC-02', '72', '72', 'Transcrito', 'Autorizada para difusión', 'Pendiente de validación lingüística');
INSERT INTO senses VALUES ('RD-001954-S01', 'RD-001954', 1, 'Pie');
INSERT INTO lexical_entries VALUES ('RD-001955', 'Rarajipa', 'Rarajipa', 'rarajipa', NULL, 'Vi pl', 'Vi', 'Correr con la bola', '', 'SRC-02', '72', '72', 'Transcrito', 'Autorizada para difusión', 'Pendiente de validación lingüística');
INSERT INTO senses VALUES ('RD-001955-S01', 'RD-001955', 1, 'Correr con la bola');
INSERT INTO lexical_entries VALUES ('RD-001956', 'Raramú', 'Raramú', 'raramu', NULL, '', 'Sin clasificar', '1. vt Rayar (un pino por un rayo) 2. vi Caer un rayo', '', 'SRC-02', '72', '72', 'Transcrito', 'Autorizada para difusión', 'Pendiente de validación lingüística');
INSERT INTO senses VALUES ('RD-001956-S01', 'RD-001956', 1, 'vt Rayar (un pino por un rayo)');
INSERT INTO senses VALUES ('RD-001956-S02', 'RD-001956', 2, 'vi Caer un rayo');
INSERT INTO lexical_entries VALUES ('RD-001957', 'Rarámuri', 'Rarámuri', 'raramuri', NULL, 'S', 'S', 'Tarahumara, gente', '', 'SRC-02', '72', '72', 'Transcrito', 'Autorizada para difusión', 'Pendiente de validación lingüística');
INSERT INTO senses VALUES ('RD-001957-S01', 'RD-001957', 1, 'Tarahumara, gente');
INSERT INTO lexical_entries VALUES ('RD-001958', 'Rariguihua', 'Rariguihua', 'rariguihua', NULL, 'Vt', 'Vt', 'Vender (cosa específica)', '', 'SRC-02', '72', '72', 'Transcrito', 'Autorizada para difusión', 'Pendiente de validación lingüística');
INSERT INTO senses VALUES ('RD-001958-S01', 'RD-001958', 1, 'Vender (cosa específica)');
INSERT INTO lexical_entries VALUES ('RD-001959', 'Rarinéa', 'Rarinéa', 'rarinea', NULL, 'Vt', 'Vt', 'Vender', '', 'SRC-02', '72', '72', 'Transcrito', 'Autorizada para difusión', 'Pendiente de validación lingüística');
INSERT INTO senses VALUES ('RD-001959-S01', 'RD-001959', 1, 'Vender');
INSERT INTO lexical_entries VALUES ('RD-001960', 'Rasá', 'Rasá', 'rasa', NULL, 'Vi', 'Vi', 'Machucarse', '', 'SRC-02', '72', '72', 'Transcrito', 'Autorizada para difusión', 'Pendiente de validación lingüística');
INSERT INTO senses VALUES ('RD-001960-S01', 'RD-001960', 1, 'Machucarse');
INSERT INTO lexical_entries VALUES ('RD-001961', 'Rasáami', 'Rasáami', 'rasaami', NULL, 'Adj', 'Adj', 'Blando', '', 'SRC-02', '72', '72', 'Transcrito', 'Autorizada para difusión', 'Pendiente de validación lingüística');
INSERT INTO senses VALUES ('RD-001961-S01', 'RD-001961', 1, 'Blando');
INSERT INTO lexical_entries VALUES ('RD-001962', 'Rasana', 'Rasana', 'rasana', NULL, 'Vt', 'Vt', 'Machucar', '', 'SRC-02', '72', '72', 'Transcrito', 'Autorizada para difusión', 'Pendiente de validación lingüística');
INSERT INTO senses VALUES ('RD-001962-S01', 'RD-001962', 1, 'Machucar');
INSERT INTO lexical_entries VALUES ('RD-001963', 'Rasíami', 'Rasíami', 'rasiami', NULL, 'Pp', 'Pp', 'Desobediente, que no hace caso; sigue haciendo lo mismo', '', 'SRC-02', '72', '72', 'Transcrito', 'Autorizada para difusión', 'Pendiente de validación lingüística');
INSERT INTO senses VALUES ('RD-001963-S01', 'RD-001963', 1, 'Desobediente, que no hace caso; sigue haciendo lo mismo');
INSERT INTO lexical_entries VALUES ('RD-001964', 'Rasiba', 'Rasiba', 'rasiba', NULL, 'Vi', 'Vi', 'Oxidarse', '', 'SRC-02', '72', '72', 'Transcrito', 'Autorizada para difusión', 'Pendiente de validación lingüística');
INSERT INTO senses VALUES ('RD-001964-S01', 'RD-001964', 1, 'Oxidarse');
INSERT INTO lexical_entries VALUES ('RD-001965', 'Rasícari', 'Rasícari', 'rasicari', NULL, 'S', 'S', 'Ligamentos de rodilla', '', 'SRC-02', '72', '72', 'Transcrito', 'Autorizada para difusión', 'Pendiente de validación lingüística');
INSERT INTO senses VALUES ('RD-001965-S01', 'RD-001965', 1, 'Ligamentos de rodilla');
INSERT INTO lexical_entries VALUES ('RD-001966', 'Rasó', 'Rasó', 'raso', NULL, 'Vt', 'Vt', 'Deslumbrar', '', 'SRC-02', '72', '72', 'Transcrito', 'Autorizada para difusión', 'Pendiente de validación lingüística');
INSERT INTO senses VALUES ('RD-001966-S01', 'RD-001966', 1, 'Deslumbrar');
INSERT INTO lexical_entries VALUES ('RD-001967', 'Rasuca', 'Rasuca', 'rasuca', NULL, 'Vi', 'Vi', 'Calentarse (al sol)', '', 'SRC-02', '72', '72', 'Transcrito', 'Autorizada para difusión', 'Pendiente de validación lingüística');
INSERT INTO senses VALUES ('RD-001967-S01', 'RD-001967', 1, 'Calentarse (al sol)');
INSERT INTO lexical_entries VALUES ('RD-001968', 'Rasuguí', 'Rasuguí', 'rasugui', NULL, 'S', 'S', 'Fibra de maguey', '', 'SRC-02', '72', '72', 'Transcrito', 'Autorizada para difusión', 'Pendiente de validación lingüística');
INSERT INTO senses VALUES ('RD-001968-S01', 'RD-001968', 1, 'Fibra de maguey');
INSERT INTO lexical_entries VALUES ('RD-001969', 'Ratá', '1Ratá', 'rata', '1', 'Vi', 'Vi', 'Hacer calor', '', 'SRC-02', '72', '72', 'Transcrito', 'Autorizada para difusión', 'Pendiente de validación lingüística');
INSERT INTO senses VALUES ('RD-001969-S01', 'RD-001969', 1, 'Hacer calor');
INSERT INTO lexical_entries VALUES ('RD-001970', 'Ratá', '2Ratá', 'rata', '2', 'Vt', 'Vt', 'Tirar con rifle', '', 'SRC-02', '72', '72', 'Transcrito', 'Autorizada para difusión', 'Pendiente de validación lingüística');
INSERT INTO senses VALUES ('RD-001970-S01', 'RD-001970', 1, 'Tirar con rifle');
INSERT INTO lexical_entries VALUES ('RD-001971', 'Rataba', 'Rataba', 'rataba', NULL, 'Vi', 'Vi', 'Relumbrar, resplandecer, brillar mucho', '', 'SRC-02', '72', '72', 'Transcrito', 'Autorizada para difusión', 'Pendiente de validación lingüística');
INSERT INTO senses VALUES ('RD-001971-S01', 'RD-001971', 1, 'Relumbrar, resplandecer, brillar mucho');
INSERT INTO lexical_entries VALUES ('RD-001972', 'Ratabacha', 'Ratabacha', 'ratabacha', NULL, 'Vt', 'Vt', 'Calentar', '', 'SRC-02', '72', '72', 'Transcrito', 'Autorizada para difusión', 'Pendiente de validación lingüística');
INSERT INTO senses VALUES ('RD-001972-S01', 'RD-001972', 1, 'Calentar');
INSERT INTO lexical_entries VALUES ('RD-001973', 'Ratábami', 'Ratábami', 'ratabami', NULL, 'Adj', 'Adj', 'Brillante', '', 'SRC-02', '72', '72', 'Transcrito', 'Autorizada para difusión', 'Pendiente de validación lingüística');
INSERT INTO senses VALUES ('RD-001973-S01', 'RD-001973', 1, 'Brillante');
INSERT INTO lexical_entries VALUES ('RD-001974', 'Ratana', 'Ratana', 'ratana', NULL, 'Vt', 'Vt', '1. Tirar con rifle 2. Agujerear', '', 'SRC-02', '73', '73', 'Transcrito', 'Autorizada para difusión', 'Pendiente de validación lingüística');
INSERT INTO senses VALUES ('RD-001974-S01', 'RD-001974', 1, 'Tirar con rifle');
INSERT INTO senses VALUES ('RD-001974-S02', 'RD-001974', 2, 'Agujerear');
INSERT INTO lexical_entries VALUES ('RD-001975', 'Ratara', 'Ratara', 'ratara', NULL, 'Vi', 'Vi', 'Tener calentura', '', 'SRC-02', '73', '73', 'Transcrito', 'Autorizada para difusión', 'Pendiente de validación lingüística');
INSERT INTO senses VALUES ('RD-001975-S01', 'RD-001975', 1, 'Tener calentura');
INSERT INTO lexical_entries VALUES ('RD-001976', 'Raté', 'Raté', 'rate', NULL, 'S', 'S', '1. Tío, tía (hermano, hermana menor de la madre) 2. Primo, prima (hermano, hermana menor de la madre)', '', 'SRC-02', '73', '73', 'Transcrito', 'Autorizada para difusión', 'Pendiente de validación lingüística');
INSERT INTO senses VALUES ('RD-001976-S01', 'RD-001976', 1, 'Tío, tía (hermano, hermana menor de la madre)');
INSERT INTO senses VALUES ('RD-001976-S02', 'RD-001976', 2, 'Primo, prima (hermano, hermana menor de la madre)');
INSERT INTO lexical_entries VALUES ('RD-001977', 'Rayena', 'Rayena', 'rayena', NULL, 'Vi', 'Vi', 'Hacer sol, brillar sol', '', 'SRC-02', '73', '73', 'Transcrito', 'Autorizada para difusión', 'Pendiente de validación lingüística');
INSERT INTO senses VALUES ('RD-001977-S01', 'RD-001977', 1, 'Hacer sol, brillar sol');
INSERT INTO lexical_entries VALUES ('RD-001978', 'Rayénari', 'Rayénari', 'rayenari', NULL, 'S', 'S', 'El sol', '', 'SRC-02', '73', '73', 'Transcrito', 'Autorizada para difusión', 'Pendiente de validación lingüística');
INSERT INTO senses VALUES ('RD-001978-S01', 'RD-001978', 1, 'El sol');
INSERT INTO lexical_entries VALUES ('RD-001979', 'Ricá', '1Ricá', 'rica', '1', 'Vt sing', 'Vt', 'Poner acostado (una cosa)', '', 'SRC-02', '73', '73', 'Transcrito', 'Autorizada para difusión', 'Pendiente de validación lingüística');
INSERT INTO senses VALUES ('RD-001979-S01', 'RD-001979', 1, 'Poner acostado (una cosa)');
INSERT INTO lexical_entries VALUES ('RD-001980', 'Ricá', '2Ricá', 'rica', '2', 'S', 'S', 'Tierra blanca (se usa para pintarse en las fiestas)', '', 'SRC-02', '73', '73', 'Transcrito', 'Autorizada para difusión', 'Pendiente de validación lingüística');
INSERT INTO senses VALUES ('RD-001980-S01', 'RD-001980', 1, 'Tierra blanca (se usa para pintarse en las fiestas)');
INSERT INTO lexical_entries VALUES ('RD-001981', 'Ricaba', 'Ricaba', 'ricaba', NULL, 'Vt', 'Vt', 'Tumbar (buey, persona)', '', 'SRC-02', '73', '73', 'Transcrito', 'Autorizada para difusión', 'Pendiente de validación lingüística');
INSERT INTO senses VALUES ('RD-001981-S01', 'RD-001981', 1, 'Tumbar (buey, persona)');
INSERT INTO lexical_entries VALUES ('RD-001982', 'Ricamuchi', 'Ricamuchi', 'ricamuchi', NULL, 'S', 'S', 'Comadreja', '', 'SRC-02', '73', '73', 'Transcrito', 'Autorizada para difusión', 'Pendiente de validación lingüística');
INSERT INTO senses VALUES ('RD-001982-S01', 'RD-001982', 1, 'Comadreja');
INSERT INTO lexical_entries VALUES ('RD-001983', 'Ricóchari', 'Ricóchari', 'ricochari', NULL, 'S', 'S', 'Pedernal, piedra blanca (muy dura, sieve para picar el metate)', '', 'SRC-02', '73', '73', 'Transcrito', 'Autorizada para difusión', 'Pendiente de validación lingüística');
INSERT INTO senses VALUES ('RD-001983-S01', 'RD-001983', 1, 'Pedernal, piedra blanca (muy dura, sieve para picar el metate)');
INSERT INTO lexical_entries VALUES ('RD-001984', 'Ricohua', 'Ricohua', 'ricohua', NULL, 'Vi', 'Vi', 'Tener troja (reg.: troj)', '', 'SRC-02', '73', '73', 'Transcrito', 'Autorizada para difusión', 'Pendiente de validación lingüística');
INSERT INTO senses VALUES ('RD-001984-S01', 'RD-001984', 1, 'Tener troja (reg.: troj)');
INSERT INTO lexical_entries VALUES ('RD-001985', 'Ricohui', 'Ricohui', 'ricohui', NULL, 'S', 'S', 'Troja (reg.: troje)', '', 'SRC-02', '73', '73', 'Transcrito', 'Autorizada para difusión', 'Pendiente de validación lingüística');
INSERT INTO senses VALUES ('RD-001985-S01', 'RD-001985', 1, 'Troja (reg.: troje)');
INSERT INTO lexical_entries VALUES ('RD-001986', 'Ricoma', 'Ricoma', 'ricoma', NULL, 'Vi', 'Vi', 'Hacerse un hoyito redondo', '', 'SRC-02', '73', '73', 'Transcrito', 'Autorizada para difusión', 'Pendiente de validación lingüística');
INSERT INTO senses VALUES ('RD-001986-S01', 'RD-001986', 1, 'Hacerse un hoyito redondo');
INSERT INTO lexical_entries VALUES ('RD-001987', 'Ricómari', 'Ricómari', 'ricomari', NULL, 'S', 'S', 'Frijol grande, colorado', '', 'SRC-02', '73', '73', 'Transcrito', 'Autorizada para difusión', 'Pendiente de validación lingüística');
INSERT INTO senses VALUES ('RD-001987-S01', 'RD-001987', 1, 'Frijol grande, colorado');
INSERT INTO lexical_entries VALUES ('RD-001988', 'Ricomta', 'Ricomta', 'ricomta', NULL, 'Vt', 'Vt', 'Hacer un hoyito redondo en la laja blanca', '', 'SRC-02', '73', '73', 'Transcrito', 'Autorizada para difusión', 'Pendiente de validación lingüística');
INSERT INTO senses VALUES ('RD-001988-S01', 'RD-001988', 1, 'Hacer un hoyito redondo en la laja blanca');
INSERT INTO lexical_entries VALUES ('RD-001989', 'Ricú', 'Ricú', 'ricu', NULL, 'Vi', 'Vi', 'Emborracharse', '', 'SRC-02', '73', '73', 'Transcrito', 'Autorizada para difusión', 'Pendiente de validación lingüística');
INSERT INTO senses VALUES ('RD-001989-S01', 'RD-001989', 1, 'Emborracharse');
INSERT INTO lexical_entries VALUES ('RD-001990', 'Ricubiri', 'Ricubiri', 'ricubiri', NULL, 'S', 'S', 'Peñasco, picacho', '', 'SRC-02', '73', '73', 'Transcrito', 'Autorizada para difusión', 'Pendiente de validación lingüística');
INSERT INTO senses VALUES ('RD-001990-S01', 'RD-001990', 1, 'Peñasco, picacho');
INSERT INTO lexical_entries VALUES ('RD-001991', 'Ricuchuri', 'Ricuchuri', 'ricuchuri', NULL, 'S', 'S', 'Grillo', '', 'SRC-02', '73', '73', 'Transcrito', 'Autorizada para difusión', 'Pendiente de validación lingüística');
INSERT INTO senses VALUES ('RD-001991-S01', 'RD-001991', 1, 'Grillo');
INSERT INTO lexical_entries VALUES ('RD-001992', 'Ricúhuari', 'Ricúhuari', 'ricuhuari', NULL, 'S', 'S', 'Rana verde, grande (canta en primavera)', '', 'SRC-02', '73', '73', 'Transcrito', 'Autorizada para difusión', 'Pendiente de validación lingüística');
INSERT INTO senses VALUES ('RD-001992-S01', 'RD-001992', 1, 'Rana verde, grande (canta en primavera)');
INSERT INTO lexical_entries VALUES ('RD-001993', 'Ricúmtari', 'Ricúmtari', 'ricumtari', NULL, '', 'Sin clasificar', 'Lo emborrachó', '', 'SRC-02', '73', '73', 'Transcrito', 'Autorizada para difusión', 'Pendiente de validación lingüística');
INSERT INTO senses VALUES ('RD-001993-S01', 'RD-001993', 1, 'Lo emborrachó');
INSERT INTO lexical_entries VALUES ('RD-001994', 'Ricurí', 'Ricurí', 'ricuri', NULL, 'S sing', 'S', 'Borracho', '', 'SRC-02', '73', '73', 'Transcrito', 'Autorizada para difusión', 'Pendiente de validación lingüística');
INSERT INTO senses VALUES ('RD-001994-S01', 'RD-001994', 1, 'Borracho');
INSERT INTO lexical_entries VALUES ('RD-001995', 'Ricúuri', 'Ricúuri', 'ricuuri', NULL, 'S', 'S', 'Rana grande, oscura', '', 'SRC-02', '73', '73', 'Transcrito', 'Autorizada para difusión', 'Pendiente de validación lingüística');
INSERT INTO senses VALUES ('RD-001995-S01', 'RD-001995', 1, 'Rana grande, oscura');
INSERT INTO lexical_entries VALUES ('RD-001996', 'Richí', 'Richí', 'richi', NULL, 'S', 'S', 'Tío (hermano menor del padre)', '', 'SRC-02', '73', '73', 'Transcrito', 'Autorizada para difusión', 'Pendiente de validación lingüística');
INSERT INTO senses VALUES ('RD-001996-S01', 'RD-001996', 1, 'Tío (hermano menor del padre)');
INSERT INTO lexical_entries VALUES ('RD-001997', 'Richira', 'Richira', 'richira', NULL, 'Vi', 'Vi', 'Estar pando, pandearse', '', 'SRC-02', '73', '73', 'Transcrito', 'Autorizada para difusión', 'Pendiente de validación lingüística');
INSERT INTO senses VALUES ('RD-001997-S01', 'RD-001997', 1, 'Estar pando, pandearse');
INSERT INTO lexical_entries VALUES ('RD-001998', 'Ri’é', 'Ri’é', 'ri''e', NULL, 'Vi sing', 'Vi', 'Jugar', '', 'SRC-02', '73', '73', 'Transcrito', 'Autorizada para difusión', 'Pendiente de validación lingüística');
INSERT INTO senses VALUES ('RD-001998-S01', 'RD-001998', 1, 'Jugar');
INSERT INTO lexical_entries VALUES ('RD-001999', 'Ri’echa', 'Ri’echa', 'ri''echa', NULL, 'Vt', 'Vt', '1. Malgastar 2. Jugar', '', 'SRC-02', '73', '73', 'Transcrito', 'Autorizada para difusión', 'Pendiente de validación lingüística');
INSERT INTO senses VALUES ('RD-001999-S01', 'RD-001999', 1, 'Malgastar');
INSERT INTO senses VALUES ('RD-001999-S02', 'RD-001999', 2, 'Jugar');
INSERT INTO lexical_entries VALUES ('RD-002000', 'Rihuá', '1Rihuá', 'rihua', '1', 'Vt', 'Vt', 'Ver, hallar', '', 'SRC-02', '73', '73', 'Transcrito', 'Autorizada para difusión', 'Pendiente de validación lingüística');
INSERT INTO senses VALUES ('RD-002000-S01', 'RD-002000', 1, 'Ver, hallar');
INSERT INTO lexical_entries VALUES ('RD-002001', 'Rihuá', '2Rihuá', 'rihua', '2', 'S', 'S', 'Nombre', '', 'SRC-02', '73', '73', 'Transcrito', 'Autorizada para difusión', 'Pendiente de validación lingüística');
INSERT INTO senses VALUES ('RD-002001-S01', 'RD-002001', 1, 'Nombre');
INSERT INTO lexical_entries VALUES ('RD-002002', 'Ri’huá', 'Ri’huá', 'ri''hua', NULL, 'Vi', 'Vi', 'Hacerse liso', '', 'SRC-02', '73', '73', 'Transcrito', 'Autorizada para difusión', 'Pendiente de validación lingüística');
INSERT INTO senses VALUES ('RD-002002-S01', 'RD-002002', 1, 'Hacerse liso');
INSERT INTO lexical_entries VALUES ('RD-002003', 'Ri’huana', 'Ri’huana', 'ri''huana', NULL, 'Vt', 'Vt', 'Alisar, aplanar, cepillar', '', 'SRC-02', '73', '73', 'Transcrito', 'Autorizada para difusión', 'Pendiente de validación lingüística');
INSERT INTO senses VALUES ('RD-002003-S01', 'RD-002003', 1, 'Alisar, aplanar, cepillar');
INSERT INTO lexical_entries VALUES ('RD-002004', 'Rihuará', 'Rihuará', 'rihuara', NULL, 'Vt', 'Vt', 'Nombrar', '', 'SRC-02', '73', '73', 'Transcrito', 'Autorizada para difusión', 'Pendiente de validación lingüística');
INSERT INTO senses VALUES ('RD-002004-S01', 'RD-002004', 1, 'Nombrar');
INSERT INTO lexical_entries VALUES ('RD-002005', 'Rihuera', 'Rihuera', 'rihuera', NULL, 'Vi', 'Vi', 'Tener vergüenza', '', 'SRC-02', '73', '73', 'Transcrito', 'Autorizada para difusión', 'Pendiente de validación lingüística');
INSERT INTO senses VALUES ('RD-002005-S01', 'RD-002005', 1, 'Tener vergüenza');
INSERT INTO lexical_entries VALUES ('RD-002006', 'Rihuí', '1Rihuí', 'rihui', '1', 'Adv', 'Adv', 'Cuesta arriba', '', 'SRC-02', '73', '73', 'Transcrito', 'Autorizada para difusión', 'Pendiente de validación lingüística');
INSERT INTO senses VALUES ('RD-002006-S01', 'RD-002006', 1, 'Cuesta arriba');
INSERT INTO lexical_entries VALUES ('RD-002007', 'Rihuí', '2Rihuí', 'rihui', '2', 'Vi', 'Vi', 'Mostrarse', '', 'SRC-02', '73', '73', 'Transcrito', 'Autorizada para difusión', 'Pendiente de validación lingüística');
INSERT INTO senses VALUES ('RD-002007-S01', 'RD-002007', 1, 'Mostrarse');
INSERT INTO lexical_entries VALUES ('RD-002008', 'Rihuigachi', 'Rihuigachi', 'rihuigachi', NULL, 'S', 'S', 'En el cielo, en la gloria', '', 'SRC-02', '73', '73', 'Transcrito', 'Autorizada para difusión', 'Pendiente de validación lingüística');
INSERT INTO senses VALUES ('RD-002008-S01', 'RD-002008', 1, 'En el cielo, en la gloria');
INSERT INTO lexical_entries VALUES ('RD-002009', 'Ri’huiná', 'Ri’huiná', 'ri''huina', NULL, 'Adv', 'Adv', 'Cuesta arriba', '', 'SRC-02', '73', '73', 'Transcrito', 'Autorizada para difusión', 'Pendiente de validación lingüística');
INSERT INTO senses VALUES ('RD-002009-S01', 'RD-002009', 1, 'Cuesta arriba');
INSERT INTO lexical_entries VALUES ('RD-002010', 'Rihuira', '1Rihuira', 'rihuira', '1', 'Vt', 'Vt', 'Mostrar', '', 'SRC-02', '73', '73', 'Transcrito', 'Autorizada para difusión', 'Pendiente de validación lingüística');
INSERT INTO senses VALUES ('RD-002010-S01', 'RD-002010', 1, 'Mostrar');
INSERT INTO lexical_entries VALUES ('RD-002011', 'Rihuira', '2Rihuira', 'rihuira', '2', 'Adv', 'Adv', 'Para arriba en la falda', '', 'SRC-02', '74', '74', 'Transcrito', 'Autorizada para difusión', 'Pendiente de validación lingüística');
INSERT INTO senses VALUES ('RD-002011-S01', 'RD-002011', 1, 'Para arriba en la falda');
INSERT INTO lexical_entries VALUES ('RD-002012', 'Rihuirí', 'Rihuirí', 'rihuiri', NULL, 'S', 'S', 'Nopal castilla', '', 'SRC-02', '74', '74', 'Transcrito', 'Autorizada para difusión', 'Pendiente de validación lingüística');
INSERT INTO senses VALUES ('RD-002012-S01', 'RD-002012', 1, 'Nopal castilla');
INSERT INTO lexical_entries VALUES ('RD-002013', 'Rihuisáa', 'Rihuisáa', 'rihuisaa', NULL, 'Vi', 'Vi', 'Viéndolo', '', 'SRC-02', '74', '74', 'Transcrito', 'Autorizada para difusión', 'Pendiente de validación lingüística');
INSERT INTO senses VALUES ('RD-002013-S01', 'RD-002013', 1, 'Viéndolo');
INSERT INTO lexical_entries VALUES ('RD-002014', 'Ri’í', 'Ri’í', 'ri''i', NULL, 'Vi', 'Vi', 'Gemir, lanzar quejas', '', 'SRC-02', '74', '74', 'Transcrito', 'Autorizada para difusión', 'Pendiente de validación lingüística');
INSERT INTO senses VALUES ('RD-002014-S01', 'RD-002014', 1, 'Gemir, lanzar quejas');
INSERT INTO lexical_entries VALUES ('RD-002015', 'Ri’ibú', 'Ri’ibú', 'ri''ibu', NULL, 'Vt', 'Vt', 'Limpiar (frijol)', '', 'SRC-02', '74', '74', 'Transcrito', 'Autorizada para difusión', 'Pendiente de validación lingüística');
INSERT INTO senses VALUES ('RD-002015-S01', 'RD-002015', 1, 'Limpiar (frijol)');
INSERT INTO lexical_entries VALUES ('RD-002016', 'Ri’icha', 'Ri’icha', 'ri''icha', NULL, 'Vt', 'Vt', '1. Echarse a perder 2. Desperdiciar', '', 'SRC-02', '74', '74', 'Transcrito', 'Autorizada para difusión', 'Pendiente de validación lingüística');
INSERT INTO senses VALUES ('RD-002016-S01', 'RD-002016', 1, 'Echarse a perder');
INSERT INTO senses VALUES ('RD-002016-S02', 'RD-002016', 2, 'Desperdiciar');
INSERT INTO lexical_entries VALUES ('RD-002017', 'Ri’íchani', 'Ri’íchani', 'ri''ichani', NULL, 'Vi', 'Vi', 'Gemir', '', 'SRC-02', '74', '74', 'Transcrito', 'Autorizada para difusión', 'Pendiente de validación lingüística');
INSERT INTO senses VALUES ('RD-002017-S01', 'RD-002017', 1, 'Gemir');
INSERT INTO lexical_entries VALUES ('RD-002018', 'Ri’inana', 'Ri’inana', 'ri''inana', NULL, 'Adv', 'Adv', 'Para arriba', '', 'SRC-02', '74', '74', 'Transcrito', 'Autorizada para difusión', 'Pendiente de validación lingüística');
INSERT INTO senses VALUES ('RD-002018-S01', 'RD-002018', 1, 'Para arriba');
INSERT INTO lexical_entries VALUES ('RD-002019', 'Ri’iquéami', 'Ri’iquéami', 'ri''iqueami', NULL, 'S', 'S', 'Jugador', '', 'SRC-02', '74', '74', 'Transcrito', 'Autorizada para difusión', 'Pendiente de validación lingüística');
INSERT INTO senses VALUES ('RD-002019-S01', 'RD-002019', 1, 'Jugador');
INSERT INTO lexical_entries VALUES ('RD-002020', 'Rijachi', 'Rijachi', 'rijachi', NULL, 'S', 'S', 'Arroyo (lugar desgastado por el agua)', '', 'SRC-02', '74', '74', 'Transcrito', 'Autorizada para difusión', 'Pendiente de validación lingüística');
INSERT INTO senses VALUES ('RD-002020-S01', 'RD-002020', 1, 'Arroyo (lugar desgastado por el agua)');
INSERT INTO lexical_entries VALUES ('RD-002021', 'Rijata', 'Rijata', 'rijata', NULL, 'Vi', 'Vi', 'Desgastarse (tierra por las lluvias)', '', 'SRC-02', '74', '74', 'Transcrito', 'Autorizada para difusión', 'Pendiente de validación lingüística');
INSERT INTO senses VALUES ('RD-002021-S01', 'RD-002021', 1, 'Desgastarse (tierra por las lluvias)');
INSERT INTO lexical_entries VALUES ('RD-002022', 'Rijé', 'Rijé', 'rije', NULL, 'S', 'S', 'Granizo', '', 'SRC-02', '74', '74', 'Transcrito', 'Autorizada para difusión', 'Pendiente de validación lingüística');
INSERT INTO senses VALUES ('RD-002022-S01', 'RD-002022', 1, 'Granizo');
INSERT INTO lexical_entries VALUES ('RD-002023', 'Rijí', 'Rijí', 'riji', NULL, 'Vt', 'Vt', '1. Mentar (el nombre de otro, en su presencia) 2. poner apellido', '', 'SRC-02', '74', '74', 'Transcrito', 'Autorizada para difusión', 'Pendiente de validación lingüística');
INSERT INTO senses VALUES ('RD-002023-S01', 'RD-002023', 1, 'Mentar (el nombre de otro, en su presencia)');
INSERT INTO senses VALUES ('RD-002023-S02', 'RD-002023', 2, 'poner apellido');
INSERT INTO lexical_entries VALUES ('RD-002024', 'Rijibá', 'Rijibá', 'rijiba', NULL, 'Vi pl', 'Vi', 'Jugar cuatro, jugar teja', '', 'SRC-02', '74', '74', 'Transcrito', 'Autorizada para difusión', 'Pendiente de validación lingüística');
INSERT INTO senses VALUES ('RD-002024-S01', 'RD-002024', 1, 'Jugar cuatro, jugar teja');
INSERT INTO lexical_entries VALUES ('RD-002025', 'Rijimá', 'Rijimá', 'rijima', NULL, 'S sing', 'S', 'Hermano', '', 'SRC-02', '74', '74', 'Transcrito', 'Autorizada para difusión', 'Pendiente de validación lingüística');
INSERT INTO senses VALUES ('RD-002025-S01', 'RD-002025', 1, 'Hermano');
INSERT INTO lexical_entries VALUES ('RD-002026', 'Rijimé', 'Rijimé', 'rijime', NULL, 'Vi', 'Vi', 'Tener hermano', '', 'SRC-02', '74', '74', 'Transcrito', 'Autorizada para difusión', 'Pendiente de validación lingüística');
INSERT INTO senses VALUES ('RD-002026-S01', 'RD-002026', 1, 'Tener hermano');
INSERT INTO lexical_entries VALUES ('RD-002027', 'Rijísari', 'Rijísari', 'rijisari', NULL, 'S', 'S', 'Grajea (reg.), cellisca', '', 'SRC-02', '74', '74', 'Transcrito', 'Autorizada para difusión', 'Pendiente de validación lingüística');
INSERT INTO senses VALUES ('RD-002027-S01', 'RD-002027', 1, 'Grajea (reg.), cellisca');
INSERT INTO lexical_entries VALUES ('RD-002028', 'Rijóara', 'Rijóara', 'rijoara', NULL, 'Vi', 'Vi', 'Vivir allí (un hombre)', '', 'SRC-02', '74', '74', 'Transcrito', 'Autorizada para difusión', 'Pendiente de validación lingüística');
INSERT INTO senses VALUES ('RD-002028-S01', 'RD-002028', 1, 'Vivir allí (un hombre)');
INSERT INTO lexical_entries VALUES ('RD-002029', 'Rijóhuachi', 'Rijóhuachi', 'rijohuachi', NULL, 'S', 'S', 'Lugar donde vive gente', '', 'SRC-02', '74', '74', 'Transcrito', 'Autorizada para difusión', 'Pendiente de validación lingüística');
INSERT INTO senses VALUES ('RD-002029-S01', 'RD-002029', 1, 'Lugar donde vive gente');
INSERT INTO lexical_entries VALUES ('RD-002030', 'Rijóirasi', 'Rijóirasi', 'rijoirasi', NULL, 'Imper', 'Imper', '¡Que vivan!', '', 'SRC-02', '74', '74', 'Transcrito', 'Autorizada para difusión', 'Pendiente de validación lingüística');
INSERT INTO senses VALUES ('RD-002030-S01', 'RD-002030', 1, '¡Que vivan!');
INSERT INTO lexical_entries VALUES ('RD-002031', 'Rijorá', 'Rijorá', 'rijora', NULL, 'Vi', 'Vi', 'Aguantar (mucho)', '', 'SRC-02', '74', '74', 'Transcrito', 'Autorizada para difusión', 'Pendiente de validación lingüística');
INSERT INTO senses VALUES ('RD-002031-S01', 'RD-002031', 1, 'Aguantar (mucho)');
INSERT INTO lexical_entries VALUES ('RD-002032', 'Rijoy', 'Rijoy', 'rijoy', NULL, 'S', 'S', 'Hombre', '', 'SRC-02', '74', '74', 'Transcrito', 'Autorizada para difusión', 'Pendiente de validación lingüística');
INSERT INTO senses VALUES ('RD-002032-S01', 'RD-002032', 1, 'Hombre');
INSERT INTO lexical_entries VALUES ('RD-002033', 'Ri’marí', 'Ri’marí', 'ri''mari', NULL, 'S sing', 'S', 'Joven', '', 'SRC-02', '74', '74', 'Transcrito', 'Autorizada para difusión', 'Pendiente de validación lingüística');
INSERT INTO senses VALUES ('RD-002033-S01', 'RD-002033', 1, 'Joven');
INSERT INTO lexical_entries VALUES ('RD-002034', 'Rimé', 'Rimé', 'rime', NULL, '', 'Sin clasificar', '1. vt Hacer tortillas 2. s Tortilla', '', 'SRC-02', '74', '74', 'Transcrito', 'Autorizada para difusión', 'Pendiente de validación lingüística');
INSERT INTO senses VALUES ('RD-002034-S01', 'RD-002034', 1, 'vt Hacer tortillas');
INSERT INTO senses VALUES ('RD-002034-S02', 'RD-002034', 2, 's Tortilla');
INSERT INTO lexical_entries VALUES ('RD-002035', 'Rimério', 'Rimério', 'rimerio', NULL, 'S', 'S', '1. Curandero (lleva un crucifijo) 2. Crucifijo', '', 'SRC-02', '74', '74', 'Transcrito', 'Autorizada para difusión', 'Pendiente de validación lingüística');
INSERT INTO senses VALUES ('RD-002035-S01', 'RD-002035', 1, 'Curandero (lleva un crucifijo)');
INSERT INTO senses VALUES ('RD-002035-S02', 'RD-002035', 2, 'Crucifijo');
INSERT INTO lexical_entries VALUES ('RD-002036', 'Rimisó', 'Rimisó', 'rimiso', NULL, 'Vt', 'Vt', 'Pisotear, trillar (trigo)', '', 'SRC-02', '74', '74', 'Transcrito', 'Autorizada para difusión', 'Pendiente de validación lingüística');
INSERT INTO senses VALUES ('RD-002036-S01', 'RD-002036', 1, 'Pisotear, trillar (trigo)');
INSERT INTO lexical_entries VALUES ('RD-002037', 'Rimó', 'Rimó', 'rimo', NULL, 'S', 'S', 'Sapo, rana', '', 'SRC-02', '74', '74', 'Transcrito', 'Autorizada para difusión', 'Pendiente de validación lingüística');
INSERT INTO senses VALUES ('RD-002037-S01', 'RD-002037', 1, 'Sapo, rana');
INSERT INTO lexical_entries VALUES ('RD-002038', 'Rimojachi', 'Rimojachi', 'rimojachi', NULL, 'S', 'S', 'Pedregal', '', 'SRC-02', '74', '74', 'Transcrito', 'Autorizada para difusión', 'Pendiente de validación lingüística');
INSERT INTO senses VALUES ('RD-002038-S01', 'RD-002038', 1, 'Pedregal');
INSERT INTO lexical_entries VALUES ('RD-002039', 'Rimú', 'Rimú', 'rimu', NULL, 'Vi', 'Vi', 'Soñar', '', 'SRC-02', '74', '74', 'Transcrito', 'Autorizada para difusión', 'Pendiente de validación lingüística');
INSERT INTO senses VALUES ('RD-002039-S01', 'RD-002039', 1, 'Soñar');
INSERT INTO lexical_entries VALUES ('RD-002040', 'Ri’ná', '1Ri’ná', 'ri''na', '1', 'Vt', 'Vt', 'Nivelar', '', 'SRC-02', '74', '74', 'Transcrito', 'Autorizada para difusión', 'Pendiente de validación lingüística');
INSERT INTO senses VALUES ('RD-002040-S01', 'RD-002040', 1, 'Nivelar');
INSERT INTO lexical_entries VALUES ('RD-002041', 'Ri’ná', '2Ri’ná', 'ri''na', '2', 'Vi', 'Vi', 'Estar parejo', '', 'SRC-02', '74', '74', 'Transcrito', 'Autorizada para difusión', 'Pendiente de validación lingüística');
INSERT INTO senses VALUES ('RD-002041-S01', 'RD-002041', 1, 'Estar parejo');
INSERT INTO lexical_entries VALUES ('RD-002042', 'Ri’ná', '3Ri’ná', 'ri''na', '3', 'Adv', 'Adv', 'Boca arriba', '', 'SRC-02', '74', '74', 'Transcrito', 'Autorizada para difusión', 'Pendiente de validación lingüística');
INSERT INTO senses VALUES ('RD-002042-S01', 'RD-002042', 1, 'Boca arriba');
INSERT INTO lexical_entries VALUES ('RD-002043', 'Riná', 'Riná', 'rina', NULL, 'Vi', 'Vi', 'Abrir (la boca)', '', 'SRC-02', '74', '74', 'Transcrito', 'Autorizada para difusión', 'Pendiente de validación lingüística');
INSERT INTO senses VALUES ('RD-002043-S01', 'RD-002043', 1, 'Abrir (la boca)');
INSERT INTO lexical_entries VALUES ('RD-002044', 'Ri’náami', 'Ri’náami', 'ri''naami', NULL, 'Adj', 'Adj', 'Parejo', '', 'SRC-02', '74', '74', 'Transcrito', 'Autorizada para difusión', 'Pendiente de validación lingüística');
INSERT INTO senses VALUES ('RD-002044-S01', 'RD-002044', 1, 'Parejo');
INSERT INTO lexical_entries VALUES ('RD-002045', 'Ri’nabú', 'Ri’nabú', 'ri''nabu', NULL, 'Vt', 'Vt', 'Voltear', '', 'SRC-02', '74', '74', 'Transcrito', 'Autorizada para difusión', 'Pendiente de validación lingüística');
INSERT INTO senses VALUES ('RD-002045-S01', 'RD-002045', 1, 'Voltear');
INSERT INTO lexical_entries VALUES ('RD-002046', 'Ri’nabuca', 'Ri’nabuca', 'ri''nabuca', NULL, '', 'Sin clasificar', 'Al revés', '', 'SRC-02', '74', '74', 'Transcrito', 'Autorizada para difusión', 'Pendiente de validación lingüística');
INSERT INTO senses VALUES ('RD-002046-S01', 'RD-002046', 1, 'Al revés');
INSERT INTO lexical_entries VALUES ('RD-002047', 'Ri’nahuí', 'Ri’nahuí', 'ri''nahui', NULL, 'Vr', 'Vr', 'Voltearse', '', 'SRC-02', '74', '74', 'Transcrito', 'Autorizada para difusión', 'Pendiente de validación lingüística');
INSERT INTO senses VALUES ('RD-002047-S01', 'RD-002047', 1, 'Voltearse');
INSERT INTO lexical_entries VALUES ('RD-002048', 'Ri’nagápura', 'Ri’nagápura', 'ri''nagapura', NULL, 'Vi', 'Vi', 'Revolcarse', '', 'SRC-02', '74', '74', 'Transcrito', 'Autorizada para difusión', 'Pendiente de validación lingüística');
INSERT INTO senses VALUES ('RD-002048-S01', 'RD-002048', 1, 'Revolcarse');
INSERT INTO lexical_entries VALUES ('RD-002049', 'Ri’nahuí', 'Ri’nahuí', 'ri''nahui', NULL, 'Vi', 'Vi', 'Caerse (de espaldas)', '', 'SRC-02', '74', '74', 'Transcrito', 'Autorizada para difusión', 'Pendiente de validación lingüística');
INSERT INTO senses VALUES ('RD-002049-S01', 'RD-002049', 1, 'Caerse (de espaldas)');
INSERT INTO lexical_entries VALUES ('RD-002050', 'Ri’nará', 'Ri’nará', 'ri''nara', NULL, 'Vi', 'Vi', '1. Emparejar, hacer parejo 2. Entarimar', '', 'SRC-02', '74', '74', 'Transcrito', 'Autorizada para difusión', 'Pendiente de validación lingüística');
INSERT INTO senses VALUES ('RD-002050-S01', 'RD-002050', 1, 'Emparejar, hacer parejo');
INSERT INTO senses VALUES ('RD-002050-S02', 'RD-002050', 2, 'Entarimar');
INSERT INTO lexical_entries VALUES ('RD-002051', 'Ri’narátachi', 'Ri’narátachi', 'ri''naratachi', NULL, 'S', 'S', 'Lugar del patio donde está arreglado parejo', '', 'SRC-02', '75', '75', 'Transcrito', 'Autorizada para difusión', 'Pendiente de validación lingüística');
INSERT INTO senses VALUES ('RD-002051-S01', 'RD-002051', 1, 'Lugar del patio donde está arreglado parejo');
INSERT INTO lexical_entries VALUES ('RD-002052', 'Riní', 'Riní', 'rini', NULL, 'S', 'S', 'Boca', '', 'SRC-02', '75', '75', 'Transcrito', 'Autorizada para difusión', 'Pendiente de validación lingüística');
INSERT INTO senses VALUES ('RD-002052-S01', 'RD-002052', 1, 'Boca');
INSERT INTO lexical_entries VALUES ('RD-002053', 'Rinórohui', 'Rinórohui', 'rinorohui', NULL, 'S', 'S', 'Un tipo de serpiente (larga, muy ligera, de color negro)', '', 'SRC-02', '75', '75', 'Transcrito', 'Autorizada para difusión', 'Pendiente de validación lingüística');
INSERT INTO senses VALUES ('RD-002053-S01', 'RD-002053', 1, 'Un tipo de serpiente (larga, muy ligera, de color negro)');
INSERT INTO lexical_entries VALUES ('RD-002054', 'Ri’ó', 'Ri’ó', 'ri''o', NULL, 'Vi', 'Vi', 'Tronar el cielo', '', 'SRC-02', '75', '75', 'Transcrito', 'Autorizada para difusión', 'Pendiente de validación lingüística');
INSERT INTO senses VALUES ('RD-002054-S01', 'RD-002054', 1, 'Tronar el cielo');
INSERT INTO lexical_entries VALUES ('RD-002055', 'Ri’obá', 'Ri’obá', 'ri''oba', NULL, 'S', 'S', 'Iglesia, templo', '', 'SRC-02', '75', '75', 'Transcrito', 'Autorizada para difusión', 'Pendiente de validación lingüística');
INSERT INTO senses VALUES ('RD-002055-S01', 'RD-002055', 1, 'Iglesia, templo');
INSERT INTO lexical_entries VALUES ('RD-002056', 'Riosi', 'Riosi', 'riosi', NULL, 'S', 'S', 'Dios', '', 'SRC-02', '75', '75', 'Transcrito', 'Autorizada para difusión', 'Pendiente de validación lingüística');
INSERT INTO senses VALUES ('RD-002056-S01', 'RD-002056', 1, 'Dios');
INSERT INTO lexical_entries VALUES ('RD-002057', 'Ripá', '1Ripá', 'ripa', '1', 'Adv', 'Adv', 'Arriba', '', 'SRC-02', '75', '75', 'Transcrito', 'Autorizada para difusión', 'Pendiente de validación lingüística');
INSERT INTO senses VALUES ('RD-002057-S01', 'RD-002057', 1, 'Arriba');
INSERT INTO lexical_entries VALUES ('RD-002058', 'Ripá', '2Ripá', 'ripa', '2', 'Vt', 'Vt', 'Rascar', '', 'SRC-02', '75', '75', 'Transcrito', 'Autorizada para difusión', 'Pendiente de validación lingüística');
INSERT INTO senses VALUES ('RD-002058-S01', 'RD-002058', 1, 'Rascar');
INSERT INTO lexical_entries VALUES ('RD-002059', 'Ripari', 'Ripari', 'ripari', NULL, 'adv', 'Adv', 'Para arriba (un poco lejos)', '', 'SRC-02', '75', '75', 'Transcrito', 'Autorizada para difusión', 'Pendiente de validación lingüística');
INSERT INTO senses VALUES ('RD-002059-S01', 'RD-002059', 1, 'Para arriba (un poco lejos)');
INSERT INTO lexical_entries VALUES ('RD-002060', 'Ripata rabó', 'Ripata rabó', 'ripata rabo', NULL, 'S', 'S', 'Loma', '', 'SRC-02', '75', '75', 'Transcrito', 'Autorizada para difusión', 'Pendiente de validación lingüística');
INSERT INTO senses VALUES ('RD-002060-S01', 'RD-002060', 1, 'Loma');
INSERT INTO lexical_entries VALUES ('RD-002061', 'Ripí', 'Ripí', 'ripi', NULL, 'Vi sing', 'Vi', 'Quedar', '', 'SRC-02', '75', '75', 'Transcrito', 'Autorizada para difusión', 'Pendiente de validación lingüística');
INSERT INTO senses VALUES ('RD-002061-S01', 'RD-002061', 1, 'Quedar');
INSERT INTO lexical_entries VALUES ('RD-002062', 'Ripíruhui, ripiri', 'Ripíruhui, ripiri', 'ripiruhui, ripiri', NULL, 'S', 'S', 'Saltapared (pájaro)', '', 'SRC-02', '75', '75', 'Transcrito', 'Autorizada para difusión', 'Pendiente de validación lingüística');
INSERT INTO senses VALUES ('RD-002062-S01', 'RD-002062', 1, 'Saltapared (pájaro)');
INSERT INTO variants VALUES ('RD-002062-V01', 'RD-002062', 1, 'ripiri');
INSERT INTO lexical_entries VALUES ('RD-002063', 'Ripisachi', 'Ripisachi', 'ripisachi', NULL, 'Adv', 'Adv', 'En la laja', '', 'SRC-02', '75', '75', 'Transcrito', 'Autorizada para difusión', 'Pendiente de validación lingüística');
INSERT INTO senses VALUES ('RD-002063-S01', 'RD-002063', 1, 'En la laja');
INSERT INTO lexical_entries VALUES ('RD-002064', 'Ripiyá', 'Ripiyá', 'ripiya', NULL, 'S', 'S', 'Cuchillo', '', 'SRC-02', '75', '75', 'Transcrito', 'Autorizada para difusión', 'Pendiente de validación lingüística');
INSERT INTO senses VALUES ('RD-002064-S01', 'RD-002064', 1, 'Cuchillo');
INSERT INTO lexical_entries VALUES ('RD-002065', 'Ripopa', 'Ripopa', 'ripopa', NULL, 'S', 'S', 'Espalda', '', 'SRC-02', '75', '75', 'Transcrito', 'Autorizada para difusión', 'Pendiente de validación lingüística');
INSERT INTO senses VALUES ('RD-002065-S01', 'RD-002065', 1, 'Espalda');
INSERT INTO lexical_entries VALUES ('RD-002066', 'Ripora', 'Ripora', 'ripora', NULL, 'Vt', 'Vt', 'Despedir', '', 'SRC-02', '75', '75', 'Transcrito', 'Autorizada para difusión', 'Pendiente de validación lingüística');
INSERT INTO senses VALUES ('RD-002066-S01', 'RD-002066', 1, 'Despedir');
INSERT INTO lexical_entries VALUES ('RD-002067', 'Riposi', 'Riposi', 'riposi', NULL, 'S', 'S', 'Tuza', '', 'SRC-02', '75', '75', 'Transcrito', 'Autorizada para difusión', 'Pendiente de validación lingüística');
INSERT INTO senses VALUES ('RD-002067-S01', 'RD-002067', 1, 'Tuza');
INSERT INTO lexical_entries VALUES ('RD-002068', 'Ripú', '1Ripú', 'ripu', '1', 'Vi', 'Vi', 'Tronarse, cortarse', '', 'SRC-02', '75', '75', 'Transcrito', 'Autorizada para difusión', 'Pendiente de validación lingüística');
INSERT INTO senses VALUES ('RD-002068-S01', 'RD-002068', 1, 'Tronarse, cortarse');
INSERT INTO lexical_entries VALUES ('RD-002069', 'Ripú', '2Ripú', 'ripu', '2', 'S', 'S', 'Montón (de piedras y palos que echan al lado del camino o en un puerto entre las montañas)', '', 'SRC-02', '75', '75', 'Transcrito', 'Autorizada para difusión', 'Pendiente de validación lingüística');
INSERT INTO senses VALUES ('RD-002069-S01', 'RD-002069', 1, 'Montón (de piedras y palos que echan al lado del camino o en un puerto entre las montañas)');
INSERT INTO lexical_entries VALUES ('RD-002070', 'Ripuca', 'Ripuca', 'ripuca', NULL, 'S', 'S', 'Basura, abono', '', 'SRC-02', '75', '75', 'Transcrito', 'Autorizada para difusión', 'Pendiente de validación lingüística');
INSERT INTO senses VALUES ('RD-002070-S01', 'RD-002070', 1, 'Basura, abono');
INSERT INTO lexical_entries VALUES ('RD-002071', 'Ripuchí', 'Ripuchí', 'ripuchi', NULL, 'S', 'S', 'Pulga', '', 'SRC-02', '75', '75', 'Transcrito', 'Autorizada para difusión', 'Pendiente de validación lingüística');
INSERT INTO senses VALUES ('RD-002071-S01', 'RD-002071', 1, 'Pulga');
INSERT INTO lexical_entries VALUES ('RD-002072', 'Ripuna', 'Ripuna', 'ripuna', NULL, 'Vt', 'Vt', 'Trozar, cortar (con hacha)', '', 'SRC-02', '75', '75', 'Transcrito', 'Autorizada para difusión', 'Pendiente de validación lingüística');
INSERT INTO senses VALUES ('RD-002072-S01', 'RD-002072', 1, 'Trozar, cortar (con hacha)');
INSERT INTO lexical_entries VALUES ('RD-002073', 'Ripurá', 'Ripurá', 'ripura', NULL, 'S', 'S', 'Hacha', '', 'SRC-02', '75', '75', 'Transcrito', 'Autorizada para difusión', 'Pendiente de validación lingüística');
INSERT INTO senses VALUES ('RD-002073-S01', 'RD-002073', 1, 'Hacha');
INSERT INTO lexical_entries VALUES ('RD-002074', 'Riqué', 'Riqué', 'rique', NULL, '', 'Sin clasificar', '1. vt Pisar', '', 'SRC-02', '75', '75', 'Transcrito', 'Autorizada para difusión', 'Pendiente de validación lingüística');
INSERT INTO senses VALUES ('RD-002074-S01', 'RD-002074', 1, '1. vt Pisar');
INSERT INTO lexical_entries VALUES ('RD-002075', 'Riquibú', 'Riquibú', 'riquibu', NULL, '', 'Sin clasificar', '2. imper ¡Ponlo acostado!', '', 'SRC-02', '75', '75', 'Transcrito', 'Autorizada para difusión', 'Pendiente de validación lingüística');
INSERT INTO senses VALUES ('RD-002075-S01', 'RD-002075', 1, '2. imper ¡Ponlo acostado!');
INSERT INTO lexical_entries VALUES ('RD-002076', 'Riquichó', 'Riquichó', 'riquicho', NULL, 'Vt', 'Vt', 'Acornear', '', 'SRC-02', '75', '75', 'Transcrito', 'Autorizada para difusión', 'Pendiente de validación lingüística');
INSERT INTO senses VALUES ('RD-002076-S01', 'RD-002076', 1, 'Acornear');
INSERT INTO lexical_entries VALUES ('RD-002077', 'Riquina', 'Riquina', 'riquina', NULL, 'Vi sing', 'Vi', '1. Bajar (de arriba) 2. ir cuesta abajo (fig.)', '', 'SRC-02', '75', '75', 'Transcrito', 'Autorizada para difusión', 'Pendiente de validación lingüística');
INSERT INTO senses VALUES ('RD-002077-S01', 'RD-002077', 1, 'Bajar (de arriba)');
INSERT INTO senses VALUES ('RD-002077-S02', 'RD-002077', 2, 'ir cuesta abajo (fig.)');
INSERT INTO lexical_entries VALUES ('RD-002078', 'Ri’ré', 'Ri’ré', 'ri''re', NULL, 'Adv', 'Adv', 'Abajo', '', 'SRC-02', '75', '75', 'Transcrito', 'Autorizada para difusión', 'Pendiente de validación lingüística');
INSERT INTO senses VALUES ('RD-002078-S01', 'RD-002078', 1, 'Abajo');
INSERT INTO lexical_entries VALUES ('RD-002079', 'Ri’rena', 'Ri’rena', 'ri''rena', NULL, 'Adv', 'Adv', 'Por abajo', '', 'SRC-02', '75', '75', 'Transcrito', 'Autorizada para difusión', 'Pendiente de validación lingüística');
INSERT INTO senses VALUES ('RD-002079-S01', 'RD-002079', 1, 'Por abajo');
INSERT INTO lexical_entries VALUES ('RD-002080', 'Ri’reque', 'Ri’reque', 'ri''reque', NULL, 'S', 'S', 'Sur', '', 'SRC-02', '75', '75', 'Transcrito', 'Autorizada para difusión', 'Pendiente de validación lingüística');
INSERT INTO senses VALUES ('RD-002080-S01', 'RD-002080', 1, 'Sur');
INSERT INTO lexical_entries VALUES ('RD-002081', 'Ri’reti', 'Ri’reti', 'ri''reti', NULL, 'Adv', 'Adv', 'De abajo', '', 'SRC-02', '75', '75', 'Transcrito', 'Autorizada para difusión', 'Pendiente de validación lingüística');
INSERT INTO senses VALUES ('RD-002081-S01', 'RD-002081', 1, 'De abajo');
INSERT INTO lexical_entries VALUES ('RD-002082', 'Ri’rí', 'Ri’rí', 'ri''ri', NULL, 'Adv', 'Adv', 'Más abajo', '', 'SRC-02', '75', '75', 'Transcrito', 'Autorizada para difusión', 'Pendiente de validación lingüística');
INSERT INTO senses VALUES ('RD-002082-S01', 'RD-002082', 1, 'Más abajo');
INSERT INTO lexical_entries VALUES ('RD-002083', 'Ri’rínomí', 'Ri’rínomí', 'ri''rinomi', NULL, 'Adv', 'Adv', 'Por el lado de abajo', '', 'SRC-02', '75', '75', 'Transcrito', 'Autorizada para difusión', 'Pendiente de validación lingüística');
INSERT INTO senses VALUES ('RD-002083-S01', 'RD-002083', 1, 'Por el lado de abajo');
INSERT INTO lexical_entries VALUES ('RD-002084', 'Ri’risópari', 'Ri’risópari', 'ri''risopari', NULL, 'S', 'S', 'Lucero', '', 'SRC-02', '75', '75', 'Transcrito', 'Autorizada para difusión', 'Pendiente de validación lingüística');
INSERT INTO senses VALUES ('RD-002084-S01', 'RD-002084', 1, 'Lucero');
INSERT INTO lexical_entries VALUES ('RD-002085', 'Ri’rohui', 'Ri’rohui', 'ri''rohui', NULL, 'S', 'S', 'Papas', '', 'SRC-02', '75', '75', 'Transcrito', 'Autorizada para difusión', 'Pendiente de validación lingüística');
INSERT INTO senses VALUES ('RD-002085-S01', 'RD-002085', 1, 'Papas');
INSERT INTO lexical_entries VALUES ('RD-002086', 'Rirú', 'Rirú', 'riru', NULL, 'Vi', 'Vi', '1. Eructar 2. Zumbar', '', 'SRC-02', '75', '75', 'Transcrito', 'Autorizada para difusión', 'Pendiente de validación lingüística');
INSERT INTO senses VALUES ('RD-002086-S01', 'RD-002086', 1, 'Eructar');
INSERT INTO senses VALUES ('RD-002086-S02', 'RD-002086', 2, 'Zumbar');
INSERT INTO lexical_entries VALUES ('RD-002087', 'Risensi', 'Risensi', 'risensi', NULL, 'S', 'S', 'Licencia, permiso', '', 'SRC-02', '75', '75', 'Transcrito', 'Autorizada para difusión', 'Pendiente de validación lingüística');
INSERT INTO senses VALUES ('RD-002087-S01', 'RD-002087', 1, 'Licencia, permiso');
INSERT INTO lexical_entries VALUES ('RD-002088', 'Risénsia ‘ya', 'Risénsia ‘ya', 'risensia ''ya', NULL, 'Vt', 'Vt', 'Conceder, autorizar, permitir', '', 'SRC-02', '75', '75', 'Transcrito', 'Autorizada para difusión', 'Pendiente de validación lingüística');
INSERT INTO senses VALUES ('RD-002088-S01', 'RD-002088', 1, 'Conceder, autorizar, permitir');
INSERT INTO lexical_entries VALUES ('RD-002089', 'Risí', 'Risí', 'risi', NULL, 'Vi', 'Vi', 'Cansarse', '', 'SRC-02', '75', '75', 'Transcrito', 'Autorizada para difusión', 'Pendiente de validación lingüística');
INSERT INTO senses VALUES ('RD-002089-S01', 'RD-002089', 1, 'Cansarse');
INSERT INTO lexical_entries VALUES ('RD-002090', 'Risira', 'Risira', 'risira', NULL, 'Vt', 'Vt', 'Cansar', '', 'SRC-02', '75', '75', 'Transcrito', 'Autorizada para difusión', 'Pendiente de validación lingüística');
INSERT INTO senses VALUES ('RD-002090-S01', 'RD-002090', 1, 'Cansar');
INSERT INTO lexical_entries VALUES ('RD-002091', 'Risirúami', 'Risirúami', 'risiruami', NULL, 'Pp', 'Pp', 'Miserable, tacaño', '', 'SRC-02', '75', '75', 'Transcrito', 'Autorizada para difusión', 'Pendiente de validación lingüística');
INSERT INTO senses VALUES ('RD-002091-S01', 'RD-002091', 1, 'Miserable, tacaño');
INSERT INTO lexical_entries VALUES ('RD-002092', 'Risó', 'Risó', 'riso', NULL, 'S', 'S', 'Cueva', '', 'SRC-02', '76', '76', 'Transcrito', 'Autorizada para difusión', 'Pendiente de validación lingüística');
INSERT INTO senses VALUES ('RD-002092-S01', 'RD-002092', 1, 'Cueva');
INSERT INTO lexical_entries VALUES ('RD-002093', 'Risú, risunú', 'Risú, risunú', 'risu, risunu', NULL, 'Vi pl', 'Vi', 'Están cayendo (muchas cosas)', '', 'SRC-02', '76', '76', 'Transcrito', 'Autorizada para difusión', 'Pendiente de validación lingüística');
INSERT INTO senses VALUES ('RD-002093-S01', 'RD-002093', 1, 'Están cayendo (muchas cosas)');
INSERT INTO variants VALUES ('RD-002093-V01', 'RD-002093', 1, 'risunú');
INSERT INTO lexical_entries VALUES ('RD-002094', 'Risúati', 'Risúati', 'risuati', NULL, 'Adj sing', 'Adj', 'Pobre', '', 'SRC-02', '76', '76', 'Transcrito', 'Autorizada para difusión', 'Pendiente de validación lingüística');
INSERT INTO senses VALUES ('RD-002094-S01', 'RD-002094', 1, 'Pobre');
INSERT INTO lexical_entries VALUES ('RD-002095', 'Risúu', 'Risúu', 'risuu', NULL, 'Vi', 'Vi', 'Sufrir', '', 'SRC-02', '76', '76', 'Transcrito', 'Autorizada para difusión', 'Pendiente de validación lingüística');
INSERT INTO senses VALUES ('RD-002095-S01', 'RD-002095', 1, 'Sufrir');
INSERT INTO lexical_entries VALUES ('RD-002096', 'Rité', '1Rité', 'rite', '1', 'S', 'S', 'Piedra', '', 'SRC-02', '76', '76', 'Transcrito', 'Autorizada para difusión', 'Pendiente de validación lingüística');
INSERT INTO senses VALUES ('RD-002096-S01', 'RD-002096', 1, 'Piedra');
INSERT INTO lexical_entries VALUES ('RD-002097', 'Rité', '2Rité', 'rite', '2', 'Vt', 'Vt', 'Patear', '', 'SRC-02', '76', '76', 'Transcrito', 'Autorizada para difusión', 'Pendiente de validación lingüística');
INSERT INTO senses VALUES ('RD-002097-S01', 'RD-002097', 1, 'Patear');
INSERT INTO lexical_entries VALUES ('RD-002098', 'Ritéami', 'Ritéami', 'riteami', NULL, 'S', 'S', 'El que ve', '', 'SRC-02', '76', '76', 'Transcrito', 'Autorizada para difusión', 'Pendiente de validación lingüística');
INSERT INTO senses VALUES ('RD-002098-S01', 'RD-002098', 1, 'El que ve');
INSERT INTO lexical_entries VALUES ('RD-002099', 'Ritéena', 'Ritéena', 'riteena', NULL, 'Vi', 'Vi', 'Bostezar', '', 'SRC-02', '76', '76', 'Transcrito', 'Autorizada para difusión', 'Pendiente de validación lingüística');
INSERT INTO senses VALUES ('RD-002099-S01', 'RD-002099', 1, 'Bostezar');
INSERT INTO lexical_entries VALUES ('RD-002100', 'Ritehuá, ritihuá', 'Ritehuá, ritihuá', 'ritehua, ritihua', NULL, 'Vt', 'Vt', 'Ver', '', 'SRC-02', '76', '76', 'Transcrito', 'Autorizada para difusión', 'Pendiente de validación lingüística');
INSERT INTO senses VALUES ('RD-002100-S01', 'RD-002100', 1, 'Ver');
INSERT INTO variants VALUES ('RD-002100-V01', 'RD-002100', 1, 'ritihuá');
INSERT INTO lexical_entries VALUES ('RD-002101', 'Ritémahua', 'Ritémahua', 'ritemahua', NULL, 'S pl', 'S', 'Hermanos', '', 'SRC-02', '76', '76', 'Transcrito', 'Autorizada para difusión', 'Pendiente de validación lingüística');
INSERT INTO senses VALUES ('RD-002101-S01', 'RD-002101', 1, 'Hermanos');
INSERT INTO lexical_entries VALUES ('RD-002102', 'Ritú', '1Ritú', 'ritu', '1', 'Vr', 'Vr', 'Helarse', '', 'SRC-02', '76', '76', 'Transcrito', 'Autorizada para difusión', 'Pendiente de validación lingüística');
INSERT INTO senses VALUES ('RD-002102-S01', 'RD-002102', 1, 'Helarse');
INSERT INTO lexical_entries VALUES ('RD-002103', 'Ritú', '2Ritú', 'ritu', '2', 'Vt', 'Vt', 'Mirar, admirar', '', 'SRC-02', '76', '76', 'Transcrito', 'Autorizada para difusión', 'Pendiente de validación lingüística');
INSERT INTO senses VALUES ('RD-002103-S01', 'RD-002103', 1, 'Mirar, admirar');
INSERT INTO lexical_entries VALUES ('RD-002104', 'Ritúcari', 'Ritúcari', 'ritucari', NULL, 'S', 'S', 'Tecolote grande (blanco y amarillento)', '', 'SRC-02', '76', '76', 'Transcrito', 'Autorizada para difusión', 'Pendiente de validación lingüística');
INSERT INTO senses VALUES ('RD-002104-S01', 'RD-002104', 1, 'Tecolote grande (blanco y amarillento)');
INSERT INTO lexical_entries VALUES ('RD-002105', 'Riyahui', 'Riyahui', 'riyahui', NULL, 'Vi', 'Vi', 'Hay hierba (de toda clase)', '', 'SRC-02', '76', '76', 'Transcrito', 'Autorizada para difusión', 'Pendiente de validación lingüística');
INSERT INTO senses VALUES ('RD-002105-S01', 'RD-002105', 1, 'Hay hierba (de toda clase)');
INSERT INTO lexical_entries VALUES ('RD-002106', 'Riyáhuachi', 'Riyáhuachi', 'riyahuachi', NULL, '', 'Sin clasificar', 'Donde hay hierbas', '', 'SRC-02', '76', '76', 'Transcrito', 'Autorizada para difusión', 'Pendiente de validación lingüística');
INSERT INTO senses VALUES ('RD-002106-S01', 'RD-002106', 1, 'Donde hay hierbas');
INSERT INTO lexical_entries VALUES ('RD-002107', 'Riyáhuata', 'Riyáhuata', 'riyahuata', NULL, 'Vi pl', 'Vi', 'Crecer muchas hierbas', '', 'SRC-02', '76', '76', 'Transcrito', 'Autorizada para difusión', 'Pendiente de validación lingüística');
INSERT INTO senses VALUES ('RD-002107-S01', 'RD-002107', 1, 'Crecer muchas hierbas');
INSERT INTO lexical_entries VALUES ('RD-002108', 'Ri’yeca, ri’eca', 'Ri’yeca, ri’eca', 'ri''yeca, ri''eca', NULL, 'Vi pl', 'Vi', 'Jugar', '', 'SRC-02', '76', '76', 'Transcrito', 'Autorizada para difusión', 'Pendiente de validación lingüística');
INSERT INTO senses VALUES ('RD-002108-S01', 'RD-002108', 1, 'Jugar');
INSERT INTO variants VALUES ('RD-002108-V01', 'RD-002108', 1, 'ri’eca');
INSERT INTO lexical_entries VALUES ('RD-002109', 'Ri’yóchani', 'Ri’yóchani', 'ri''yochani', NULL, 'Vi', 'Vi', 'Tronar', '', 'SRC-02', '76', '76', 'Transcrito', 'Autorizada para difusión', 'Pendiente de validación lingüística');
INSERT INTO senses VALUES ('RD-002109-S01', 'RD-002109', 1, 'Tronar');
INSERT INTO lexical_entries VALUES ('RD-002110', 'Rocó', 'Rocó', 'roco', NULL, 'Vi', 'Vi', 'Estar hondo', '', 'SRC-02', '76', '76', 'Transcrito', 'Autorizada para difusión', 'Pendiente de validación lingüística');
INSERT INTO senses VALUES ('RD-002110-S01', 'RD-002110', 1, 'Estar hondo');
INSERT INTO lexical_entries VALUES ('RD-002111', 'Rocóami', 'Rocóami', 'rocoami', NULL, 'Adj', 'Adj', 'Hondo', '', 'SRC-02', '76', '76', 'Transcrito', 'Autorizada para difusión', 'Pendiente de validación lingüística');
INSERT INTO senses VALUES ('RD-002111-S01', 'RD-002111', 1, 'Hondo');
INSERT INTO lexical_entries VALUES ('RD-002112', 'Rocogó', 'Rocogó', 'rocogo', NULL, 'S', 'S', 'Noche', '', 'SRC-02', '76', '76', 'Transcrito', 'Autorizada para difusión', 'Pendiente de validación lingüística');
INSERT INTO senses VALUES ('RD-002112-S01', 'RD-002112', 1, 'Noche');
INSERT INTO lexical_entries VALUES ('RD-002113', 'Rocohuá', 'Rocohuá', 'rocohua', NULL, 'Vi', 'Vi', 'Hay tinieblas', '', 'SRC-02', '76', '76', 'Transcrito', 'Autorizada para difusión', 'Pendiente de validación lingüística');
INSERT INTO senses VALUES ('RD-002113-S01', 'RD-002113', 1, 'Hay tinieblas');
INSERT INTO lexical_entries VALUES ('RD-002114', 'Rocohuárari', 'Rocohuárari', 'rocohuarari', NULL, 'S', 'S', 'Oscuridad, en las tinieblas', '', 'SRC-02', '76', '76', 'Transcrito', 'Autorizada para difusión', 'Pendiente de validación lingüística');
INSERT INTO senses VALUES ('RD-002114-S01', 'RD-002114', 1, 'Oscuridad, en las tinieblas');
INSERT INTO lexical_entries VALUES ('RD-002115', 'Rocomíami', 'Rocomíami', 'rocomiami', NULL, 'Adv', 'Adv', 'Cóncavo', '', 'SRC-02', '76', '76', 'Transcrito', 'Autorizada para difusión', 'Pendiente de validación lingüística');
INSERT INTO senses VALUES ('RD-002115-S01', 'RD-002115', 1, 'Cóncavo');
INSERT INTO lexical_entries VALUES ('RD-002116', 'Rocomítarami', 'Rocomítarami', 'rocomitarami', NULL, 'Pp', 'Pp', 'Hecho chueco', '', 'SRC-02', '76', '76', 'Transcrito', 'Autorizada para difusión', 'Pendiente de validación lingüística');
INSERT INTO senses VALUES ('RD-002116-S01', 'RD-002116', 1, 'Hecho chueco');
INSERT INTO lexical_entries VALUES ('RD-002117', 'Rocoró', 'Rocoró', 'rocoro', NULL, 'S', 'S', 'Hojas grandes de encino', '', 'SRC-02', '76', '76', 'Transcrito', 'Autorizada para difusión', 'Pendiente de validación lingüística');
INSERT INTO senses VALUES ('RD-002117-S01', 'RD-002117', 1, 'Hojas grandes de encino');
INSERT INTO lexical_entries VALUES ('RD-002118', 'Rocuahua', 'Rocuahua', 'rocuahua', NULL, 'Vi', 'Vi', 'Oscurecerse', '', 'SRC-02', '76', '76', 'Transcrito', 'Autorizada para difusión', 'Pendiente de validación lingüística');
INSERT INTO senses VALUES ('RD-002118-S01', 'RD-002118', 1, 'Oscurecerse');
INSERT INTO lexical_entries VALUES ('RD-002119', 'Rocuiri', 'Rocuiri', 'rocuiri', NULL, 'S', 'S', 'Rata montés (anda entre el zacate)', '', 'SRC-02', '76', '76', 'Transcrito', 'Autorizada para difusión', 'Pendiente de validación lingüística');
INSERT INTO senses VALUES ('RD-002119-S01', 'RD-002119', 1, 'Rata montés (anda entre el zacate)');
INSERT INTO lexical_entries VALUES ('RD-002120', 'Rochá', 'Rochá', 'rocha', NULL, 'S', 'S', 'Lagartija negra', '', 'SRC-02', '76', '76', 'Transcrito', 'Autorizada para difusión', 'Pendiente de validación lingüística');
INSERT INTO senses VALUES ('RD-002120-S01', 'RD-002120', 1, 'Lagartija negra');
INSERT INTO lexical_entries VALUES ('RD-002121', 'Rochí', 'Rochí', 'rochi', NULL, 'S', 'S', 'Pez, pescado', '', 'SRC-02', '76', '76', 'Transcrito', 'Autorizada para difusión', 'Pendiente de validación lingüística');
INSERT INTO senses VALUES ('RD-002121-S01', 'RD-002121', 1, 'Pez, pescado');
INSERT INTO lexical_entries VALUES ('RD-002122', 'Rochíbana', 'Rochíbana', 'rochibana', NULL, 'Vt', 'Vt', 'Entretejer, hacer mecates', '', 'SRC-02', '76', '76', 'Transcrito', 'Autorizada para difusión', 'Pendiente de validación lingüística');
INSERT INTO senses VALUES ('RD-002122-S01', 'RD-002122', 1, 'Entretejer, hacer mecates');
INSERT INTO lexical_entries VALUES ('RD-002123', 'Rochíhuari', 'Rochíhuari', 'rochihuari', NULL, 'S', 'S', 'Tipo de quelite (comestible)', '', 'SRC-02', '76', '76', 'Transcrito', 'Autorizada para difusión', 'Pendiente de validación lingüística');
INSERT INTO senses VALUES ('RD-002123-S01', 'RD-002123', 1, 'Tipo de quelite (comestible)');
INSERT INTO lexical_entries VALUES ('RD-002124', 'Rochorí', 'Rochorí', 'rochori', NULL, 'S', 'S', 'Codorniz (ave)', '', 'SRC-02', '76', '76', 'Transcrito', 'Autorizada para difusión', 'Pendiente de validación lingüística');
INSERT INTO senses VALUES ('RD-002124-S01', 'RD-002124', 1, 'Codorniz (ave)');
INSERT INTO lexical_entries VALUES ('RD-002125', 'Ro’huá', '1Ro’huá', 'ro''hua', '1', 'Vt', 'Vt', 'Derramar (un líquido)', '', 'SRC-02', '76', '76', 'Transcrito', 'Autorizada para difusión', 'Pendiente de validación lingüística');
INSERT INTO senses VALUES ('RD-002125-S01', 'RD-002125', 1, 'Derramar (un líquido)');
INSERT INTO lexical_entries VALUES ('RD-002126', 'Ro’huá', '2Ro’huá', 'ro''hua', '2', 'Vt', 'Vt', 'Surcar (con el arado)', '', 'SRC-02', '76', '76', 'Transcrito', 'Autorizada para difusión', 'Pendiente de validación lingüística');
INSERT INTO senses VALUES ('RD-002126-S01', 'RD-002126', 1, 'Surcar (con el arado)');
INSERT INTO lexical_entries VALUES ('RD-002127', 'Ro’huá', '3Ro’huá', 'ro''hua', '3', 'Vt pl', 'Vt', 'Poner acostados', '', 'SRC-02', '76', '76', 'Transcrito', 'Autorizada para difusión', 'Pendiente de validación lingüística');
INSERT INTO senses VALUES ('RD-002127-S01', 'RD-002127', 1, 'Poner acostados');
INSERT INTO lexical_entries VALUES ('RD-002128', 'Ro’huaba', 'Ro’huaba', 'ro''huaba', NULL, 'Vt pl', 'Vt', 'Tumbar, poner acostados', '', 'SRC-02', '76', '76', 'Transcrito', 'Autorizada para difusión', 'Pendiente de validación lingüística');
INSERT INTO senses VALUES ('RD-002128-S01', 'RD-002128', 1, 'Tumbar, poner acostados');
INSERT INTO lexical_entries VALUES ('RD-002129', 'Rohué', '1Rohué', 'rohue', '1', 'Vi pl', 'Vi', 'Correr con aros (las mujeres)', '', 'SRC-02', '76', '76', 'Transcrito', 'Autorizada para difusión', 'Pendiente de validación lingüística');
INSERT INTO senses VALUES ('RD-002129-S01', 'RD-002129', 1, 'Correr con aros (las mujeres)');
INSERT INTO lexical_entries VALUES ('RD-002130', 'Rohué', '2Rohué', 'rohue', '2', 'Vt', 'Vt', 'Atizar', '', 'SRC-02', '76', '76', 'Transcrito', 'Autorizada para difusión', 'Pendiente de validación lingüística');
INSERT INTO senses VALUES ('RD-002130-S01', 'RD-002130', 1, 'Atizar');
INSERT INTO lexical_entries VALUES ('RD-002131', 'Ro’hué', 'Ro’hué', 'ro''hue', NULL, 'Vt', 'Vt', 'Cultivar (maíz)', '', 'SRC-02', '76', '76', 'Transcrito', 'Autorizada para difusión', 'Pendiente de validación lingüística');
INSERT INTO senses VALUES ('RD-002131-S01', 'RD-002131', 1, 'Cultivar (maíz)');
INSERT INTO lexical_entries VALUES ('RD-002132', 'Rohuera', 'Rohuera', 'rohuera', NULL, 'S', 'S', 'Aro', '', 'SRC-02', '76', '76', 'Transcrito', 'Autorizada para difusión', 'Pendiente de validación lingüística');
INSERT INTO senses VALUES ('RD-002132-S01', 'RD-002132', 1, 'Aro');
INSERT INTO lexical_entries VALUES ('RD-002133', 'Rohuí', 'Rohuí', 'rohui', NULL, 'S', 'S', 'Conejo', '', 'SRC-02', '76', '76', 'Transcrito', 'Autorizada para difusión', 'Pendiente de validación lingüística');
INSERT INTO senses VALUES ('RD-002133-S01', 'RD-002133', 1, 'Conejo');
INSERT INTO lexical_entries VALUES ('RD-002134', 'Ro’huí', 'Ro’huí', 'ro''hui', NULL, 'Vi', 'Vi', '1. Volver por atrás, dar vueltas 2. Arrepentirse', '', 'SRC-02', '76', '76', 'Transcrito', 'Autorizada para difusión', 'Pendiente de validación lingüística');
INSERT INTO senses VALUES ('RD-002134-S01', 'RD-002134', 1, 'Volver por atrás, dar vueltas');
INSERT INTO senses VALUES ('RD-002134-S02', 'RD-002134', 2, 'Arrepentirse');
INSERT INTO lexical_entries VALUES ('RD-002135', 'Rojá', 'Rojá', 'roja', NULL, 'Vi pl', 'Vi', 'Apartarse', '', 'SRC-02', '76', '76', 'Transcrito', 'Autorizada para difusión', 'Pendiente de validación lingüística');
INSERT INTO senses VALUES ('RD-002135-S01', 'RD-002135', 1, 'Apartarse');
INSERT INTO lexical_entries VALUES ('RD-002136', 'Rojácami', 'Rojácami', 'rojacami', NULL, 'S', 'S', 'Cambio (dinero)', '', 'SRC-02', '76', '76', 'Transcrito', 'Autorizada para difusión', 'Pendiente de validación lingüística');
INSERT INTO senses VALUES ('RD-002136-S01', 'RD-002136', 1, 'Cambio (dinero)');
INSERT INTO lexical_entries VALUES ('RD-002137', 'Rojana', 'Rojana', 'rojana', NULL, 'Vt', 'Vt', 'Apartar', '', 'SRC-02', '77', '77', 'Transcrito', 'Autorizada para difusión', 'Pendiente de validación lingüística');
INSERT INTO senses VALUES ('RD-002137-S01', 'RD-002137', 1, 'Apartar');
INSERT INTO lexical_entries VALUES ('RD-002138', 'Rojoná', 'Rojoná', 'rojona', NULL, 'Vt', 'Vt', 'Separar', '', 'SRC-02', '77', '77', 'Transcrito', 'Autorizada para difusión', 'Pendiente de validación lingüística');
INSERT INTO senses VALUES ('RD-002138-S01', 'RD-002138', 1, 'Separar');
INSERT INTO lexical_entries VALUES ('RD-002139', 'Rojorá', 'Rojorá', 'rojora', NULL, 'Vi', 'Vi', '1. Aguantarse (en la carrera) 2. Durar mucho (ropa)', '', 'SRC-02', '77', '77', 'Transcrito', 'Autorizada para difusión', 'Pendiente de validación lingüística');
INSERT INTO senses VALUES ('RD-002139-S01', 'RD-002139', 1, 'Aguantarse (en la carrera)');
INSERT INTO senses VALUES ('RD-002139-S02', 'RD-002139', 2, 'Durar mucho (ropa)');
INSERT INTO lexical_entries VALUES ('RD-002140', 'Rojorócuhui', 'Rojorócuhui', 'rojorocuhui', NULL, 'S', 'S', 'Lagartija pinta', '', 'SRC-02', '77', '77', 'Transcrito', 'Autorizada para difusión', 'Pendiente de validación lingüística');
INSERT INTO senses VALUES ('RD-002140-S01', 'RD-002140', 1, 'Lagartija pinta');
INSERT INTO lexical_entries VALUES ('RD-002141', 'Rojuá', '1Rojuá', 'rojua', '1', 'S', 'S', 'Encino (de todos tipos)', '', 'SRC-02', '77', '77', 'Transcrito', 'Autorizada para difusión', 'Pendiente de validación lingüística');
INSERT INTO senses VALUES ('RD-002141-S01', 'RD-002141', 1, 'Encino (de todos tipos)');
INSERT INTO lexical_entries VALUES ('RD-002142', 'Rojuá', '2Rojuá', 'rojua', '2', 'Vi', 'Vi', 'Apartarse', '', 'SRC-02', '77', '77', 'Transcrito', 'Autorizada para difusión', 'Pendiente de validación lingüística');
INSERT INTO senses VALUES ('RD-002142-S01', 'RD-002142', 1, 'Apartarse');
INSERT INTO lexical_entries VALUES ('RD-002143', 'Rojuácami', 'Rojuácami', 'rojuacami', NULL, 'Pp', 'Pp', 'Separado, apartado', '', 'SRC-02', '77', '77', 'Transcrito', 'Autorizada para difusión', 'Pendiente de validación lingüística');
INSERT INTO senses VALUES ('RD-002143-S01', 'RD-002143', 1, 'Separado, apartado');
INSERT INTO lexical_entries VALUES ('RD-002144', 'Rojuana', 'Rojuana', 'rojuana', NULL, 'Vt pl', 'Vt', 'Apartar, despedazar', '', 'SRC-02', '77', '77', 'Transcrito', 'Autorizada para difusión', 'Pendiente de validación lingüística');
INSERT INTO senses VALUES ('RD-002144-S01', 'RD-002144', 1, 'Apartar, despedazar');
INSERT INTO lexical_entries VALUES ('RD-002145', 'Rojuárari', 'Rojuárari', 'rojuarari', NULL, '', 'Sin clasificar', 'Entre los encinos', '', 'SRC-02', '77', '77', 'Transcrito', 'Autorizada para difusión', 'Pendiente de validación lingüística');
INSERT INTO senses VALUES ('RD-002145-S01', 'RD-002145', 1, 'Entre los encinos');
INSERT INTO lexical_entries VALUES ('RD-002146', 'Rojuí', 'Rojuí', 'rojui', NULL, 'S', 'S', 'Bellota', '', 'SRC-02', '77', '77', 'Transcrito', 'Autorizada para difusión', 'Pendiente de validación lingüística');
INSERT INTO senses VALUES ('RD-002146-S01', 'RD-002146', 1, 'Bellota');
INSERT INTO lexical_entries VALUES ('RD-002147', 'Romíami', 'Romíami', 'romiami', NULL, 'Adj', 'Adj', 'Flexible', '', 'SRC-02', '77', '77', 'Transcrito', 'Autorizada para difusión', 'Pendiente de validación lingüística');
INSERT INTO senses VALUES ('RD-002147-S01', 'RD-002147', 1, 'Flexible');
INSERT INTO lexical_entries VALUES ('RD-002148', 'Ro’mina', 'Ro’mina', 'ro''mina', NULL, 'Vi', 'Vi', 'Volver por atrás, dar vueltas (barbechando o en las carreras)', '', 'SRC-02', '77', '77', 'Transcrito', 'Autorizada para difusión', 'Pendiente de validación lingüística');
INSERT INTO senses VALUES ('RD-002148-S01', 'RD-002148', 1, 'Volver por atrás, dar vueltas (barbechando o en las carreras)');
INSERT INTO lexical_entries VALUES ('RD-002149', 'Romina', 'Romina', 'romina', NULL, 'Vt', 'Vt', '1. Doblar 2. Enrollar', '', 'SRC-02', '77', '77', 'Transcrito', 'Autorizada para difusión', 'Pendiente de validación lingüística');
INSERT INTO senses VALUES ('RD-002149-S01', 'RD-002149', 1, 'Doblar');
INSERT INTO senses VALUES ('RD-002149-S02', 'RD-002149', 2, 'Enrollar');
INSERT INTO lexical_entries VALUES ('RD-002150', 'Romírachi', 'Romírachi', 'romirachi', NULL, 'S', 'S', '1. Coyuntura 2. Tobillo', '', 'SRC-02', '77', '77', 'Transcrito', 'Autorizada para difusión', 'Pendiente de validación lingüística');
INSERT INTO senses VALUES ('RD-002150-S01', 'RD-002150', 1, 'Coyuntura');
INSERT INTO senses VALUES ('RD-002150-S02', 'RD-002150', 2, 'Tobillo');
INSERT INTO lexical_entries VALUES ('RD-002151', 'Romírahua', 'Romírahua', 'romirahua', NULL, 'S', 'S', 'Hueso de la muñeca', '', 'SRC-02', '77', '77', 'Transcrito', 'Autorizada para difusión', 'Pendiente de validación lingüística');
INSERT INTO senses VALUES ('RD-002151-S01', 'RD-002151', 1, 'Hueso de la muñeca');
INSERT INTO lexical_entries VALUES ('RD-002152', 'Romó', 'Romó', 'romo', NULL, 'S', 'S', 'Invierno', '', 'SRC-02', '77', '77', 'Transcrito', 'Autorizada para difusión', 'Pendiente de validación lingüística');
INSERT INTO senses VALUES ('RD-002152-S01', 'RD-002152', 1, 'Invierno');
INSERT INTO lexical_entries VALUES ('RD-002153', 'Romohua', 'Romohua', 'romohua', NULL, 'Vi', 'Vi', 'Lloviznar', '', 'SRC-02', '77', '77', 'Transcrito', 'Autorizada para difusión', 'Pendiente de validación lingüística');
INSERT INTO senses VALUES ('RD-002153-S01', 'RD-002153', 1, 'Lloviznar');
INSERT INTO lexical_entries VALUES ('RD-002154', 'Romosa', 'Romosa', 'romosa', NULL, 'Vi', 'Vi', 'Comenzar el invierno', '', 'SRC-02', '77', '77', 'Transcrito', 'Autorizada para difusión', 'Pendiente de validación lingüística');
INSERT INTO senses VALUES ('RD-002154-S01', 'RD-002154', 1, 'Comenzar el invierno');
INSERT INTO lexical_entries VALUES ('RD-002155', 'Roné', '1Roné', 'rone', '1', 'Vi', 'Vi', 'Tener pies o patas', '', 'SRC-02', '77', '77', 'Transcrito', 'Autorizada para difusión', 'Pendiente de validación lingüística');
INSERT INTO senses VALUES ('RD-002155-S01', 'RD-002155', 1, 'Tener pies o patas');
INSERT INTO lexical_entries VALUES ('RD-002156', 'Roné', '2Roné', 'rone', '2', 'Vt', 'Vt', 'Hervir', '', 'SRC-02', '77', '77', 'Transcrito', 'Autorizada para difusión', 'Pendiente de validación lingüística');
INSERT INTO senses VALUES ('RD-002156-S01', 'RD-002156', 1, 'Hervir');
INSERT INTO lexical_entries VALUES ('RD-002157', 'Ronena', 'Ronena', 'ronena', NULL, 'Vi', 'Vi', 'Hacer espuma', '', 'SRC-02', '77', '77', 'Transcrito', 'Autorizada para difusión', 'Pendiente de validación lingüística');
INSERT INTO senses VALUES ('RD-002157-S01', 'RD-002157', 1, 'Hacer espuma');
INSERT INTO lexical_entries VALUES ('RD-002158', 'Ronera', 'Ronera', 'ronera', NULL, 'Vi', 'Vi', 'Ponerse los pies (en una banca)', '', 'SRC-02', '77', '77', 'Transcrito', 'Autorizada para difusión', 'Pendiente de validación lingüística');
INSERT INTO senses VALUES ('RD-002158-S01', 'RD-002158', 1, 'Ponerse los pies (en una banca)');
INSERT INTO lexical_entries VALUES ('RD-002159', 'Ronó', '1Ronó', 'rono', '1', 'Vi', 'Vi', 'Hervirse', '', 'SRC-02', '77', '77', 'Transcrito', 'Autorizada para difusión', 'Pendiente de validación lingüística');
INSERT INTO senses VALUES ('RD-002159-S01', 'RD-002159', 1, 'Hervirse');
INSERT INTO lexical_entries VALUES ('RD-002160', 'Ronó', '2Ronó', 'rono', '2', 'S', 'S', 'Pie, pata', '', 'SRC-02', '77', '77', 'Transcrito', 'Autorizada para difusión', 'Pendiente de validación lingüística');
INSERT INTO senses VALUES ('RD-002160-S01', 'RD-002160', 1, 'Pie, pata');
INSERT INTO lexical_entries VALUES ('RD-002161', 'Ronobaca', 'Ronobaca', 'ronobaca', NULL, 'Vi', 'Vi', 'Lavarse (pies, piernas)', '', 'SRC-02', '77', '77', 'Transcrito', 'Autorizada para difusión', 'Pendiente de validación lingüística');
INSERT INTO senses VALUES ('RD-002161-S01', 'RD-002161', 1, 'Lavarse (pies, piernas)');
INSERT INTO lexical_entries VALUES ('RD-002162', 'Ronobácata', 'Ronobácata', 'ronobacata', NULL, '', 'Sin clasificar', 'Soba las piernas del corredor con agua mezclada con maguey para que no lo toque el hechicero', '', 'SRC-02', '77', '77', 'Transcrito', 'Autorizada para difusión', 'Pendiente de validación lingüística');
INSERT INTO senses VALUES ('RD-002162-S01', 'RD-002162', 1, 'Soba las piernas del corredor con agua mezclada con maguey para que no lo toque el hechicero');
INSERT INTO lexical_entries VALUES ('RD-002163', 'Ronojípana', 'Ronojípana', 'ronojipana', NULL, 'Vt', 'Vt', 'Manear', '', 'SRC-02', '77', '77', 'Transcrito', 'Autorizada para difusión', 'Pendiente de validación lingüística');
INSERT INTO senses VALUES ('RD-002163-S01', 'RD-002163', 1, 'Manear');
INSERT INTO lexical_entries VALUES ('RD-002164', 'Ropá', 'Ropá', 'ropa', NULL, 'S', 'S', 'Estómago', '', 'SRC-02', '77', '77', 'Transcrito', 'Autorizada para difusión', 'Pendiente de validación lingüística');
INSERT INTO senses VALUES ('RD-002164-S01', 'RD-002164', 1, 'Estómago');
INSERT INTO lexical_entries VALUES ('RD-002165', 'Ropajipa', 'Ropajipa', 'ropajipa', NULL, 'Vt', 'Vt', 'Cinchar', '', 'SRC-02', '77', '77', 'Transcrito', 'Autorizada para difusión', 'Pendiente de validación lingüística');
INSERT INTO senses VALUES ('RD-002165-S01', 'RD-002165', 1, 'Cinchar');
INSERT INTO lexical_entries VALUES ('RD-002166', 'Ropajípara', 'Ropajípara', 'ropajipara', NULL, 'S', 'S', 'Cincha', '', 'SRC-02', '77', '77', 'Transcrito', 'Autorizada para difusión', 'Pendiente de validación lingüística');
INSERT INTO senses VALUES ('RD-002166-S01', 'RD-002166', 1, 'Cincha');
INSERT INTO lexical_entries VALUES ('RD-002167', 'Ropé', 'Ropé', 'rope', NULL, 'Vi', 'Vi', 'Tener estómago', '', 'SRC-02', '77', '77', 'Transcrito', 'Autorizada para difusión', 'Pendiente de validación lingüística');
INSERT INTO senses VALUES ('RD-002167-S01', 'RD-002167', 1, 'Tener estómago');
INSERT INTO lexical_entries VALUES ('RD-002168', 'Ropéami', 'Ropéami', 'ropeami', NULL, 'Adj', 'Adj', 'Panzón', '', 'SRC-02', '77', '77', 'Transcrito', 'Autorizada para difusión', 'Pendiente de validación lingüística');
INSERT INTO senses VALUES ('RD-002168-S01', 'RD-002168', 1, 'Panzón');
INSERT INTO lexical_entries VALUES ('RD-002169', 'Ropóchami', 'Ropóchami', 'ropochami', NULL, 'Adj', 'Adj', 'Jorobado', '', 'SRC-02', '77', '77', 'Transcrito', 'Autorizada para difusión', 'Pendiente de validación lingüística');
INSERT INTO senses VALUES ('RD-002169-S01', 'RD-002169', 1, 'Jorobado');
INSERT INTO lexical_entries VALUES ('RD-002170', 'Ropochí', 'Ropochí', 'ropochi', NULL, 'S', 'S', 'Panza', '', 'SRC-02', '77', '77', 'Transcrito', 'Autorizada para difusión', 'Pendiente de validación lingüística');
INSERT INTO senses VALUES ('RD-002170-S01', 'RD-002170', 1, 'Panza');
INSERT INTO lexical_entries VALUES ('RD-002171', 'Rorí', 'Rorí', 'rori', NULL, 'S', 'S', 'Rata', '', 'SRC-02', '77', '77', 'Transcrito', 'Autorizada para difusión', 'Pendiente de validación lingüística');
INSERT INTO senses VALUES ('RD-002171-S01', 'RD-002171', 1, 'Rata');
INSERT INTO lexical_entries VALUES ('RD-002172', 'Roró', 'Roró', 'roro', NULL, 'Vi', 'Vi', '1. Bramar, mugir, rugir 2. Sonar (motor) 3. Gruñir 4. Roncar', '', 'SRC-02', '77', '77', 'Transcrito', 'Autorizada para difusión', 'Pendiente de validación lingüística');
INSERT INTO senses VALUES ('RD-002172-S01', 'RD-002172', 1, 'Bramar, mugir, rugir');
INSERT INTO senses VALUES ('RD-002172-S02', 'RD-002172', 2, 'Sonar (motor)');
INSERT INTO senses VALUES ('RD-002172-S03', 'RD-002172', 3, 'Gruñir');
INSERT INTO senses VALUES ('RD-002172-S04', 'RD-002172', 4, 'Roncar');
INSERT INTO lexical_entries VALUES ('RD-002173', 'Rorobá', 'Rorobá', 'roroba', NULL, 'Vt', 'Vt', 'Enfriar (lo que estaba en la lumbre)', '', 'SRC-02', '77', '77', 'Transcrito', 'Autorizada para difusión', 'Pendiente de validación lingüística');
INSERT INTO senses VALUES ('RD-002173-S01', 'RD-002173', 1, 'Enfriar (lo que estaba en la lumbre)');
INSERT INTO lexical_entries VALUES ('RD-002174', 'Roroca, rorógara', 'Roroca, rorógara', 'roroca, rorogara', NULL, 'S', 'S', 'Tráquea', '', 'SRC-02', '77', '77', 'Transcrito', 'Autorizada para difusión', 'Pendiente de validación lingüística');
INSERT INTO senses VALUES ('RD-002174-S01', 'RD-002174', 1, 'Tráquea');
INSERT INTO variants VALUES ('RD-002174-V01', 'RD-002174', 1, 'rorógara');
INSERT INTO lexical_entries VALUES ('RD-002175', 'Roróchané', 'Roróchané', 'rorochane', NULL, 'Vi', 'Vi', '1. Bramar (toro) 2. Zumbar', '', 'SRC-02', '78', '78', 'Transcrito', 'Autorizada para difusión', 'Pendiente de validación lingüística');
INSERT INTO senses VALUES ('RD-002175-S01', 'RD-002175', 1, 'Bramar (toro)');
INSERT INTO senses VALUES ('RD-002175-S02', 'RD-002175', 2, 'Zumbar');
INSERT INTO lexical_entries VALUES ('RD-002176', 'Ro’roché', 'Ro’roché', 'ro''roche', NULL, 'Vi', 'Vi', 'Cuajarse, congelarse', '', 'SRC-02', '78', '78', 'Transcrito', 'Autorizada para difusión', 'Pendiente de validación lingüística');
INSERT INTO senses VALUES ('RD-002176-S01', 'RD-002176', 1, 'Cuajarse, congelarse');
INSERT INTO lexical_entries VALUES ('RD-002177', 'Ro’rosópari', 'Ro’rosópari', 'ro''rosopari', NULL, 'S', 'S', 'Lucero', '', 'SRC-02', '78', '78', 'Transcrito', 'Autorizada para difusión', 'Pendiente de validación lingüística');
INSERT INTO senses VALUES ('RD-002177-S01', 'RD-002177', 1, 'Lucero');
INSERT INTO lexical_entries VALUES ('RD-002178', 'Rosábachami', 'Rosábachami', 'rosabachami', NULL, 'Adj', 'Adj', 'Medio blanco, gris (como una camisa despintada), pardo', '', 'SRC-02', '78', '78', 'Transcrito', 'Autorizada para difusión', 'Pendiente de validación lingüística');
INSERT INTO senses VALUES ('RD-002178-S01', 'RD-002178', 1, 'Medio blanco, gris (como una camisa despintada), pardo');
INSERT INTO lexical_entries VALUES ('RD-002179', 'Rosácami', 'Rosácami', 'rosacami', NULL, 'Adj sing', 'Adj', 'Blanco', '', 'SRC-02', '78', '78', 'Transcrito', 'Autorizada para difusión', 'Pendiente de validación lingüística');
INSERT INTO senses VALUES ('RD-002179-S01', 'RD-002179', 1, 'Blanco');
INSERT INTO lexical_entries VALUES ('RD-002180', 'Rosana', 'Rosana', 'rosana', NULL, 'Vi', 'Vi', 'Blanquearse', '', 'SRC-02', '78', '78', 'Transcrito', 'Autorizada para difusión', 'Pendiente de validación lingüística');
INSERT INTO senses VALUES ('RD-002180-S01', 'RD-002180', 1, 'Blanquearse');
INSERT INTO lexical_entries VALUES ('RD-002181', 'Rosánahua', 'Rosánahua', 'rosanahua', NULL, 'Vt', 'Vt', 'Blanquear', '', 'SRC-02', '78', '78', 'Transcrito', 'Autorizada para difusión', 'Pendiente de validación lingüística');
INSERT INTO senses VALUES ('RD-002181-S01', 'RD-002181', 1, 'Blanquear');
INSERT INTO lexical_entries VALUES ('RD-002182', 'Rosánari', 'Rosánari', 'rosanari', NULL, 'Adj', 'Adj', 'Pálido', '', 'SRC-02', '78', '78', 'Transcrito', 'Autorizada para difusión', 'Pendiente de validación lingüística');
INSERT INTO senses VALUES ('RD-002182-S01', 'RD-002182', 1, 'Pálido');
INSERT INTO lexical_entries VALUES ('RD-002183', 'Rosánata', 'Rosánata', 'rosanata', NULL, 'Vt', 'Vt', 'Emblanquecer', '', 'SRC-02', '78', '78', 'Transcrito', 'Autorizada para difusión', 'Pendiente de validación lingüística');
INSERT INTO senses VALUES ('RD-002183-S01', 'RD-002183', 1, 'Emblanquecer');
INSERT INTO lexical_entries VALUES ('RD-002184', 'Rosó', 'Rosó', 'roso', NULL, 'S', 'S', 'Nido', '', 'SRC-02', '78', '78', 'Transcrito', 'Autorizada para difusión', 'Pendiente de validación lingüística');
INSERT INTO senses VALUES ('RD-002184-S01', 'RD-002184', 1, 'Nido');
INSERT INTO lexical_entries VALUES ('RD-002185', 'Rosobáchami', 'Rosobáchami', 'rosobachami', NULL, 'Adj', 'Adj', 'Tordo', '', 'SRC-02', '78', '78', 'Transcrito', 'Autorizada para difusión', 'Pendiente de validación lingüística');
INSERT INTO senses VALUES ('RD-002185-S01', 'RD-002185', 1, 'Tordo');
INSERT INTO lexical_entries VALUES ('RD-002186', 'Rosobocha', 'Rosobocha', 'rosobocha', NULL, 'Vi', 'Vi', 'Despintarse', '', 'SRC-02', '78', '78', 'Transcrito', 'Autorizada para difusión', 'Pendiente de validación lingüística');
INSERT INTO senses VALUES ('RD-002186-S01', 'RD-002186', 1, 'Despintarse');
INSERT INTO lexical_entries VALUES ('RD-002187', 'Rosohua', 'Rosohua', 'rosohua', NULL, 'Vi', 'Vi', 'Toser', '', 'SRC-02', '78', '78', 'Transcrito', 'Autorizada para difusión', 'Pendiente de validación lingüística');
INSERT INTO senses VALUES ('RD-002187-S01', 'RD-002187', 1, 'Toser');
INSERT INTO lexical_entries VALUES ('RD-002188', 'Rosoná', 'Rosoná', 'rosona', NULL, 'S', 'S', 'Pato', '', 'SRC-02', '78', '78', 'Transcrito', 'Autorizada para difusión', 'Pendiente de validación lingüística');
INSERT INTO senses VALUES ('RD-002188-S01', 'RD-002188', 1, 'Pato');
INSERT INTO lexical_entries VALUES ('RD-002189', 'Rosorá', 'Rosorá', 'rosora', NULL, '', 'Sin clasificar', '1. s Nido 2. vt Hacer nido', '', 'SRC-02', '78', '78', 'Transcrito', 'Autorizada para difusión', 'Pendiente de validación lingüística');
INSERT INTO senses VALUES ('RD-002189-S01', 'RD-002189', 1, 's Nido');
INSERT INTO senses VALUES ('RD-002189-S02', 'RD-002189', 2, 'vt Hacer nido');
INSERT INTO lexical_entries VALUES ('RD-002190', 'Rosorí', 'Rosorí', 'rosori', NULL, 'S', 'S', 'Tipo de maíz blando', '', 'SRC-02', '78', '78', 'Transcrito', 'Autorizada para difusión', 'Pendiente de validación lingüística');
INSERT INTO senses VALUES ('RD-002190-S01', 'RD-002190', 1, 'Tipo de maíz blando');
INSERT INTO lexical_entries VALUES ('RD-002191', 'Rotebi', 'Rotebi', 'rotebi', NULL, 'S', 'S', 'Salamandra (reptil)', '', 'SRC-02', '78', '78', 'Transcrito', 'Autorizada para difusión', 'Pendiente de validación lingüística');
INSERT INTO senses VALUES ('RD-002191-S01', 'RD-002191', 1, 'Salamandra (reptil)');
INSERT INTO lexical_entries VALUES ('RD-002192', 'Rotosí', 'Rotosí', 'rotosi', NULL, 'S', 'S', 'Sauz (árbol, sauce)', '', 'SRC-02', '78', '78', 'Transcrito', 'Autorizada para difusión', 'Pendiente de validación lingüística');
INSERT INTO senses VALUES ('RD-002192-S01', 'RD-002192', 1, 'Sauz (árbol, sauce)');
INSERT INTO lexical_entries VALUES ('RD-002193', 'Ru', '1Ru', 'ru', '1', '', 'Sin clasificar', '1. vi Avisar 2. vt Testificar', '', 'SRC-02', '78', '78', 'Transcrito', 'Autorizada para difusión', 'Pendiente de validación lingüística');
INSERT INTO senses VALUES ('RD-002193-S01', 'RD-002193', 1, 'vi Avisar');
INSERT INTO senses VALUES ('RD-002193-S02', 'RD-002193', 2, 'vt Testificar');
INSERT INTO lexical_entries VALUES ('RD-002194', 'Ru', '2Ru', 'ru', '2', 'Vt', 'Vt', 'Descubrir', '', 'SRC-02', '78', '78', 'Transcrito', 'Autorizada para difusión', 'Pendiente de validación lingüística');
INSERT INTO senses VALUES ('RD-002194-S01', 'RD-002194', 1, 'Descubrir');
INSERT INTO lexical_entries VALUES ('RD-002195', 'Rucuáhua', 'Rucuáhua', 'rucuahua', NULL, 'Vi', 'Vi', 'Estar oscureciéndose', '', 'SRC-02', '78', '78', 'Transcrito', 'Autorizada para difusión', 'Pendiente de validación lingüística');
INSERT INTO senses VALUES ('RD-002195-S01', 'RD-002195', 1, 'Estar oscureciéndose');
INSERT INTO lexical_entries VALUES ('RD-002196', 'Rucuchuri', 'Rucuchuri', 'rucuchuri', NULL, 'S', 'S', 'Grillo', '', 'SRC-02', '78', '78', 'Transcrito', 'Autorizada para difusión', 'Pendiente de validación lingüística');
INSERT INTO senses VALUES ('RD-002196-S01', 'RD-002196', 1, 'Grillo');
INSERT INTO lexical_entries VALUES ('RD-002197', 'Rucué', 'Rucué', 'rucue', NULL, 'Vt', 'Vt', 'Preguntar', '', 'SRC-02', '78', '78', 'Transcrito', 'Autorizada para difusión', 'Pendiente de validación lingüística');
INSERT INTO senses VALUES ('RD-002197-S01', 'RD-002197', 1, 'Preguntar');
INSERT INTO lexical_entries VALUES ('RD-002198', 'Ruchí', 'Ruchí', 'ruchi', NULL, 'S', 'S', 'Gato montés', '', 'SRC-02', '78', '78', 'Transcrito', 'Autorizada para difusión', 'Pendiente de validación lingüística');
INSERT INTO senses VALUES ('RD-002198-S01', 'RD-002198', 1, 'Gato montés');
INSERT INTO lexical_entries VALUES ('RD-002199', 'Ruhué', 'Ruhué', 'ruhue', NULL, 'S', 'S', 'Liebre', '', 'SRC-02', '78', '78', 'Transcrito', 'Autorizada para difusión', 'Pendiente de validación lingüística');
INSERT INTO senses VALUES ('RD-002199-S01', 'RD-002199', 1, 'Liebre');
INSERT INTO lexical_entries VALUES ('RD-002200', 'Rujuí', 'Rujuí', 'rujui', NULL, 'Vi pl', 'Vi', 'Caerse (varias cosas)', '', 'SRC-02', '78', '78', 'Transcrito', 'Autorizada para difusión', 'Pendiente de validación lingüística');
INSERT INTO senses VALUES ('RD-002200-S01', 'RD-002200', 1, 'Caerse (varias cosas)');
INSERT INTO lexical_entries VALUES ('RD-002201', 'Rumuca asisa', 'Rumuca asisa', 'rumuca asisa', NULL, 'Vi', 'Vi', 'Caminarse dormido', '', 'SRC-02', '78', '78', 'Transcrito', 'Autorizada para difusión', 'Pendiente de validación lingüística');
INSERT INTO senses VALUES ('RD-002201-S01', 'RD-002201', 1, 'Caminarse dormido');
INSERT INTO lexical_entries VALUES ('RD-002202', 'Ru’ná', 'Ru’ná', 'ru''na', NULL, 'Vi', 'Vi', 'Estar grueso', '', 'SRC-02', '78', '78', 'Transcrito', 'Autorizada para difusión', 'Pendiente de validación lingüística');
INSERT INTO senses VALUES ('RD-002202-S01', 'RD-002202', 1, 'Estar grueso');
INSERT INTO lexical_entries VALUES ('RD-002203', 'Ru’náami', 'Ru’náami', 'ru''naami', NULL, 'Adj', 'Adj', 'Grueso', '', 'SRC-02', '78', '78', 'Transcrito', 'Autorizada para difusión', 'Pendiente de validación lingüística');
INSERT INTO senses VALUES ('RD-002203-S01', 'RD-002203', 1, 'Grueso');
INSERT INTO lexical_entries VALUES ('RD-002204', 'Ruráami', 'Ruráami', 'ruraami', NULL, 'Adj', 'Adj', 'Frío, fresco', '', 'SRC-02', '78', '78', 'Transcrito', 'Autorizada para difusión', 'Pendiente de validación lingüística');
INSERT INTO senses VALUES ('RD-002204-S01', 'RD-002204', 1, 'Frío, fresco');
INSERT INTO lexical_entries VALUES ('RD-002205', 'Rurahuá', 'Rurahuá', 'rurahua', NULL, 'Vi', 'Vi', 'Hace frío', '', 'SRC-02', '78', '78', 'Transcrito', 'Autorizada para difusión', 'Pendiente de validación lingüística');
INSERT INTO senses VALUES ('RD-002205-S01', 'RD-002205', 1, 'Hace frío');
INSERT INTO lexical_entries VALUES ('RD-002206', 'Rurú', 'Rurú', 'ruru', NULL, 'S', 'S', 'Sonaja (que llevan los corredores)', '', 'SRC-02', '78', '78', 'Transcrito', 'Autorizada para difusión', 'Pendiente de validación lingüística');
INSERT INTO senses VALUES ('RD-002206-S01', 'RD-002206', 1, 'Sonaja (que llevan los corredores)');
INSERT INTO lexical_entries VALUES ('RD-002207', 'Rurusí', 'Rurusí', 'rurusi', NULL, 'S', 'S', 'Tomatillo (una frutita que crece en una mata entre las siembras)', '', 'SRC-02', '78', '78', 'Transcrito', 'Autorizada para difusión', 'Pendiente de validación lingüística');
INSERT INTO senses VALUES ('RD-002207-S01', 'RD-002207', 1, 'Tomatillo (una frutita que crece en una mata entre las siembras)');
INSERT INTO lexical_entries VALUES ('RD-002208', 'Rúsiami', 'Rúsiami', 'rusiami', NULL, 'S', 'S', 'Intérprete', '', 'SRC-02', '78', '78', 'Transcrito', 'Autorizada para difusión', 'Pendiente de validación lingüística');
INSERT INTO senses VALUES ('RD-002208-S01', 'RD-002208', 1, 'Intérprete');
INSERT INTO lexical_entries VALUES ('RD-002209', 'Rusú', 'Rusú', 'rusu', NULL, 'Vt', 'Vt', 'Moler', '', 'SRC-02', '78', '78', 'Transcrito', 'Autorizada para difusión', 'Pendiente de validación lingüística');
INSERT INTO senses VALUES ('RD-002209-S01', 'RD-002209', 1, 'Moler');
INSERT INTO lexical_entries VALUES ('RD-002210', 'Ruyari', 'Ruyari', 'ruyari', NULL, 'S', 'S', 'Molleja, buche', '', 'SRC-02', '78', '78', 'Transcrito', 'Autorizada para difusión', 'Pendiente de validación lingüística');
INSERT INTO senses VALUES ('RD-002210-S01', 'RD-002210', 1, 'Molleja, buche');
INSERT INTO lexical_entries VALUES ('RD-002211', 'Ruyé', 'Ruyé', 'ruye', NULL, 'Vt', 'Vt', 'Avisar, aconsejar, informar', '', 'SRC-02', '78', '78', 'Transcrito', 'Autorizada para difusión', 'Pendiente de validación lingüística');
INSERT INTO senses VALUES ('RD-002211-S01', 'RD-002211', 1, 'Avisar, aconsejar, informar');
INSERT INTO lexical_entries VALUES ('RD-002212', 'Sáa, sái', 'Sáa, sái', 'saa, sai', NULL, 'Vt', 'Vt', 'Oler, olfatear', '', 'SRC-02', '78', '78', 'Transcrito', 'Autorizada para difusión', 'Pendiente de validación lingüística');
INSERT INTO senses VALUES ('RD-002212-S01', 'RD-002212', 1, 'Oler, olfatear');
INSERT INTO variants VALUES ('RD-002212-V01', 'RD-002212', 1, 'sái');
INSERT INTO lexical_entries VALUES ('RD-002213', 'Sáata', '1Sáata', 'saata', '1', 'Vi', 'Vi', 'Seguir olfateando', '', 'SRC-02', '78', '78', 'Transcrito', 'Autorizada para difusión', 'Pendiente de validación lingüística');
INSERT INTO senses VALUES ('RD-002213-S01', 'RD-002213', 1, 'Seguir olfateando');
INSERT INTO lexical_entries VALUES ('RD-002214', 'Sáata', '2Sáata', 'saata', '2', 'Vi', 'Vi', 'Hacer brasas', '', 'SRC-02', '78', '78', 'Transcrito', 'Autorizada para difusión', 'Pendiente de validación lingüística');
INSERT INTO senses VALUES ('RD-002214-S01', 'RD-002214', 1, 'Hacer brasas');
INSERT INTO lexical_entries VALUES ('RD-002215', 'Saca', 'Saca', 'saca', NULL, 'Vt', 'Vt', 'Conseguir', '', 'SRC-02', '78', '78', 'Transcrito', 'Autorizada para difusión', 'Pendiente de validación lingüística');
INSERT INTO senses VALUES ('RD-002215-S01', 'RD-002215', 1, 'Conseguir');
INSERT INTO lexical_entries VALUES ('RD-002216', 'Sacará', 'Sacará', 'sacara', NULL, 'S', 'S', 'Zacate', '', 'SRC-02', '78', '78', 'Transcrito', 'Autorizada para difusión', 'Pendiente de validación lingüística');
INSERT INTO senses VALUES ('RD-002216-S01', 'RD-002216', 1, 'Zacate');
INSERT INTO lexical_entries VALUES ('RD-002217', 'Sacuá', 'Sacuá', 'sacua', NULL, 'S', 'S', 'Tipo de rana verde, sapo', '', 'SRC-02', '79', '79', 'Transcrito', 'Autorizada para difusión', 'Pendiente de validación lingüística');
INSERT INTO senses VALUES ('RD-002217-S01', 'RD-002217', 1, 'Tipo de rana verde, sapo');
INSERT INTO lexical_entries VALUES ('RD-002218', 'Sagú', 'Sagú', 'sagu', NULL, 'Vt', 'Vt', 'Secar (verdura)', '', 'SRC-02', '79', '79', 'Transcrito', 'Autorizada para difusión', 'Pendiente de validación lingüística');
INSERT INTO senses VALUES ('RD-002218-S01', 'RD-002218', 1, 'Secar (verdura)');
INSERT INTO lexical_entries VALUES ('RD-002219', 'Sahuá', 'Sahuá', 'sahua', NULL, 'S', 'S', '1. Tipo de pino (con corteza gruesa y agujas delgadas) 2. Hoja', '', 'SRC-02', '79', '79', 'Transcrito', 'Autorizada para difusión', 'Pendiente de validación lingüística');
INSERT INTO senses VALUES ('RD-002219-S01', 'RD-002219', 1, 'Tipo de pino (con corteza gruesa y agujas delgadas)');
INSERT INTO senses VALUES ('RD-002219-S02', 'RD-002219', 2, 'Hoja');
INSERT INTO lexical_entries VALUES ('RD-002220', 'Sahua', 'Sahua', 'sahua', NULL, 'Vt', 'Vt', 'Quemar', '', 'SRC-02', '79', '79', 'Transcrito', 'Autorizada para difusión', 'Pendiente de validación lingüística');
INSERT INTO senses VALUES ('RD-002220-S01', 'RD-002220', 1, 'Quemar');
INSERT INTO lexical_entries VALUES ('RD-002221', 'Sa’huá', 'Sa’huá', 'sa''hua', NULL, 'Vt', 'Vt', 'Curar, sanar', '', 'SRC-02', '79', '79', 'Transcrito', 'Autorizada para difusión', 'Pendiente de validación lingüística');
INSERT INTO senses VALUES ('RD-002221-S01', 'RD-002221', 1, 'Curar, sanar');
INSERT INTO lexical_entries VALUES ('RD-002222', 'Sáhuara', 'Sáhuara', 'sahuara', NULL, 'S', 'S', 'Sonaja (de los matachines)', '', 'SRC-02', '79', '79', 'Transcrito', 'Autorizada para difusión', 'Pendiente de validación lingüística');
INSERT INTO senses VALUES ('RD-002222-S01', 'RD-002222', 1, 'Sonaja (de los matachines)');
INSERT INTO lexical_entries VALUES ('RD-002223', 'Sahuarasa', 'Sahuarasa', 'sahuarasa', NULL, 'Vi pl', 'Vi', 'Brotar (hojas nuevas)', '', 'SRC-02', '79', '79', 'Transcrito', 'Autorizada para difusión', 'Pendiente de validación lingüística');
INSERT INTO senses VALUES ('RD-002223-S01', 'RD-002223', 1, 'Brotar (hojas nuevas)');
INSERT INTO lexical_entries VALUES ('RD-002224', 'Sahuarásimí', 'Sahuarásimí', 'sahuarasimi', NULL, 'Vi', 'Vi', 'Retoñar', '', 'SRC-02', '79', '79', 'Transcrito', 'Autorizada para difusión', 'Pendiente de validación lingüística');
INSERT INTO senses VALUES ('RD-002224-S01', 'RD-002224', 1, 'Retoñar');
INSERT INTO lexical_entries VALUES ('RD-002225', 'Sahuarusa', 'Sahuarusa', 'sahuarusa', NULL, 'Vi pl', 'Vi', 'Caerse (las hojas)', '', 'SRC-02', '79', '79', 'Transcrito', 'Autorizada para difusión', 'Pendiente de validación lingüística');
INSERT INTO senses VALUES ('RD-002225-S01', 'RD-002225', 1, 'Caerse (las hojas)');
INSERT INTO lexical_entries VALUES ('RD-002226', 'Sahuí', 'Sahuí', 'sahui', NULL, 'Vi', 'Vi', 'Quemarse, hacerse brasas', '', 'SRC-02', '79', '79', 'Transcrito', 'Autorizada para difusión', 'Pendiente de validación lingüística');
INSERT INTO senses VALUES ('RD-002226-S01', 'RD-002226', 1, 'Quemarse, hacerse brasas');
INSERT INTO lexical_entries VALUES ('RD-002227', 'Sa’huí', 'Sa’huí', 'sa''hui', NULL, 'Vi', 'Vi', 'Aliviarse', '', 'SRC-02', '79', '79', 'Transcrito', 'Autorizada para difusión', 'Pendiente de validación lingüística');
INSERT INTO senses VALUES ('RD-002227-S01', 'RD-002227', 1, 'Aliviarse');
INSERT INTO lexical_entries VALUES ('RD-002228', 'Sahuiri', 'Sahuiri', 'sahuiri', NULL, 'S', 'S', 'Brasas, carbón', '', 'SRC-02', '79', '79', 'Transcrito', 'Autorizada para difusión', 'Pendiente de validación lingüística');
INSERT INTO senses VALUES ('RD-002228-S01', 'RD-002228', 1, 'Brasas, carbón');
INSERT INTO lexical_entries VALUES ('RD-002229', 'Sahuiruma', 'Sahuiruma', 'sahuiruma', NULL, 'Vi', 'Vi', 'Temblar', '', 'SRC-02', '79', '79', 'Transcrito', 'Autorizada para difusión', 'Pendiente de validación lingüística');
INSERT INTO senses VALUES ('RD-002229-S01', 'RD-002229', 1, 'Temblar');
INSERT INTO lexical_entries VALUES ('RD-002230', 'Sái', 'Sái', 'sai', NULL, '', 'Sin clasificar', 'Oler, olfatear', '', 'SRC-02', '79', '79', 'Transcrito', 'Autorizada para difusión', 'Pendiente de validación lingüística');
INSERT INTO senses VALUES ('RD-002230-S01', 'RD-002230', 1, 'Oler, olfatear');
INSERT INTO lexical_entries VALUES ('RD-002231', 'Sa’í', 'Sa’í', 'sa''i', NULL, 'S', 'S', 'Lombriz de tierra', '', 'SRC-02', '79', '79', 'Transcrito', 'Autorizada para difusión', 'Pendiente de validación lingüística');
INSERT INTO senses VALUES ('RD-002231-S01', 'RD-002231', 1, 'Lombriz de tierra');
INSERT INTO lexical_entries VALUES ('RD-002232', 'Sa’mecha', 'Sa’mecha', 'sa''mecha', NULL, 'Vt', 'Vt', 'Remojar, mojar', '', 'SRC-02', '79', '79', 'Transcrito', 'Autorizada para difusión', 'Pendiente de validación lingüística');
INSERT INTO senses VALUES ('RD-002232-S01', 'RD-002232', 1, 'Remojar, mojar');
INSERT INTO lexical_entries VALUES ('RD-002233', 'Sa’mí', 'Sa’mí', 'sa''mi', NULL, 'Vi', 'Vi', 'Estar mojado', '', 'SRC-02', '79', '79', 'Transcrito', 'Autorizada para difusión', 'Pendiente de validación lingüística');
INSERT INTO senses VALUES ('RD-002233-S01', 'RD-002233', 1, 'Estar mojado');
INSERT INTO lexical_entries VALUES ('RD-002234', 'Samichí', 'Samichí', 'samichi', NULL, 'S', 'S', 'En algún lugar mojado', '', 'SRC-02', '79', '79', 'Transcrito', 'Autorizada para difusión', 'Pendiente de validación lingüística');
INSERT INTO senses VALUES ('RD-002234-S01', 'RD-002234', 1, 'En algún lugar mojado');
INSERT INTO lexical_entries VALUES ('RD-002235', 'Sa’mina', 'Sa’mina', 'sa''mina', NULL, 'Vi', 'Vi', 'Humedecerse', '', 'SRC-02', '79', '79', 'Transcrito', 'Autorizada para difusión', 'Pendiente de validación lingüística');
INSERT INTO senses VALUES ('RD-002235-S01', 'RD-002235', 1, 'Humedecerse');
INSERT INTO lexical_entries VALUES ('RD-002236', 'Sampá', 'Sampá', 'sampa', NULL, 'Vi', 'Vi', 'Mojarse', '', 'SRC-02', '79', '79', 'Transcrito', 'Autorizada para difusión', 'Pendiente de validación lingüística');
INSERT INTO senses VALUES ('RD-002236-S01', 'RD-002236', 1, 'Mojarse');
INSERT INTO lexical_entries VALUES ('RD-002237', 'Sampacha', 'Sampacha', 'sampacha', NULL, 'Vt', 'Vt', 'Remojar', '', 'SRC-02', '79', '79', 'Transcrito', 'Autorizada para difusión', 'Pendiente de validación lingüística');
INSERT INTO senses VALUES ('RD-002237-S01', 'RD-002237', 1, 'Remojar');
INSERT INTO lexical_entries VALUES ('RD-002238', 'Sa’narí', 'Sa’narí', 'sa''nari', NULL, 'S', 'S', 'Sedimento del tesgüino', '', 'SRC-02', '79', '79', 'Transcrito', 'Autorizada para difusión', 'Pendiente de validación lingüística');
INSERT INTO senses VALUES ('RD-002238-S01', 'RD-002238', 1, 'Sedimento del tesgüino');
INSERT INTO lexical_entries VALUES ('RD-002239', 'Sapá', 'Sapá', 'sapa', NULL, 'S', 'S', 'Carne', '', 'SRC-02', '79', '79', 'Transcrito', 'Autorizada para difusión', 'Pendiente de validación lingüística');
INSERT INTO senses VALUES ('RD-002239-S01', 'RD-002239', 1, 'Carne');
INSERT INTO lexical_entries VALUES ('RD-002240', 'Sapará', 'Sapará', 'sapara', NULL, 'Vi', 'Vi', 'Engordarse', '', 'SRC-02', '79', '79', 'Transcrito', 'Autorizada para difusión', 'Pendiente de validación lingüística');
INSERT INTO senses VALUES ('RD-002240-S01', 'RD-002240', 1, 'Engordarse');
INSERT INTO lexical_entries VALUES ('RD-002241', 'Saparábana', 'Saparábana', 'saparabana', NULL, 'Vt', 'Vt', 'Engordar', '', 'SRC-02', '79', '79', 'Transcrito', 'Autorizada para difusión', 'Pendiente de validación lingüística');
INSERT INTO senses VALUES ('RD-002241-S01', 'RD-002241', 1, 'Engordar');
INSERT INTO lexical_entries VALUES ('RD-002242', 'Saparusa', 'Saparusa', 'saparusa', NULL, 'Vi', 'Vi', 'Enflaquecerse', '', 'SRC-02', '79', '79', 'Transcrito', 'Autorizada para difusión', 'Pendiente de validación lingüística');
INSERT INTO senses VALUES ('RD-002242-S01', 'RD-002242', 1, 'Enflaquecerse');
INSERT INTO lexical_entries VALUES ('RD-002243', 'Sapé', 'Sapé', 'sape', NULL, 'Vi', 'Vi', 'Estar gordo, tener cuerpo', '', 'SRC-02', '79', '79', 'Transcrito', 'Autorizada para difusión', 'Pendiente de validación lingüística');
INSERT INTO senses VALUES ('RD-002243-S01', 'RD-002243', 1, 'Estar gordo, tener cuerpo');
INSERT INTO lexical_entries VALUES ('RD-002244', 'Sapepa: machí sapepa', 'Sapepa: machí sapepa', 'sapepa: machi sapepa', NULL, 'Vi', 'Vi', 'Desnudarse', '', 'SRC-02', '79', '79', 'Transcrito', 'Autorizada para difusión', 'Pendiente de validación lingüística');
INSERT INTO senses VALUES ('RD-002244-S01', 'RD-002244', 1, 'Desnudarse');
INSERT INTO lexical_entries VALUES ('RD-002245', 'Sapota', 'Sapota', 'sapota', NULL, 'Vi', 'Vi', 'Hacer palomitas de maíz', '', 'SRC-02', '79', '79', 'Transcrito', 'Autorizada para difusión', 'Pendiente de validación lingüística');
INSERT INTO senses VALUES ('RD-002245-S01', 'RD-002245', 1, 'Hacer palomitas de maíz');
INSERT INTO lexical_entries VALUES ('RD-002246', 'Sapú', 'Sapú', 'sapu', NULL, 'Vi', 'Vi', 'Apurarse', '', 'SRC-02', '79', '79', 'Transcrito', 'Autorizada para difusión', 'Pendiente de validación lingüística');
INSERT INTO senses VALUES ('RD-002246-S01', 'RD-002246', 1, 'Apurarse');
INSERT INTO lexical_entries VALUES ('RD-002247', 'Saquí', 'Saquí', 'saqui', NULL, '', 'Sin clasificar', '1. vt Hacer esquite 2. s Esquite', '', 'SRC-02', '79', '79', 'Transcrito', 'Autorizada para difusión', 'Pendiente de validación lingüística');
INSERT INTO senses VALUES ('RD-002247-S01', 'RD-002247', 1, 'vt Hacer esquite');
INSERT INTO senses VALUES ('RD-002247-S02', 'RD-002247', 2, 's Esquite');
INSERT INTO lexical_entries VALUES ('RD-002248', 'Saquiri', 'Saquiri', 'saquiri', NULL, 'S', 'S', 'Comal', '', 'SRC-02', '79', '79', 'Transcrito', 'Autorizada para difusión', 'Pendiente de validación lingüística');
INSERT INTO senses VALUES ('RD-002248-S01', 'RD-002248', 1, 'Comal');
INSERT INTO lexical_entries VALUES ('RD-002249', 'Sa’rihuá', 'Sa’rihuá', 'sa''rihua', NULL, 'S', 'S', 'Saliva', '', 'SRC-02', '79', '79', 'Transcrito', 'Autorizada para difusión', 'Pendiente de validación lingüística');
INSERT INTO senses VALUES ('RD-002249-S01', 'RD-002249', 1, 'Saliva');
INSERT INTO lexical_entries VALUES ('RD-002250', 'Sa’rihué', 'Sa’rihué', 'sa''rihue', NULL, 'Vi', 'Vi', 'Salivar, babear', '', 'SRC-02', '79', '79', 'Transcrito', 'Autorizada para difusión', 'Pendiente de validación lingüística');
INSERT INTO senses VALUES ('RD-002250-S01', 'RD-002250', 1, 'Salivar, babear');
INSERT INTO lexical_entries VALUES ('RD-002251', 'Saróami', 'Saróami', 'saroami', NULL, 'Adj', 'Adj', 'Amarillo, anaranjado', '', 'SRC-02', '79', '79', 'Transcrito', 'Autorizada para difusión', 'Pendiente de validación lingüística');
INSERT INTO senses VALUES ('RD-002251-S01', 'RD-002251', 1, 'Amarillo, anaranjado');
INSERT INTO lexical_entries VALUES ('RD-002252', 'Sasira', 'Sasira', 'sasira', NULL, 'Vi', 'Vi', 'Resbalarse', '', 'SRC-02', '79', '79', 'Transcrito', 'Autorizada para difusión', 'Pendiente de validación lingüística');
INSERT INTO senses VALUES ('RD-002252-S01', 'RD-002252', 1, 'Resbalarse');
INSERT INTO lexical_entries VALUES ('RD-002253', 'Saté', 'Saté', 'sate', NULL, 'S', 'S', 'Arena', '', 'SRC-02', '79', '79', 'Transcrito', 'Autorizada para difusión', 'Pendiente de validación lingüística');
INSERT INTO senses VALUES ('RD-002253-S01', 'RD-002253', 1, 'Arena');
INSERT INTO lexical_entries VALUES ('RD-002254', 'Satibó', 'Satibó', 'satibo', NULL, 'S', 'S', 'Arenal', '', 'SRC-02', '79', '79', 'Transcrito', 'Autorizada para difusión', 'Pendiente de validación lingüística');
INSERT INTO senses VALUES ('RD-002254-S01', 'RD-002254', 1, 'Arenal');
INSERT INTO lexical_entries VALUES ('RD-002255', 'Sabitótami', 'Sabitótami', 'sabitotami', NULL, 'Adj', 'Adj', 'Arenoso', '', 'SRC-02', '79', '79', 'Transcrito', 'Autorizada para difusión', 'Pendiente de validación lingüística');
INSERT INTO senses VALUES ('RD-002255-S01', 'RD-002255', 1, 'Arenoso');
INSERT INTO lexical_entries VALUES ('RD-002256', 'Satérama', 'Satérama', 'saterama', NULL, 'Vt pret', 'Vt', 'Ensuciar con arena', '', 'SRC-02', '79', '79', 'Transcrito', 'Autorizada para difusión', 'Pendiente de validación lingüística');
INSERT INTO senses VALUES ('RD-002256-S01', 'RD-002256', 1, 'Ensuciar con arena');
INSERT INTO lexical_entries VALUES ('RD-002257', 'Satibú', 'Satibú', 'satibu', NULL, 'Vt', 'Vt', 'Quitar la arena', '', 'SRC-02', '79', '79', 'Transcrito', 'Autorizada para difusión', 'Pendiente de validación lingüística');
INSERT INTO senses VALUES ('RD-002257-S01', 'RD-002257', 1, 'Quitar la arena');
INSERT INTO lexical_entries VALUES ('RD-002258', 'Sayahui', 'Sayahui', 'sayahui', NULL, 'S', 'S', 'Víbora de cascabel (grande)', '', 'SRC-02', '79', '79', 'Transcrito', 'Autorizada para difusión', 'Pendiente de validación lingüística');
INSERT INTO senses VALUES ('RD-002258-S01', 'RD-002258', 1, 'Víbora de cascabel (grande)');
INSERT INTO lexical_entries VALUES ('RD-002259', 'Sayé', 'Sayé', 'saye', NULL, 'S sing', 'S', 'Enemigo', '', 'SRC-02', '79', '79', 'Transcrito', 'Autorizada para difusión', 'Pendiente de validación lingüística');
INSERT INTO senses VALUES ('RD-002259-S01', 'RD-002259', 1, 'Enemigo');
INSERT INTO lexical_entries VALUES ('RD-002260', 'Sayécari', 'Sayécari', 'sayecari', NULL, 'S', 'S', 'Sonaja de pascolero', '', 'SRC-02', '80', '80', 'Transcrito', 'Autorizada para difusión', 'Pendiente de validación lingüística');
INSERT INTO senses VALUES ('RD-002260-S01', 'RD-002260', 1, 'Sonaja de pascolero');
INSERT INTO lexical_entries VALUES ('RD-002261', 'Sayiná, que sayiná', 'Sayiná, que sayiná', 'sayina, que sayina', NULL, 'Adv', 'Adv', 'De repente', '', 'SRC-02', '80', '80', 'Transcrito', 'Autorizada para difusión', 'Pendiente de validación lingüística');
INSERT INTO senses VALUES ('RD-002261-S01', 'RD-002261', 1, 'De repente');
INSERT INTO variants VALUES ('RD-002261-V01', 'RD-002261', 1, 'que sayiná');
INSERT INTO lexical_entries VALUES ('RD-002262', 'Sayiruma', 'Sayiruma', 'sayiruma', NULL, 'Vi', 'Vi', 'Temblarse', '', 'SRC-02', '80', '80', 'Transcrito', 'Autorizada para difusión', 'Pendiente de validación lingüística');
INSERT INTO senses VALUES ('RD-002262-S01', 'RD-002262', 1, 'Temblarse');
INSERT INTO lexical_entries VALUES ('RD-002263', 'Seba', 'Seba', 'seba', NULL, 'Vt', 'Vt', '1. Alcanzar, llegar 2. Lograr 3. Llegar a ser', '', 'SRC-02', '80', '80', 'Transcrito', 'Autorizada para difusión', 'Pendiente de validación lingüística');
INSERT INTO senses VALUES ('RD-002263-S01', 'RD-002263', 1, 'Alcanzar, llegar');
INSERT INTO senses VALUES ('RD-002263-S02', 'RD-002263', 2, 'Lograr');
INSERT INTO senses VALUES ('RD-002263-S03', 'RD-002263', 3, 'Llegar a ser');
INSERT INTO lexical_entries VALUES ('RD-002264', 'Sebárachi', 'Sebárachi', 'sebarachi', NULL, 'S', 'S', 'Lugar donde lo alcanza', '', 'SRC-02', '80', '80', 'Transcrito', 'Autorizada para difusión', 'Pendiente de validación lingüística');
INSERT INTO senses VALUES ('RD-002264-S01', 'RD-002264', 1, 'Lugar donde lo alcanza');
INSERT INTO lexical_entries VALUES ('RD-002265', 'Sebara', 'Sebara', 'sebara', NULL, 'Vt', 'Vt', 'Completar, cumplir', '', 'SRC-02', '80', '80', 'Transcrito', 'Autorizada para difusión', 'Pendiente de validación lingüística');
INSERT INTO senses VALUES ('RD-002265-S01', 'RD-002265', 1, 'Completar, cumplir');
INSERT INTO lexical_entries VALUES ('RD-002266', 'Sébari', 'Sébari', 'sebari', NULL, 'Adj', 'Adj', '1. Bastante 2. Completo', '', 'SRC-02', '80', '80', 'Transcrito', 'Autorizada para difusión', 'Pendiente de validación lingüística');
INSERT INTO senses VALUES ('RD-002266-S01', 'RD-002266', 1, 'Bastante');
INSERT INTO senses VALUES ('RD-002266-S02', 'RD-002266', 2, 'Completo');
INSERT INTO lexical_entries VALUES ('RD-002267', 'Sehuá', 'Sehuá', 'sehua', NULL, 'Vi', 'Vi', 'Florecer', '', 'SRC-02', '80', '80', 'Transcrito', 'Autorizada para difusión', 'Pendiente de validación lingüística');
INSERT INTO senses VALUES ('RD-002267-S01', 'RD-002267', 1, 'Florecer');
INSERT INTO lexical_entries VALUES ('RD-002268', 'Si', '1Si', 'si', '1', 'Vi pl', 'Vi', 'Llegan', '', 'SRC-02', '80', '80', 'Transcrito', 'Autorizada para difusión', 'Pendiente de validación lingüística');
INSERT INTO senses VALUES ('RD-002268-S01', 'RD-002268', 1, 'Llegan');
INSERT INTO lexical_entries VALUES ('RD-002269', 'Si', '2Si', 'si', '2', 'Vi', 'Vi', 'Hacer', '', 'SRC-02', '80', '80', 'Transcrito', 'Autorizada para difusión', 'Pendiente de validación lingüística');
INSERT INTO senses VALUES ('RD-002269-S01', 'RD-002269', 1, 'Hacer');
INSERT INTO lexical_entries VALUES ('RD-002270', 'Si', '3Si', 'si', '3', 'Vi', 'Vi', 'Dilatarse', '', 'SRC-02', '80', '80', 'Transcrito', 'Autorizada para difusión', 'Pendiente de validación lingüística');
INSERT INTO senses VALUES ('RD-002270-S01', 'RD-002270', 1, 'Dilatarse');
INSERT INTO lexical_entries VALUES ('RD-002271', 'Si’á', 'Si’á', 'si''a', NULL, 'S', 'S', 'Suegro', '', 'SRC-02', '80', '80', 'Transcrito', 'Autorizada para difusión', 'Pendiente de validación lingüística');
INSERT INTO senses VALUES ('RD-002271-S01', 'RD-002271', 1, 'Suegro');
INSERT INTO lexical_entries VALUES ('RD-002272', 'Síbari', 'Síbari', 'sibari', NULL, 'S', 'S', 'Chiltipiquín (tipo de chile)', '', 'SRC-02', '80', '80', 'Transcrito', 'Autorizada para difusión', 'Pendiente de validación lingüística');
INSERT INTO senses VALUES ('RD-002272-S01', 'RD-002272', 1, 'Chiltipiquín (tipo de chile)');
INSERT INTO lexical_entries VALUES ('RD-002273', 'Sibori', 'Sibori', 'sibori', NULL, 'S', 'S', 'Renacuajo', '', 'SRC-02', '80', '80', 'Transcrito', 'Autorizada para difusión', 'Pendiente de validación lingüística');
INSERT INTO senses VALUES ('RD-002273-S01', 'RD-002273', 1, 'Renacuajo');
INSERT INTO lexical_entries VALUES ('RD-002274', 'Sicá', '1Sicá', 'sica', '1', 'Vt', 'Vt', 'Trasquilar', '', 'SRC-02', '80', '80', 'Transcrito', 'Autorizada para difusión', 'Pendiente de validación lingüística');
INSERT INTO senses VALUES ('RD-002274-S01', 'RD-002274', 1, 'Trasquilar');
INSERT INTO lexical_entries VALUES ('RD-002275', 'Sicá', '2Sicá', 'sica', '2', 'Vt', 'Vt', 'Brazo', '', 'SRC-02', '80', '80', 'Transcrito', 'Autorizada para difusión', 'Pendiente de validación lingüística');
INSERT INTO senses VALUES ('RD-002275-S01', 'RD-002275', 1, 'Brazo');
INSERT INTO lexical_entries VALUES ('RD-002276', 'Sicá jiti', 'Sicá jiti', 'sica jiti', NULL, '', 'Sin clasificar', 'A mano', '', 'SRC-02', '80', '80', 'Transcrito', 'Autorizada para difusión', 'Pendiente de validación lingüística');
INSERT INTO senses VALUES ('RD-002276-S01', 'RD-002276', 1, 'A mano');
INSERT INTO lexical_entries VALUES ('RD-002277', 'Sicachó', 'Sicachó', 'sicacho', NULL, 'Vi', 'Vi', 'Aplaudir', '', 'SRC-02', '80', '80', 'Transcrito', 'Autorizada para difusión', 'Pendiente de validación lingüística');
INSERT INTO senses VALUES ('RD-002277-S01', 'RD-002277', 1, 'Aplaudir');
INSERT INTO lexical_entries VALUES ('RD-002278', 'Sicahué', 'Sicahué', 'sicahue', NULL, 'Vt', 'Vt', 'Bracear', '', 'SRC-02', '80', '80', 'Transcrito', 'Autorizada para difusión', 'Pendiente de validación lingüística');
INSERT INTO senses VALUES ('RD-002278-S01', 'RD-002278', 1, 'Bracear');
INSERT INTO lexical_entries VALUES ('RD-002279', 'Sicamochi', 'Sicamochi', 'sicamochi', NULL, 'Pp', 'Pp', 'Estar mocho de una mano', '', 'SRC-02', '80', '80', 'Transcrito', 'Autorizada para difusión', 'Pendiente de validación lingüística');
INSERT INTO senses VALUES ('RD-002279-S01', 'RD-002279', 1, 'Estar mocho de una mano');
INSERT INTO lexical_entries VALUES ('RD-002280', 'Sicara', 'Sicara', 'sicara', NULL, 'Vi', 'Vi', 'Mover (brazos)', '', 'SRC-02', '80', '80', 'Transcrito', 'Autorizada para difusión', 'Pendiente de validación lingüística');
INSERT INTO senses VALUES ('RD-002280-S01', 'RD-002280', 1, 'Mover (brazos)');
INSERT INTO lexical_entries VALUES ('RD-002281', 'Sicobachi', 'Sicobachi', 'sicobachi', NULL, 'S', 'S', 'Tipo de calabaza (blanca o pintada)', '', 'SRC-02', '80', '80', 'Transcrito', 'Autorizada para difusión', 'Pendiente de validación lingüística');
INSERT INTO senses VALUES ('RD-002281-S01', 'RD-002281', 1, 'Tipo de calabaza (blanca o pintada)');
INSERT INTO lexical_entries VALUES ('RD-002282', 'Sicochi', 'Sicochi', 'sicochi', NULL, 'Adv', 'Adv', 'En un rincón', '', 'SRC-02', '80', '80', 'Transcrito', 'Autorizada para difusión', 'Pendiente de validación lingüística');
INSERT INTO senses VALUES ('RD-002282-S01', 'RD-002282', 1, 'En un rincón');
INSERT INTO lexical_entries VALUES ('RD-002283', 'Sicohua, sicóori', 'Sicohua, sicóori', 'sicohua, sicoori', NULL, 'Vi', 'Vi', 'Hacer ruido (estómago)', '', 'SRC-02', '80', '80', 'Transcrito', 'Autorizada para difusión', 'Pendiente de validación lingüística');
INSERT INTO senses VALUES ('RD-002283-S01', 'RD-002283', 1, 'Hacer ruido (estómago)');
INSERT INTO variants VALUES ('RD-002283-V01', 'RD-002283', 1, 'sicóori');
INSERT INTO lexical_entries VALUES ('RD-002284', 'Sicpoona', 'Sicpoona', 'sicpoona', NULL, 'Vi', 'Vi', 'Salir lagaña (en los ojos)', '', 'SRC-02', '80', '80', 'Transcrito', 'Autorizada para difusión', 'Pendiente de validación lingüística');
INSERT INTO senses VALUES ('RD-002284-S01', 'RD-002284', 1, 'Salir lagaña (en los ojos)');
INSERT INTO lexical_entries VALUES ('RD-002285', 'Sicorí', 'Sicorí', 'sicori', NULL, 'S', 'S', 'Olla, jarro', '', 'SRC-02', '80', '80', 'Transcrito', 'Autorizada para difusión', 'Pendiente de validación lingüística');
INSERT INTO senses VALUES ('RD-002285-S01', 'RD-002285', 1, 'Olla, jarro');
INSERT INTO lexical_entries VALUES ('RD-002286', 'Sicuí', 'Sicuí', 'sicui', NULL, 'S', 'S', 'Hormiga', '', 'SRC-02', '80', '80', 'Transcrito', 'Autorizada para difusión', 'Pendiente de validación lingüística');
INSERT INTO senses VALUES ('RD-002286-S01', 'RD-002286', 1, 'Hormiga');
INSERT INTO lexical_entries VALUES ('RD-002287', 'Sihuá', '1Sihuá', 'sihua', '1', 'S', 'S', 'Tripas, intestino', '', 'SRC-02', '80', '80', 'Transcrito', 'Autorizada para difusión', 'Pendiente de validación lingüística');
INSERT INTO senses VALUES ('RD-002287-S01', 'RD-002287', 1, 'Tripas, intestino');
INSERT INTO lexical_entries VALUES ('RD-002288', 'Sihuá', '2Sihuá', 'sihua', '2', 'Vi', 'Vi', 'Florecer', '', 'SRC-02', '80', '80', 'Transcrito', 'Autorizada para difusión', 'Pendiente de validación lingüística');
INSERT INTO senses VALUES ('RD-002288-S01', 'RD-002288', 1, 'Florecer');
INSERT INTO lexical_entries VALUES ('RD-002289', 'Sihuáchari', 'Sihuáchari', 'sihuachari', NULL, 'S', 'S', 'Flor', '', 'SRC-02', '80', '80', 'Transcrito', 'Autorizada para difusión', 'Pendiente de validación lingüística');
INSERT INTO senses VALUES ('RD-002289-S01', 'RD-002289', 1, 'Flor');
INSERT INTO lexical_entries VALUES ('RD-002290', 'Sihué', 'Sihué', 'sihue', NULL, 'Vi', 'Vi', 'Calmarse (viento)', '', 'SRC-02', '80', '80', 'Transcrito', 'Autorizada para difusión', 'Pendiente de validación lingüística');
INSERT INTO senses VALUES ('RD-002290-S01', 'RD-002290', 1, 'Calmarse (viento)');
INSERT INTO lexical_entries VALUES ('RD-002291', 'Si’huérahua', 'Si’huérahua', 'si''huerahua', NULL, 'S', 'S', 'Pestaña(s)', '', 'SRC-02', '80', '80', 'Transcrito', 'Autorizada para difusión', 'Pendiente de validación lingüística');
INSERT INTO senses VALUES ('RD-002291-S01', 'RD-002291', 1, 'Pestaña(s)');
INSERT INTO lexical_entries VALUES ('RD-002292', 'Si’huina', 'Si’huina', 'si''huina', NULL, 'Adv', 'Adv', 'En otra parte', '', 'SRC-02', '80', '80', 'Transcrito', 'Autorizada para difusión', 'Pendiente de validación lingüística');
INSERT INTO senses VALUES ('RD-002292-S01', 'RD-002292', 1, 'En otra parte');
INSERT INTO lexical_entries VALUES ('RD-002293', 'Sijabó', 'Sijabó', 'sijabo', NULL, 'Vi', 'Vi', '1. Estar empachado (del estómago) 2. Se hincha (el nixtamal)', '', 'SRC-02', '80', '80', 'Transcrito', 'Autorizada para difusión', 'Pendiente de validación lingüística');
INSERT INTO senses VALUES ('RD-002293-S01', 'RD-002293', 1, 'Estar empachado (del estómago)');
INSERT INTO senses VALUES ('RD-002293-S02', 'RD-002293', 2, 'Se hincha (el nixtamal)');
INSERT INTO lexical_entries VALUES ('RD-002294', 'Sijarí', 'Sijarí', 'sijari', NULL, 'S', 'S', 'Vejiga, ampolla', '', 'SRC-02', '80', '80', 'Transcrito', 'Autorizada para difusión', 'Pendiente de validación lingüística');
INSERT INTO senses VALUES ('RD-002294-S01', 'RD-002294', 1, 'Vejiga, ampolla');
INSERT INTO lexical_entries VALUES ('RD-002295', 'Si’luna', 'Si’luna', 'si''luna', NULL, 'Vt', 'Vt', 'Plegar', '', 'SRC-02', '80', '80', 'Transcrito', 'Autorizada para difusión', 'Pendiente de validación lingüística');
INSERT INTO senses VALUES ('RD-002295-S01', 'RD-002295', 1, 'Plegar');
INSERT INTO lexical_entries VALUES ('RD-002296', 'Simá', 'Simá', 'sima', NULL, 'Vi pl', 'Vi', 'Irse', '', 'SRC-02', '80', '80', 'Transcrito', 'Autorizada para difusión', 'Pendiente de validación lingüística');
INSERT INTO senses VALUES ('RD-002296-S01', 'RD-002296', 1, 'Irse');
INSERT INTO lexical_entries VALUES ('RD-002297', 'Simara', 'Simara', 'simara', NULL, 'Vi pl', 'Vi', 'Pasan', '', 'SRC-02', '80', '80', 'Transcrito', 'Autorizada para difusión', 'Pendiente de validación lingüística');
INSERT INTO senses VALUES ('RD-002297-S01', 'RD-002297', 1, 'Pasan');
INSERT INTO lexical_entries VALUES ('RD-002298', 'Simati', 'Simati', 'simati', NULL, 'Adj', 'Adj', 'Bonito, hermoso', '', 'SRC-02', '80', '80', 'Transcrito', 'Autorizada para difusión', 'Pendiente de validación lingüística');
INSERT INTO senses VALUES ('RD-002298-S01', 'RD-002298', 1, 'Bonito, hermoso');
INSERT INTO lexical_entries VALUES ('RD-002299', 'Simé', 'Simé', 'sime', NULL, 'Vt', 'Vt', 'Tocar (instrumento musical)', '', 'SRC-02', '80', '80', 'Transcrito', 'Autorizada para difusión', 'Pendiente de validación lingüística');
INSERT INTO senses VALUES ('RD-002299-S01', 'RD-002299', 1, 'Tocar (instrumento musical)');
INSERT INTO lexical_entries VALUES ('RD-002300', 'Simera', 'Simera', 'simera', NULL, 'Vt', 'Vt', 'Pasar', '', 'SRC-02', '80', '80', 'Transcrito', 'Autorizada para difusión', 'Pendiente de validación lingüística');
INSERT INTO senses VALUES ('RD-002300-S01', 'RD-002300', 1, 'Pasar');
INSERT INTO lexical_entries VALUES ('RD-002301', 'Simí', '1Simí', 'simi', '1', 'Vi sg', 'Vi', 'Irse', '', 'SRC-02', '80', '80', 'Transcrito', 'Autorizada para difusión', 'Pendiente de validación lingüística');
INSERT INTO senses VALUES ('RD-002301-S01', 'RD-002301', 1, 'Irse');
INSERT INTO lexical_entries VALUES ('RD-002302', 'Simí', '2Simí', 'simi', '2', 'Vi sg', 'Vi', 'Caminar', '', 'SRC-02', '80', '80', 'Transcrito', 'Autorizada para difusión', 'Pendiente de validación lingüística');
INSERT INTO senses VALUES ('RD-002302-S01', 'RD-002302', 1, 'Caminar');
INSERT INTO lexical_entries VALUES ('RD-002303', 'Simigá', 'Simigá', 'simiga', NULL, '', 'Sin clasificar', '¡Vaya!', '', 'SRC-02', '81', '81', 'Transcrito', 'Autorizada para difusión', 'Pendiente de validación lingüística');
INSERT INTO senses VALUES ('RD-002303-S01', 'RD-002303', 1, '¡Vaya!');
INSERT INTO lexical_entries VALUES ('RD-002304', 'Simináari', 'Simináari', 'siminaari', NULL, 'Vi', 'Vi', 'Querían irse', '', 'SRC-02', '81', '81', 'Transcrito', 'Autorizada para difusión', 'Pendiente de validación lingüística');
INSERT INTO senses VALUES ('RD-002304-S01', 'RD-002304', 1, 'Querían irse');
INSERT INTO lexical_entries VALUES ('RD-002305', 'Simira', 'Simira', 'simira', NULL, 'Vi sg', 'Vi', '1. Pasar 2. Sobrar', '', 'SRC-02', '81', '81', 'Transcrito', 'Autorizada para difusión', 'Pendiente de validación lingüística');
INSERT INTO senses VALUES ('RD-002305-S01', 'RD-002305', 1, 'Pasar');
INSERT INTO senses VALUES ('RD-002305-S02', 'RD-002305', 2, 'Sobrar');
INSERT INTO lexical_entries VALUES ('RD-002306', 'Simíriami', 'Simíriami', 'simiriami', NULL, 'Adj', 'Adj', 'Sobrante, demás', '', 'SRC-02', '81', '81', 'Transcrito', 'Autorizada para difusión', 'Pendiente de validación lingüística');
INSERT INTO senses VALUES ('RD-002306-S01', 'RD-002306', 1, 'Sobrante, demás');
INSERT INTO lexical_entries VALUES ('RD-002307', 'Simuchí', 'Simuchí', 'simuchi', NULL, 'S', 'S', 'Colibrí, chupamirto', '', 'SRC-02', '81', '81', 'Transcrito', 'Autorizada para difusión', 'Pendiente de validación lingüística');
INSERT INTO senses VALUES ('RD-002307-S01', 'RD-002307', 1, 'Colibrí, chupamirto');
INSERT INTO lexical_entries VALUES ('RD-002308', 'Siná', 'Siná', 'sina', NULL, 'Vi sg', 'Vi', 'Gritar', '', 'SRC-02', '81', '81', 'Transcrito', 'Autorizada para difusión', 'Pendiente de validación lingüística');
INSERT INTO senses VALUES ('RD-002308-S01', 'RD-002308', 1, 'Gritar');
INSERT INTO lexical_entries VALUES ('RD-002309', 'Siné', 'Siné', 'sine', NULL, '', 'Sin clasificar', '1. s Vez 2. adj Uno', '', 'SRC-02', '81', '81', 'Transcrito', 'Autorizada para difusión', 'Pendiente de validación lingüística');
INSERT INTO senses VALUES ('RD-002309-S01', 'RD-002309', 1, 's Vez');
INSERT INTO senses VALUES ('RD-002309-S02', 'RD-002309', 2, 'adj Uno');
INSERT INTO lexical_entries VALUES ('RD-002310', 'Si’néami', 'Si’néami', 'si''neami', NULL, 'Adj, s', 'Adj', 'Todo, toda la gente', '', 'SRC-02', '81', '81', 'Transcrito', 'Autorizada para difusión', 'Pendiente de validación lingüística');
INSERT INTO senses VALUES ('RD-002310-S01', 'RD-002310', 1, 'Todo, toda la gente');
INSERT INTO lexical_entries VALUES ('RD-002311', 'Sinibí', 'Sinibí', 'sinibi', NULL, 'Adv', 'Adv', 'Siempre', '', 'SRC-02', '81', '81', 'Transcrito', 'Autorizada para difusión', 'Pendiente de validación lingüística');
INSERT INTO senses VALUES ('RD-002311-S01', 'RD-002311', 1, 'Siempre');
INSERT INTO lexical_entries VALUES ('RD-002312', 'Sinohui', 'Sinohui', 'sinohui', NULL, 'S', 'S', 'Culebras, víboras (de todos tipos)', '', 'SRC-02', '81', '81', 'Transcrito', 'Autorizada para difusión', 'Pendiente de validación lingüística');
INSERT INTO senses VALUES ('RD-002312-S01', 'RD-002312', 1, 'Culebras, víboras (de todos tipos)');
INSERT INTO lexical_entries VALUES ('RD-002313', 'Sinomí', 'Sinomí', 'sinomi', NULL, 'Adv', 'Adv', 'A veces, de vez en cuando', '', 'SRC-02', '81', '81', 'Transcrito', 'Autorizada para difusión', 'Pendiente de validación lingüística');
INSERT INTO senses VALUES ('RD-002313-S01', 'RD-002313', 1, 'A veces, de vez en cuando');
INSERT INTO lexical_entries VALUES ('RD-002314', 'Si’nú', 'Si’nú', 'si''nu', NULL, 'Adj sing', 'Adj', 'Distinto, diferente', '', 'SRC-02', '81', '81', 'Transcrito', 'Autorizada para difusión', 'Pendiente de validación lingüística');
INSERT INTO senses VALUES ('RD-002314-S01', 'RD-002314', 1, 'Distinto, diferente');
INSERT INTO lexical_entries VALUES ('RD-002315', 'Si’núrigá', 'Si’núrigá', 'si''nuriga', NULL, '', 'Sin clasificar', 'Al contrario', '', 'SRC-02', '81', '81', 'Transcrito', 'Autorizada para difusión', 'Pendiente de validación lingüística');
INSERT INTO senses VALUES ('RD-002315-S01', 'RD-002315', 1, 'Al contrario');
INSERT INTO lexical_entries VALUES ('RD-002316', 'Si’orí', 'Si’orí', 'si''ori', NULL, 'S', 'S', '1. Abeja 2. Mosca', '', 'SRC-02', '81', '81', 'Transcrito', 'Autorizada para difusión', 'Pendiente de validación lingüística');
INSERT INTO senses VALUES ('RD-002316-S01', 'RD-002316', 1, 'Abeja');
INSERT INTO senses VALUES ('RD-002316-S02', 'RD-002316', 2, 'Mosca');
INSERT INTO lexical_entries VALUES ('RD-002317', 'Sipá', 'Sipá', 'sipa', NULL, 'Vt', 'Vt', 'Rascar, lijar, raspar, cepillar', '', 'SRC-02', '81', '81', 'Transcrito', 'Autorizada para difusión', 'Pendiente de validación lingüística');
INSERT INTO senses VALUES ('RD-002317-S01', 'RD-002317', 1, 'Rascar, lijar, raspar, cepillar');
INSERT INTO lexical_entries VALUES ('RD-002318', 'Sipáami', 'Sipáami', 'sipaami', NULL, 'S', 'S', 'Curandero, hechicero (que raspa una hueja o jícara con un palito y canta)', '', 'SRC-02', '81', '81', 'Transcrito', 'Autorizada para difusión', 'Pendiente de validación lingüística');
INSERT INTO senses VALUES ('RD-002318-S01', 'RD-002318', 1, 'Curandero, hechicero (que raspa una hueja o jícara con un palito y canta)');
INSERT INTO lexical_entries VALUES ('RD-002319', 'Sipabú', 'Sipabú', 'sipabu', NULL, 'Vt', 'Vt', 'Hechizar', '', 'SRC-02', '81', '81', 'Transcrito', 'Autorizada para difusión', 'Pendiente de validación lingüística');
INSERT INTO senses VALUES ('RD-002319-S01', 'RD-002319', 1, 'Hechizar');
INSERT INTO lexical_entries VALUES ('RD-002320', 'Siparí', 'Siparí', 'sipari', NULL, 'S', 'S', 'Ejote', '', 'SRC-02', '81', '81', 'Transcrito', 'Autorizada para difusión', 'Pendiente de validación lingüística');
INSERT INTO senses VALUES ('RD-002320-S01', 'RD-002320', 1, 'Ejote');
INSERT INTO lexical_entries VALUES ('RD-002321', 'Sipé', 'Sipé', 'sipe', NULL, 'S', 'S', 'Tipo de hierba de la milpa', '', 'SRC-02', '81', '81', 'Transcrito', 'Autorizada para difusión', 'Pendiente de validación lingüística');
INSERT INTO senses VALUES ('RD-002321-S01', 'RD-002321', 1, 'Tipo de hierba de la milpa');
INSERT INTO lexical_entries VALUES ('RD-002322', 'Sipée', 'Sipée', 'sipee', NULL, 'S', 'S', 'Espejo', '', 'SRC-02', '81', '81', 'Transcrito', 'Autorizada para difusión', 'Pendiente de validación lingüística');
INSERT INTO senses VALUES ('RD-002322-S01', 'RD-002322', 1, 'Espejo');
INSERT INTO lexical_entries VALUES ('RD-002323', 'Sipí', 'Sipí', 'sipi', NULL, 'Vi', 'Vi', 'Enfriarse (p. ej.: comida, agua)', '', 'SRC-02', '81', '81', 'Transcrito', 'Autorizada para difusión', 'Pendiente de validación lingüística');
INSERT INTO senses VALUES ('RD-002323-S01', 'RD-002323', 1, 'Enfriarse (p. ej.: comida, agua)');
INSERT INTO lexical_entries VALUES ('RD-002324', 'Sipichá', 'Sipichá', 'sipicha', NULL, 'Vt', 'Vt', 'Enfriar (lo que estaba en la lumbre)', '', 'SRC-02', '81', '81', 'Transcrito', 'Autorizada para difusión', 'Pendiente de validación lingüística');
INSERT INTO senses VALUES ('RD-002324-S01', 'RD-002324', 1, 'Enfriar (lo que estaba en la lumbre)');
INSERT INTO lexical_entries VALUES ('RD-002325', 'Sipirú', 'Sipirú', 'sipiru', NULL, 'Vt', 'Vt', 'Pelar, mondar', '', 'SRC-02', '81', '81', 'Transcrito', 'Autorizada para difusión', 'Pendiente de validación lingüística');
INSERT INTO senses VALUES ('RD-002325-S01', 'RD-002325', 1, 'Pelar, mondar');
INSERT INTO lexical_entries VALUES ('RD-002326', 'Sipiyoni', 'Sipiyoni', 'sipiyoni', NULL, 'S', 'S', 'Sarampión', '', 'SRC-02', '81', '81', 'Transcrito', 'Autorizada para difusión', 'Pendiente de validación lingüística');
INSERT INTO senses VALUES ('RD-002326-S01', 'RD-002326', 1, 'Sarampión');
INSERT INTO lexical_entries VALUES ('RD-002327', 'Sipucha', 'Sipucha', 'sipucha', NULL, 'S', 'S', 'Falda, enaguas', '', 'SRC-02', '81', '81', 'Transcrito', 'Autorizada para difusión', 'Pendiente de validación lingüística');
INSERT INTO senses VALUES ('RD-002327-S01', 'RD-002327', 1, 'Falda, enaguas');
INSERT INTO lexical_entries VALUES ('RD-002328', 'Sipura', 'Sipura', 'sipura', NULL, 'S', 'S', 'Tipo de encino (con hojas pequeñas)', '', 'SRC-02', '81', '81', 'Transcrito', 'Autorizada para difusión', 'Pendiente de validación lingüística');
INSERT INTO senses VALUES ('RD-002328-S01', 'RD-002328', 1, 'Tipo de encino (con hojas pequeñas)');
INSERT INTO lexical_entries VALUES ('RD-002329', 'Sipúrahua', 'Sipúrahua', 'sipurahua', NULL, 'S', 'S', 'Tipo de encino (con hojas pequeñas)', '', 'SRC-02', '81', '81', 'Transcrito', 'Autorizada para difusión', 'Pendiente de validación lingüística');
INSERT INTO senses VALUES ('RD-002329-S01', 'RD-002329', 1, 'Tipo de encino (con hojas pequeñas)');
INSERT INTO lexical_entries VALUES ('RD-002330', 'Sipurí, sipúruhui', 'Sipurí, sipúruhui', 'sipuri, sipuruhui', NULL, 'S', 'S', 'Tarántula', '', 'SRC-02', '81', '81', 'Transcrito', 'Autorizada para difusión', 'Pendiente de validación lingüística');
INSERT INTO senses VALUES ('RD-002330-S01', 'RD-002330', 1, 'Tarántula');
INSERT INTO variants VALUES ('RD-002330-V01', 'RD-002330', 1, 'sipúruhui');
INSERT INTO lexical_entries VALUES ('RD-002331', 'Siqué', 'Siqué', 'sique', NULL, 'Vi', 'Vi', 'Tener brazo', '', 'SRC-02', '81', '81', 'Transcrito', 'Autorizada para difusión', 'Pendiente de validación lingüística');
INSERT INTO senses VALUES ('RD-002331-S01', 'RD-002331', 1, 'Tener brazo');
INSERT INTO lexical_entries VALUES ('RD-002332', 'Siquimea', 'Siquimea', 'siquimea', NULL, '', 'Sin clasificar', 'Trasquilará', '', 'SRC-02', '81', '81', 'Transcrito', 'Autorizada para difusión', 'Pendiente de validación lingüística');
INSERT INTO senses VALUES ('RD-002332-S01', 'RD-002332', 1, 'Trasquilará');
INSERT INTO lexical_entries VALUES ('RD-002333', 'Siquiré', 'Siquiré', 'siquire', NULL, 'Vt', 'Vt', 'Cortar (con un cuchillo)', '', 'SRC-02', '81', '81', 'Transcrito', 'Autorizada para difusión', 'Pendiente de validación lingüística');
INSERT INTO senses VALUES ('RD-002333-S01', 'RD-002333', 1, 'Cortar (con un cuchillo)');
INSERT INTO lexical_entries VALUES ('RD-002334', 'Siquiríchi', 'Siquiríchi', 'siquirichi', NULL, 'S', 'S', 'Gavilán (amarillo, pequeño)', '', 'SRC-02', '81', '81', 'Transcrito', 'Autorizada para difusión', 'Pendiente de validación lingüística');
INSERT INTO senses VALUES ('RD-002334-S01', 'RD-002334', 1, 'Gavilán (amarillo, pequeño)');
INSERT INTO lexical_entries VALUES ('RD-002335', 'Sirá', 'Sirá', 'sira', NULL, 'S', 'S', 'Lanza (que llevan en semana santa)', '', 'SRC-02', '81', '81', 'Transcrito', 'Autorizada para difusión', 'Pendiente de validación lingüística');
INSERT INTO senses VALUES ('RD-002335-S01', 'RD-002335', 1, 'Lanza (que llevan en semana santa)');
INSERT INTO lexical_entries VALUES ('RD-002336', 'Sira', 'Sira', 'sira', NULL, 'Vi', 'Vi', 'Ir', '', 'SRC-02', '81', '81', 'Transcrito', 'Autorizada para difusión', 'Pendiente de validación lingüística');
INSERT INTO senses VALUES ('RD-002336-S01', 'RD-002336', 1, 'Ir');
INSERT INTO lexical_entries VALUES ('RD-002337', 'Siré', 'Siré', 'sire', NULL, 'S', 'S', 'Cierta mata con hojas angostas que crece en tierra caliente. La usan para hacer canastas, o en semana santa, para hacer flores para la fiesta', '', 'SRC-02', '81', '82', 'Transcrito', 'Autorizada para difusión', 'Pendiente de validación lingüística');
INSERT INTO senses VALUES ('RD-002337-S01', 'RD-002337', 1, 'Cierta mata con hojas angostas que crece en tierra caliente. La usan para hacer canastas, o en semana santa, para hacer flores para la fiesta');
INSERT INTO lexical_entries VALUES ('RD-002338', 'Si’rí', 'Si’rí', 'si''ri', NULL, 'Vi', 'Vi', 'Ahogarse', '', 'SRC-02', '82', '82', 'Transcrito', 'Autorizada para difusión', 'Pendiente de validación lingüística');
INSERT INTO senses VALUES ('RD-002338-S01', 'RD-002338', 1, 'Ahogarse');
INSERT INTO lexical_entries VALUES ('RD-002339', 'Siri', '1Siri', 'siri', '1', 'S', 'S', 'Tijera', '', 'SRC-02', '82', '82', 'Transcrito', 'Autorizada para difusión', 'Pendiente de validación lingüística');
INSERT INTO senses VALUES ('RD-002339-S01', 'RD-002339', 1, 'Tijera');
INSERT INTO lexical_entries VALUES ('RD-002340', 'Siri', '2Siri', 'siri', '2', '', 'Sin clasificar', 'Llegaron', '', 'SRC-02', '82', '82', 'Transcrito', 'Autorizada para difusión', 'Pendiente de validación lingüística');
INSERT INTO senses VALUES ('RD-002340-S01', 'RD-002340', 1, 'Llegaron');
INSERT INTO lexical_entries VALUES ('RD-002341', 'Siríami', 'Siríami', 'siriami', NULL, 'S', 'S', 'Gobernador tradicional', '', 'SRC-02', '82', '82', 'Transcrito', 'Autorizada para difusión', 'Pendiente de validación lingüística');
INSERT INTO senses VALUES ('RD-002341-S01', 'RD-002341', 1, 'Gobernador tradicional');
INSERT INTO lexical_entries VALUES ('RD-002342', 'Si’richá', 'Si’richá', 'si''richa', NULL, 'S', 'S', 'Tipo de hongo venenoso', '', 'SRC-02', '82', '82', 'Transcrito', 'Autorizada para difusión', 'Pendiente de validación lingüística');
INSERT INTO senses VALUES ('RD-002342-S01', 'RD-002342', 1, 'Tipo de hongo venenoso');
INSERT INTO lexical_entries VALUES ('RD-002343', 'Si’rú', 'Si’rú', 'si''ru', NULL, 'Vi', 'Vi', 'Arrugarse', '', 'SRC-02', '82', '82', 'Transcrito', 'Autorizada para difusión', 'Pendiente de validación lingüística');
INSERT INTO senses VALUES ('RD-002343-S01', 'RD-002343', 1, 'Arrugarse');
INSERT INTO lexical_entries VALUES ('RD-002344', 'Sirú', 'Sirú', 'siru', NULL, 'Vt', 'Vt', 'Cazar, pescar', '', 'SRC-02', '82', '82', 'Transcrito', 'Autorizada para difusión', 'Pendiente de validación lingüística');
INSERT INTO senses VALUES ('RD-002344-S01', 'RD-002344', 1, 'Cazar, pescar');
INSERT INTO lexical_entries VALUES ('RD-002345', 'Sirúami', 'Sirúami', 'siruami', NULL, 'S', 'S', 'Cazador', '', 'SRC-02', '82', '82', 'Transcrito', 'Autorizada para difusión', 'Pendiente de validación lingüística');
INSERT INTO senses VALUES ('RD-002345-S01', 'RD-002345', 1, 'Cazador');
INSERT INTO lexical_entries VALUES ('RD-002346', 'Si’runá', 'Si’runá', 'si''runa', NULL, 'Vt', 'Vt', '1. Arrugar, plegar 2. Aflojar', '', 'SRC-02', '82', '82', 'Transcrito', 'Autorizada para difusión', 'Pendiente de validación lingüística');
INSERT INTO senses VALUES ('RD-002346-S01', 'RD-002346', 1, 'Arrugar, plegar');
INSERT INTO senses VALUES ('RD-002346-S02', 'RD-002346', 2, 'Aflojar');
INSERT INTO lexical_entries VALUES ('RD-002347', 'Sisa', 'Sisa', 'sisa', NULL, '', 'Sin clasificar', 'Llegando', '', 'SRC-02', '82', '82', 'Transcrito', 'Autorizada para difusión', 'Pendiente de validación lingüística');
INSERT INTO senses VALUES ('RD-002347-S01', 'RD-002347', 1, 'Llegando');
INSERT INTO lexical_entries VALUES ('RD-002348', 'Sísari', 'Sísari', 'sisari', NULL, 'Vi', 'Vi', 'Siguieron haciéndolo', '', 'SRC-02', '82', '82', 'Transcrito', 'Autorizada para difusión', 'Pendiente de validación lingüística');
INSERT INTO senses VALUES ('RD-002348-S01', 'RD-002348', 1, 'Siguieron haciéndolo');
INSERT INTO lexical_entries VALUES ('RD-002349', 'Sisí', 'Sisí', 'sisi', NULL, 'Imper', 'Imper', '¡Vénganse!', '', 'SRC-02', '82', '82', 'Transcrito', 'Autorizada para difusión', 'Pendiente de validación lingüística');
INSERT INTO senses VALUES ('RD-002349-S01', 'RD-002349', 1, '¡Vénganse!');
INSERT INTO lexical_entries VALUES ('RD-002350', 'Sitá', '1Sitá', 'sita', '1', 'Vi', 'Vi', 'Resbalarse', '', 'SRC-02', '82', '82', 'Transcrito', 'Autorizada para difusión', 'Pendiente de validación lingüística');
INSERT INTO senses VALUES ('RD-002350-S01', 'RD-002350', 1, 'Resbalarse');
INSERT INTO lexical_entries VALUES ('RD-002351', 'Sitá', '2Sitá', 'sita', '2', 'S', 'S', 'Tinta (colorada, de la tierra, con que se pintan los tambores)', '', 'SRC-02', '82', '82', 'Transcrito', 'Autorizada para difusión', 'Pendiente de validación lingüística');
INSERT INTO senses VALUES ('RD-002351-S01', 'RD-002351', 1, 'Tinta (colorada, de la tierra, con que se pintan los tambores)');
INSERT INTO lexical_entries VALUES ('RD-002352', 'Sitágapa', 'Sitágapa', 'sitagapa', NULL, 'Vi', 'Vi', 'Ponerse colorado', '', 'SRC-02', '82', '82', 'Transcrito', 'Autorizada para difusión', 'Pendiente de validación lingüística');
INSERT INTO senses VALUES ('RD-002352-S01', 'RD-002352', 1, 'Ponerse colorado');
INSERT INTO lexical_entries VALUES ('RD-002353', 'Sitana', 'Sitana', 'sitana', NULL, 'Vi', 'Vi', 'Rojear, enrojecer', '', 'SRC-02', '82', '82', 'Transcrito', 'Autorizada para difusión', 'Pendiente de validación lingüística');
INSERT INTO senses VALUES ('RD-002353-S01', 'RD-002353', 1, 'Rojear, enrojecer');
INSERT INTO lexical_entries VALUES ('RD-002354', 'Sitánahua', 'Sitánahua', 'sitanahua', NULL, 'Vi', 'Vi', 'Pintar de rojo', '', 'SRC-02', '82', '82', 'Transcrito', 'Autorizada para difusión', 'Pendiente de validación lingüística');
INSERT INTO senses VALUES ('RD-002354-S01', 'RD-002354', 1, 'Pintar de rojo');
INSERT INTO lexical_entries VALUES ('RD-002355', 'Sití', 'Sití', 'siti', NULL, 'Adj', 'Adj', 'Feo, que no sirve', '', 'SRC-02', '82', '82', 'Transcrito', 'Autorizada para difusión', 'Pendiente de validación lingüística');
INSERT INTO senses VALUES ('RD-002355-S01', 'RD-002355', 1, 'Feo, que no sirve');
INSERT INTO lexical_entries VALUES ('RD-002356', 'Sitó', 'Sitó', 'sito', NULL, 'S', 'S', 'Esquina, codo', '', 'SRC-02', '82', '82', 'Transcrito', 'Autorizada para difusión', 'Pendiente de validación lingüística');
INSERT INTO senses VALUES ('RD-002356-S01', 'RD-002356', 1, 'Esquina, codo');
INSERT INTO lexical_entries VALUES ('RD-002357', 'Sitochi', 'Sitochi', 'sitochi', NULL, '', 'Sin clasificar', 'En la esquina o rincón', '', 'SRC-02', '82', '82', 'Transcrito', 'Autorizada para difusión', 'Pendiente de validación lingüística');
INSERT INTO senses VALUES ('RD-002357-S01', 'RD-002357', 1, 'En la esquina o rincón');
INSERT INTO lexical_entries VALUES ('RD-002358', 'Sitúra', 'Sitúra', 'situra', NULL, 'Vi', 'Vi', 'Estar redondo', '', 'SRC-02', '82', '82', 'Transcrito', 'Autorizada para difusión', 'Pendiente de validación lingüística');
INSERT INTO senses VALUES ('RD-002358-S01', 'RD-002358', 1, 'Estar redondo');
INSERT INTO lexical_entries VALUES ('RD-002359', 'Sitúrami', 'Sitúrami', 'siturami', NULL, 'Adj', 'Adj', 'Redondo', '', 'SRC-02', '82', '82', 'Transcrito', 'Autorizada para difusión', 'Pendiente de validación lingüística');
INSERT INTO senses VALUES ('RD-002359-S01', 'RD-002359', 1, 'Redondo');
INSERT INTO lexical_entries VALUES ('RD-002360', 'Sitúrohua', 'Sitúrohua', 'siturohua', NULL, 'Vt', 'Vt', 'Hacer redondo', '', 'SRC-02', '82', '82', 'Transcrito', 'Autorizada para difusión', 'Pendiente de validación lingüística');
INSERT INTO senses VALUES ('RD-002360-S01', 'RD-002360', 1, 'Hacer redondo');
INSERT INTO lexical_entries VALUES ('RD-002361', 'Si´yá', 'Si´yá', 'si´ya', NULL, 'S', 'S', 'Suegro', '', 'SRC-02', '82', '82', 'Transcrito', 'Autorizada para difusión', 'Pendiente de validación lingüística');
INSERT INTO senses VALUES ('RD-002361-S01', 'RD-002361', 1, 'Suegro');
INSERT INTO lexical_entries VALUES ('RD-002362', 'Siyete', 'Siyete', 'siyete', NULL, '', 'Sin clasificar', 'Llegamos', '', 'SRC-02', '82', '82', 'Transcrito', 'Autorizada para difusión', 'Pendiente de validación lingüística');
INSERT INTO senses VALUES ('RD-002362-S01', 'RD-002362', 1, 'Llegamos');
INSERT INTO lexical_entries VALUES ('RD-002363', 'Siyona', 'Siyona', 'siyona', NULL, 'Vi', 'Vi', 'Ser verde, ser azul', '', 'SRC-02', '82', '82', 'Transcrito', 'Autorizada para difusión', 'Pendiente de validación lingüística');
INSERT INTO senses VALUES ('RD-002363-S01', 'RD-002363', 1, 'Ser verde, ser azul');
INSERT INTO lexical_entries VALUES ('RD-002364', 'Siyónahua', 'Siyónahua', 'siyonahua', NULL, 'Vt', 'Vt', 'Pintar de verde o de azul', '', 'SRC-02', '82', '82', 'Transcrito', 'Autorizada para difusión', 'Pendiente de validación lingüística');
INSERT INTO senses VALUES ('RD-002364-S01', 'RD-002364', 1, 'Pintar de verde o de azul');
INSERT INTO lexical_entries VALUES ('RD-002365', 'Siyónami', 'Siyónami', 'siyonami', NULL, 'Adj', 'Adj', 'Verde, azul', '', 'SRC-02', '82', '82', 'Transcrito', 'Autorizada para difusión', 'Pendiente de validación lingüística');
INSERT INTO senses VALUES ('RD-002365-S01', 'RD-002365', 1, 'Verde, azul');
INSERT INTO lexical_entries VALUES ('RD-002366', 'So', 'So', 'so', NULL, 'S', 'S', 'Cierta clase de palma (la utilizan para hacer tiras delgadas con que se amarran trastrojo y otras cosas)', '', 'SRC-02', '82', '82', 'Transcrito', 'Autorizada para difusión', 'Pendiente de validación lingüística');
INSERT INTO senses VALUES ('RD-002366-S01', 'RD-002366', 1, 'Cierta clase de palma (la utilizan para hacer tiras delgadas con que se amarran trastrojo y otras cosas)');
INSERT INTO lexical_entries VALUES ('RD-002367', 'Sobá', 'Sobá', 'soba', NULL, 'Vi', 'Vi', 'Atascarse', '', 'SRC-02', '82', '82', 'Transcrito', 'Autorizada para difusión', 'Pendiente de validación lingüística');
INSERT INTO senses VALUES ('RD-002367-S01', 'RD-002367', 1, 'Atascarse');
INSERT INTO lexical_entries VALUES ('RD-002368', 'Socaní', 'Socaní', 'socani', NULL, 'Vi', 'Vi', 'Estar blando', '', 'SRC-02', '82', '82', 'Transcrito', 'Autorizada para difusión', 'Pendiente de validación lingüística');
INSERT INTO senses VALUES ('RD-002368-S01', 'RD-002368', 1, 'Estar blando');
INSERT INTO lexical_entries VALUES ('RD-002369', 'Socorá', 'Socorá', 'socora', NULL, 'S', 'S', 'Lagaña', '', 'SRC-02', '82', '82', 'Transcrito', 'Autorizada para difusión', 'Pendiente de validación lingüística');
INSERT INTO senses VALUES ('RD-002369-S01', 'RD-002369', 1, 'Lagaña');
INSERT INTO lexical_entries VALUES ('RD-002370', 'Socorachi', 'Socorachi', 'socorachi', NULL, 'S', 'S', 'Pájaro carpintero (con cabeza colorada)', '', 'SRC-02', '82', '82', 'Transcrito', 'Autorizada para difusión', 'Pendiente de validación lingüística');
INSERT INTO senses VALUES ('RD-002370-S01', 'RD-002370', 1, 'Pájaro carpintero (con cabeza colorada)');
INSERT INTO lexical_entries VALUES ('RD-002371', 'Socuara', 'Socuara', 'socuara', NULL, 'Vi', 'Vi', 'Calentarse (a la lumbre)', '', 'SRC-02', '82', '82', 'Transcrito', 'Autorizada para difusión', 'Pendiente de validación lingüística');
INSERT INTO senses VALUES ('RD-002371-S01', 'RD-002371', 1, 'Calentarse (a la lumbre)');
INSERT INTO lexical_entries VALUES ('RD-002372', 'Soguí', 'Soguí', 'sogui', NULL, 'Adv', 'Adv', 'Casi', '', 'SRC-02', '82', '82', 'Transcrito', 'Autorizada para difusión', 'Pendiente de validación lingüística');
INSERT INTO senses VALUES ('RD-002372-S01', 'RD-002372', 1, 'Casi');
INSERT INTO lexical_entries VALUES ('RD-002373', 'So’huá', 'So’huá', 'so''hua', NULL, 'S pl', 'S', 'Espinas', '', 'SRC-02', '82', '82', 'Transcrito', 'Autorizada para difusión', 'Pendiente de validación lingüística');
INSERT INTO senses VALUES ('RD-002373-S01', 'RD-002373', 1, 'Espinas');
INSERT INTO lexical_entries VALUES ('RD-002374', 'Sohuaca', 'Sohuaca', 'sohuaca', NULL, 'Vi', 'Vi', 'Sonar al resoplar o al respirar', '', 'SRC-02', '82', '82', 'Transcrito', 'Autorizada para difusión', 'Pendiente de validación lingüística');
INSERT INTO senses VALUES ('RD-002374-S01', 'RD-002374', 1, 'Sonar al resoplar o al respirar');
INSERT INTO lexical_entries VALUES ('RD-002375', 'So’hué', 'So’hué', 'so''hue', NULL, 'S', 'S', 'Golondrina', '', 'SRC-02', '82', '82', 'Transcrito', 'Autorizada para difusión', 'Pendiente de validación lingüística');
INSERT INTO senses VALUES ('RD-002375-S01', 'RD-002375', 1, 'Golondrina');
INSERT INTO lexical_entries VALUES ('RD-002376', 'So’huí, so’uhuí', 'So’huí, so’uhuí', 'so''hui, so''uhui', NULL, 'Vi', 'Vi', 'Espinarse', '', 'SRC-02', '82', '82', 'Transcrito', 'Autorizada para difusión', 'Pendiente de validación lingüística');
INSERT INTO senses VALUES ('RD-002376-S01', 'RD-002376', 1, 'Espinarse');
INSERT INTO variants VALUES ('RD-002376-V01', 'RD-002376', 1, 'so’uhuí');
INSERT INTO lexical_entries VALUES ('RD-002377', 'So’huira', 'So’huira', 'so''huira', NULL, 'Vt', 'Vt', 'Espinar', '', 'SRC-02', '82', '82', 'Transcrito', 'Autorizada para difusión', 'Pendiente de validación lingüística');
INSERT INTO senses VALUES ('RD-002377-S01', 'RD-002377', 1, 'Espinar');
INSERT INTO lexical_entries VALUES ('RD-002378', 'Sojobari', 'Sojobari', 'sojobari', NULL, 'S', 'S', 'Honda', '', 'SRC-02', '82', '82', 'Transcrito', 'Autorizada para difusión', 'Pendiente de validación lingüística');
INSERT INTO senses VALUES ('RD-002378-S01', 'RD-002378', 1, 'Honda');
INSERT INTO lexical_entries VALUES ('RD-002379', 'Sojuí', 'Sojuí', 'sojui', NULL, 'Vt', 'Vt', 'Cornear', '', 'SRC-02', '83', '83', 'Transcrito', 'Autorizada para difusión', 'Pendiente de validación lingüística');
INSERT INTO senses VALUES ('RD-002379-S01', 'RD-002379', 1, 'Cornear');
INSERT INTO lexical_entries VALUES ('RD-002380', 'Soma', 'Soma', 'soma', NULL, 'Vi', 'Vi', 'Lavarse la cabeza', '', 'SRC-02', '83', '83', 'Transcrito', 'Autorizada para difusión', 'Pendiente de validación lingüística');
INSERT INTO senses VALUES ('RD-002380-S01', 'RD-002380', 1, 'Lavarse la cabeza');
INSERT INTO lexical_entries VALUES ('RD-002381', 'Sonó', 'Sonó', 'sono', NULL, 'S', 'S', 'Rastrojo', '', 'SRC-02', '83', '83', 'Transcrito', 'Autorizada para difusión', 'Pendiente de validación lingüística');
INSERT INTO senses VALUES ('RD-002381-S01', 'RD-002381', 1, 'Rastrojo');
INSERT INTO lexical_entries VALUES ('RD-002382', 'Sonorá', 'Sonorá', 'sonora', NULL, 'S', 'S', 'Los pulmones', '', 'SRC-02', '83', '83', 'Transcrito', 'Autorizada para difusión', 'Pendiente de validación lingüística');
INSERT INTO senses VALUES ('RD-002382-S01', 'RD-002382', 1, 'Los pulmones');
INSERT INTO lexical_entries VALUES ('RD-002383', 'Sontarsi', 'Sontarsi', 'sontarsi', NULL, 'S', 'S', 'Soldado', '', 'SRC-02', '83', '83', 'Transcrito', 'Autorizada para difusión', 'Pendiente de validación lingüística');
INSERT INTO senses VALUES ('RD-002383-S01', 'RD-002383', 1, 'Soldado');
INSERT INTO lexical_entries VALUES ('RD-002384', 'Sopana', 'Sopana', 'sopana', NULL, 'Vt pl', 'Vt', 'Sacar tiras de palma o de cuero', '', 'SRC-02', '83', '83', 'Transcrito', 'Autorizada para difusión', 'Pendiente de validación lingüística');
INSERT INTO senses VALUES ('RD-002384-S01', 'RD-002384', 1, 'Sacar tiras de palma o de cuero');
INSERT INTO lexical_entries VALUES ('RD-002385', 'Sopétami', 'Sopétami', 'sopetami', NULL, 'S', 'S', 'Espamto (creen que un muerto sale como un animal)', '', 'SRC-02', '83', '83', 'Transcrito', 'Autorizada para difusión', 'Pendiente de validación lingüística');
INSERT INTO senses VALUES ('RD-002385-S01', 'RD-002385', 1, 'Espamto (creen que un muerto sale como un animal)');
INSERT INTO lexical_entries VALUES ('RD-002386', 'Sopichí, supuchí', 'Sopichí, supuchí', 'sopichi, supuchi', NULL, 'S', 'S', 'Murciélago', '', 'SRC-02', '83', '83', 'Transcrito', 'Autorizada para difusión', 'Pendiente de validación lingüística');
INSERT INTO senses VALUES ('RD-002386-S01', 'RD-002386', 1, 'Murciélago');
INSERT INTO variants VALUES ('RD-002386-V01', 'RD-002386', 1, 'supuchí');
INSERT INTO lexical_entries VALUES ('RD-002387', 'Soporí', 'Soporí', 'sopori', NULL, 'S', 'S', 'Estrella', '', 'SRC-02', '83', '83', 'Transcrito', 'Autorizada para difusión', 'Pendiente de validación lingüística');
INSERT INTO senses VALUES ('RD-002387-S01', 'RD-002387', 1, 'Estrella');
INSERT INTO lexical_entries VALUES ('RD-002388', 'Sopota', 'Sopota', 'sopota', NULL, 'Pp', 'Pp', 'Despeinado', '', 'SRC-02', '83', '83', 'Transcrito', 'Autorizada para difusión', 'Pendiente de validación lingüística');
INSERT INTO senses VALUES ('RD-002388-S01', 'RD-002388', 1, 'Despeinado');
INSERT INTO lexical_entries VALUES ('RD-002389', 'Sorá', 'Sorá', 'sora', NULL, 'S', 'S', 'Yesca del corazón del encino', '', 'SRC-02', '83', '83', 'Transcrito', 'Autorizada para difusión', 'Pendiente de validación lingüística');
INSERT INTO senses VALUES ('RD-002389-S01', 'RD-002389', 1, 'Yesca del corazón del encino');
INSERT INTO lexical_entries VALUES ('RD-002390', 'Soró', 'Soró', 'soro', NULL, 'S', 'S', 'Tía (hermana mayor del padre)', '', 'SRC-02', '83', '83', 'Transcrito', 'Autorizada para difusión', 'Pendiente de validación lingüística');
INSERT INTO senses VALUES ('RD-002390-S01', 'RD-002390', 1, 'Tía (hermana mayor del padre)');
INSERT INTO lexical_entries VALUES ('RD-002391', 'Sota', 'Sota', 'sota', NULL, 'Vi', 'Vi', 'Pudrirse (la madera)', '', 'SRC-02', '83', '83', 'Transcrito', 'Autorizada para difusión', 'Pendiente de validación lingüística');
INSERT INTO senses VALUES ('RD-002391-S01', 'RD-002391', 1, 'Pudrirse (la madera)');
INSERT INTO lexical_entries VALUES ('RD-002392', 'Sotóchi', '1Sotóchi', 'sotochi', '1', 'S', 'S', 'Ratoncito (amarillento, del monte)', '', 'SRC-02', '83', '83', 'Transcrito', 'Autorizada para difusión', 'Pendiente de validación lingüística');
INSERT INTO senses VALUES ('RD-002392-S01', 'RD-002392', 1, 'Ratoncito (amarillento, del monte)');
INSERT INTO lexical_entries VALUES ('RD-002393', 'Sotóchi', '2Sotóchi', 'sotochi', '2', 'Adj', 'Adj', 'Chaparro', '', 'SRC-02', '83', '83', 'Transcrito', 'Autorizada para difusión', 'Pendiente de validación lingüística');
INSERT INTO senses VALUES ('RD-002393-S01', 'RD-002393', 1, 'Chaparro');
INSERT INTO lexical_entries VALUES ('RD-002394', 'So’uhuá', 'So’uhuá', 'so''uhua', NULL, 'S sing', 'S', 'Espina', '', 'SRC-02', '83', '83', 'Transcrito', 'Autorizada para difusión', 'Pendiente de validación lingüística');
INSERT INTO senses VALUES ('RD-002394-S01', 'RD-002394', 1, 'Espina');
INSERT INTO lexical_entries VALUES ('RD-002395', 'Su', 'Su', 'su', NULL, 'Vt', 'Vt', 'Coser', '', 'SRC-02', '83', '83', 'Transcrito', 'Autorizada para difusión', 'Pendiente de validación lingüística');
INSERT INTO senses VALUES ('RD-002395-S01', 'RD-002395', 1, 'Coser');
INSERT INTO lexical_entries VALUES ('RD-002396', 'Sucú', 'Sucú', 'sucu', NULL, 'Vt', 'Vt', 'Raspar, rascarse', '', 'SRC-02', '83', '83', 'Transcrito', 'Autorizada para difusión', 'Pendiente de validación lingüística');
INSERT INTO senses VALUES ('RD-002396-S01', 'RD-002396', 1, 'Raspar, rascarse');
INSERT INTO lexical_entries VALUES ('RD-002397', 'Sucuchí', 'Sucuchí', 'sucuchi', NULL, 'S', 'S', 'En el ombligo', '', 'SRC-02', '83', '83', 'Transcrito', 'Autorizada para difusión', 'Pendiente de validación lingüística');
INSERT INTO senses VALUES ('RD-002397-S01', 'RD-002397', 1, 'En el ombligo');
INSERT INTO lexical_entries VALUES ('RD-002398', 'Sucuchú', 'Sucuchú', 'sucuchu', NULL, 'Vt', 'Vt', 'Pellizcar, rasguñar (con las uñas)', '', 'SRC-02', '83', '83', 'Transcrito', 'Autorizada para difusión', 'Pendiente de validación lingüística');
INSERT INTO senses VALUES ('RD-002398-S01', 'RD-002398', 1, 'Pellizcar, rasguñar (con las uñas)');
INSERT INTO lexical_entries VALUES ('RD-002399', 'Sucuí', 'Sucuí', 'sucui', NULL, 'S', 'S', 'Hormiga', '', 'SRC-02', '83', '83', 'Transcrito', 'Autorizada para difusión', 'Pendiente de validación lingüística');
INSERT INTO senses VALUES ('RD-002399-S01', 'RD-002399', 1, 'Hormiga');
INSERT INTO lexical_entries VALUES ('RD-002400', 'Sucuhua', 'Sucuhua', 'sucuhua', NULL, 'Vt', 'Vt', 'Llenar de hormigas', '', 'SRC-02', '83', '83', 'Transcrito', 'Autorizada para difusión', 'Pendiente de validación lingüística');
INSERT INTO senses VALUES ('RD-002400-S01', 'RD-002400', 1, 'Llenar de hormigas');
INSERT INTO lexical_entries VALUES ('RD-002401', 'Sucurú', 'Sucurú', 'sucuru', NULL, 'Vt', 'Vt', 'Hechizar', '', 'SRC-02', '83', '83', 'Transcrito', 'Autorizada para difusión', 'Pendiente de validación lingüística');
INSERT INTO senses VALUES ('RD-002401-S01', 'RD-002401', 1, 'Hechizar');
INSERT INTO lexical_entries VALUES ('RD-002402', 'Sucurúami', 'Sucurúami', 'sucuruami', NULL, 'S', 'S', 'Hechicero, brujo', '', 'SRC-02', '83', '83', 'Transcrito', 'Autorizada para difusión', 'Pendiente de validación lingüística');
INSERT INTO senses VALUES ('RD-002402-S01', 'RD-002402', 1, 'Hechicero, brujo');
INSERT INTO lexical_entries VALUES ('RD-002403', 'Suguí', 'Suguí', 'sugui', NULL, 'S', 'S', 'Tesgüino', '', 'SRC-02', '83', '83', 'Transcrito', 'Autorizada para difusión', 'Pendiente de validación lingüística');
INSERT INTO senses VALUES ('RD-002403-S01', 'RD-002403', 1, 'Tesgüino');
INSERT INTO lexical_entries VALUES ('RD-002404', 'Sugura', 'Sugura', 'sugura', NULL, 'Vi', 'Vi', 'Estar mugriento, estar roñoso', '', 'SRC-02', '83', '83', 'Transcrito', 'Autorizada para difusión', 'Pendiente de validación lingüística');
INSERT INTO senses VALUES ('RD-002404-S01', 'RD-002404', 1, 'Estar mugriento, estar roñoso');
INSERT INTO lexical_entries VALUES ('RD-002405', 'Suhuá', 'Suhuá', 'suhua', NULL, 'Vt', 'Vt', 'Acabar (completamente)', '', 'SRC-02', '83', '83', 'Transcrito', 'Autorizada para difusión', 'Pendiente de validación lingüística');
INSERT INTO senses VALUES ('RD-002405-S01', 'RD-002405', 1, 'Acabar (completamente)');
INSERT INTO lexical_entries VALUES ('RD-002406', 'Suhuaba', '1Suhuaba', 'suhuaba', '1', 'Adj', 'Adj', 'Todo', '', 'SRC-02', '83', '83', 'Transcrito', 'Autorizada para difusión', 'Pendiente de validación lingüística');
INSERT INTO senses VALUES ('RD-002406-S01', 'RD-002406', 1, 'Todo');
INSERT INTO lexical_entries VALUES ('RD-002407', 'Suhuaba', '2Suhuaba', 'suhuaba', '2', 'Vt', 'Vt', 'Destruir, acabar', '', 'SRC-02', '83', '83', 'Transcrito', 'Autorizada para difusión', 'Pendiente de validación lingüística');
INSERT INTO senses VALUES ('RD-002407-S01', 'RD-002407', 1, 'Destruir, acabar');
INSERT INTO lexical_entries VALUES ('RD-002408', 'Suhué', '1Suhué', 'suhue', '1', 'Vt', 'Vt', 'Acabar', '', 'SRC-02', '83', '83', 'Transcrito', 'Autorizada para difusión', 'Pendiente de validación lingüística');
INSERT INTO senses VALUES ('RD-002408-S01', 'RD-002408', 1, 'Acabar');
INSERT INTO lexical_entries VALUES ('RD-002409', 'Suhué', '2Suhué', 'suhue', '2', 'S', 'S', 'Orilla, borde', '', 'SRC-02', '83', '83', 'Transcrito', 'Autorizada para difusión', 'Pendiente de validación lingüística');
INSERT INTO senses VALUES ('RD-002409-S01', 'RD-002409', 1, 'Orilla, borde');
INSERT INTO lexical_entries VALUES ('RD-002410', 'Su’hué', 'Su’hué', 'su''hue', NULL, 'Adj', 'Adj', 'Bonito', '', 'SRC-02', '83', '83', 'Transcrito', 'Autorizada para difusión', 'Pendiente de validación lingüística');
INSERT INTO senses VALUES ('RD-002410-S01', 'RD-002410', 1, 'Bonito');
INSERT INTO lexical_entries VALUES ('RD-002411', 'Suhuí', 'Suhuí', 'suhui', NULL, 'Vi', 'Vi', '1. Acabarse 2. pl Morirse', '', 'SRC-02', '83', '83', 'Transcrito', 'Autorizada para difusión', 'Pendiente de validación lingüística');
INSERT INTO senses VALUES ('RD-002411-S01', 'RD-002411', 1, 'Acabarse');
INSERT INTO senses VALUES ('RD-002411-S02', 'RD-002411', 2, 'pl Morirse');
INSERT INTO lexical_entries VALUES ('RD-002412', 'Suhuíami', 'Suhuíami', 'suhuiami', NULL, 'S pl', 'S', 'Cadáveres', '', 'SRC-02', '83', '83', 'Transcrito', 'Autorizada para difusión', 'Pendiente de validación lingüística');
INSERT INTO senses VALUES ('RD-002412-S01', 'RD-002412', 1, 'Cadáveres');
INSERT INTO lexical_entries VALUES ('RD-002413', 'Suhuirá', 'Suhuirá', 'suhuira', NULL, 'S', 'S', 'Orilla', '', 'SRC-02', '83', '83', 'Transcrito', 'Autorizada para difusión', 'Pendiente de validación lingüística');
INSERT INTO senses VALUES ('RD-002413-S01', 'RD-002413', 1, 'Orilla');
INSERT INTO lexical_entries VALUES ('RD-002414', 'Sumá', 'Sumá', 'suma', NULL, 'Vt', 'Vt', 'Sobar', '', 'SRC-02', '83', '83', 'Transcrito', 'Autorizada para difusión', 'Pendiente de validación lingüística');
INSERT INTO senses VALUES ('RD-002414-S01', 'RD-002414', 1, 'Sobar');
INSERT INTO lexical_entries VALUES ('RD-002415', 'Sumuchí', 'Sumuchí', 'sumuchi', NULL, 'S', 'S', 'Chupamirto', '', 'SRC-02', '83', '83', 'Transcrito', 'Autorizada para difusión', 'Pendiente de validación lingüística');
INSERT INTO senses VALUES ('RD-002415-S01', 'RD-002415', 1, 'Chupamirto');
INSERT INTO lexical_entries VALUES ('RD-002416', 'Suní', 'Suní', 'suni', NULL, 'Vt', 'Vt', 'Terminar, acabar, cumplir', '', 'SRC-02', '83', '83', 'Transcrito', 'Autorizada para difusión', 'Pendiente de validación lingüística');
INSERT INTO senses VALUES ('RD-002416-S01', 'RD-002416', 1, 'Terminar, acabar, cumplir');
INSERT INTO lexical_entries VALUES ('RD-002417', 'Suníami', 'Suníami', 'suniami', NULL, 'Adv', 'Adv', 'En todas partes', '', 'SRC-02', '83', '83', 'Transcrito', 'Autorizada para difusión', 'Pendiente de validación lingüística');
INSERT INTO senses VALUES ('RD-002417-S01', 'RD-002417', 1, 'En todas partes');
INSERT INTO lexical_entries VALUES ('RD-002418', 'Sunú', 'Sunú', 'sunu', NULL, 'S', 'S', 'Maíz', '', 'SRC-02', '83', '83', 'Transcrito', 'Autorizada para difusión', 'Pendiente de validación lingüística');
INSERT INTO senses VALUES ('RD-002418-S01', 'RD-002418', 1, 'Maíz');
INSERT INTO lexical_entries VALUES ('RD-002419', 'Supuchí', 'Supuchí', 'supuchi', NULL, '', 'Sin clasificar', 'Murciélago', '', 'SRC-02', '83', '83', 'Transcrito', 'Autorizada para difusión', 'Pendiente de validación lingüística');
INSERT INTO senses VALUES ('RD-002419-S01', 'RD-002419', 1, 'Murciélago');
INSERT INTO lexical_entries VALUES ('RD-002420', 'Suquí', 'Suquí', 'suqui', NULL, 'S', 'S', 'Ombligo', '', 'SRC-02', '83', '83', 'Transcrito', 'Autorizada para difusión', 'Pendiente de validación lingüística');
INSERT INTO senses VALUES ('RD-002420-S01', 'RD-002420', 1, 'Ombligo');
INSERT INTO lexical_entries VALUES ('RD-002421', 'Suquícari', 'Suquícari', 'suquicari', NULL, 'S', 'S', 'Pájaro carpintero (pinto)', '', 'SRC-02', '83', '83', 'Transcrito', 'Autorizada para difusión', 'Pendiente de validación lingüística');
INSERT INTO senses VALUES ('RD-002421-S01', 'RD-002421', 1, 'Pájaro carpintero (pinto)');
INSERT INTO lexical_entries VALUES ('RD-002422', 'Su’rá', 'Su’rá', 'su''ra', NULL, 'Vi', 'Vi', '1. Aflojarse 2. Rebajar la cuenta (fig.)', '', 'SRC-02', '83', '83', 'Transcrito', 'Autorizada para difusión', 'Pendiente de validación lingüística');
INSERT INTO senses VALUES ('RD-002422-S01', 'RD-002422', 1, 'Aflojarse');
INSERT INTO senses VALUES ('RD-002422-S02', 'RD-002422', 2, 'Rebajar la cuenta (fig.)');
INSERT INTO lexical_entries VALUES ('RD-002423', 'Surá', 'Surá', 'sura', NULL, 'S', 'S', 'Corazón', '', 'SRC-02', '83', '83', 'Transcrito', 'Autorizada para difusión', 'Pendiente de validación lingüística');
INSERT INTO senses VALUES ('RD-002423-S01', 'RD-002423', 1, 'Corazón');
INSERT INTO lexical_entries VALUES ('RD-002424', 'Suré', 'Suré', 'sure', NULL, 'Vi', 'Vi', 'Tener corazón', '', 'SRC-02', '84', '84', 'Transcrito', 'Autorizada para difusión', 'Pendiente de validación lingüística');
INSERT INTO senses VALUES ('RD-002424-S01', 'RD-002424', 1, 'Tener corazón');
INSERT INTO lexical_entries VALUES ('RD-002425', 'Surí', 'Surí', 'suri', NULL, 'Vi', 'Vi', '1. No querer convidar 2. No querer dejarle ir', '', 'SRC-02', '84', '84', 'Transcrito', 'Autorizada para difusión', 'Pendiente de validación lingüística');
INSERT INTO senses VALUES ('RD-002425-S01', 'RD-002425', 1, 'No querer convidar');
INSERT INTO senses VALUES ('RD-002425-S02', 'RD-002425', 2, 'No querer dejarle ir');
INSERT INTO lexical_entries VALUES ('RD-002426', 'Su’rina', 'Su’rina', 'su''rina', NULL, 'Vt', 'Vt', 'Soltar', '', 'SRC-02', '84', '84', 'Transcrito', 'Autorizada para difusión', 'Pendiente de validación lingüística');
INSERT INTO senses VALUES ('RD-002426-S01', 'RD-002426', 1, 'Soltar');
INSERT INTO lexical_entries VALUES ('RD-002427', 'Sutú', 'Sutú', 'sutu', NULL, 'S', 'S', 'Uña, pezuña', '', 'SRC-02', '84', '84', 'Transcrito', 'Autorizada para difusión', 'Pendiente de validación lingüística');
INSERT INTO senses VALUES ('RD-002427-S01', 'RD-002427', 1, 'Uña, pezuña');
INSERT INTO lexical_entries VALUES ('RD-002428', 'Sutubí', 'Sutubí', 'sutubi', NULL, 'Vt', 'Vt', 'Manear (a un animal)', '', 'SRC-02', '84', '84', 'Transcrito', 'Autorizada para difusión', 'Pendiente de validación lingüística');
INSERT INTO senses VALUES ('RD-002428-S01', 'RD-002428', 1, 'Manear (a un animal)');
INSERT INTO lexical_entries VALUES ('RD-002429', 'Sutubípa', 'Sutubípa', 'sutubipa', NULL, 'Vt', 'Vt', 'Soltar (el mecate con que fue maneado)', '', 'SRC-02', '84', '84', 'Transcrito', 'Autorizada para difusión', 'Pendiente de validación lingüística');
INSERT INTO senses VALUES ('RD-002429-S01', 'RD-002429', 1, 'Soltar (el mecate con que fue maneado)');
INSERT INTO lexical_entries VALUES ('RD-002430', 'Ta', '1Ta', 'ta', '1', 'Vi', 'Vi', 'Pedir', '', 'SRC-02', '84', '84', 'Transcrito', 'Autorizada para difusión', 'Pendiente de validación lingüística');
INSERT INTO senses VALUES ('RD-002430-S01', 'RD-002430', 1, 'Pedir');
INSERT INTO lexical_entries VALUES ('RD-002431', 'Ta', '2Ta', 'ta', '2', 'Adj', 'Adj', 'Chiquito', '', 'SRC-02', '84', '84', 'Transcrito', 'Autorizada para difusión', 'Pendiente de validación lingüística');
INSERT INTO senses VALUES ('RD-002431-S01', 'RD-002431', 1, 'Chiquito');
INSERT INTO lexical_entries VALUES ('RD-002432', 'Ta', '3Ta', 'ta', '3', 'Vt', 'Vt', 'Tocar (un instrumento)', '', 'SRC-02', '84', '84', 'Transcrito', 'Autorizada para difusión', 'Pendiente de validación lingüística');
INSERT INTO senses VALUES ('RD-002432-S01', 'RD-002432', 1, 'Tocar (un instrumento)');
INSERT INTO lexical_entries VALUES ('RD-002433', 'Táa', 'Táa', 'taa', NULL, 'S sing', 'S', 'Chico, infante, pequeño', '', 'SRC-02', '84', '84', 'Transcrito', 'Autorizada para difusión', 'Pendiente de validación lingüística');
INSERT INTO senses VALUES ('RD-002433-S01', 'RD-002433', 1, 'Chico, infante, pequeño');
INSERT INTO lexical_entries VALUES ('RD-002434', 'Táami', 'Táami', 'taami', NULL, 'S', 'S', 'Músico, tocador', '', 'SRC-02', '84', '84', 'Transcrito', 'Autorizada para difusión', 'Pendiente de validación lingüística');
INSERT INTO senses VALUES ('RD-002434-S01', 'RD-002434', 1, 'Músico, tocador');
INSERT INTO lexical_entries VALUES ('RD-002435', 'Tabá', 'Tabá', 'taba', NULL, 'Vi', 'Vi', 'Ponerse la zapeta (taparrabo que se lleva en lugar de pantalón)', '', 'SRC-02', '84', '84', 'Transcrito', 'Autorizada para difusión', 'Pendiente de validación lingüística');
INSERT INTO senses VALUES ('RD-002435-S01', 'RD-002435', 1, 'Ponerse la zapeta (taparrabo que se lleva en lugar de pantalón)');
INSERT INTO lexical_entries VALUES ('RD-002436', 'Taba', 'Taba', 'taba', NULL, 'Vi', 'Vi', 'Luchar', '', 'SRC-02', '84', '84', 'Transcrito', 'Autorizada para difusión', 'Pendiente de validación lingüística');
INSERT INTO senses VALUES ('RD-002436-S01', 'RD-002436', 1, 'Luchar');
INSERT INTO lexical_entries VALUES ('RD-002437', 'Tabachi', '1Tabachi', 'tabachi', '1', 'Vt', 'Vt', 'Calentar', '', 'SRC-02', '84', '84', 'Transcrito', 'Autorizada para difusión', 'Pendiente de validación lingüística');
INSERT INTO senses VALUES ('RD-002437-S01', 'RD-002437', 1, 'Calentar');
INSERT INTO lexical_entries VALUES ('RD-002438', 'Tabachi', '2Tabachi', 'tabachi', '2', 'S', 'S', 'Lugar estrecho', '', 'SRC-02', '84', '84', 'Transcrito', 'Autorizada para difusión', 'Pendiente de validación lingüística');
INSERT INTO senses VALUES ('RD-002438-S01', 'RD-002438', 1, 'Lugar estrecho');
INSERT INTO lexical_entries VALUES ('RD-002439', 'Tabachi', '3Tabachi', 'tabachi', '3', 'S', 'S', 'Zapeta (reg.)', '', 'SRC-02', '84', '84', 'Transcrito', 'Autorizada para difusión', 'Pendiente de validación lingüística');
INSERT INTO senses VALUES ('RD-002439-S01', 'RD-002439', 1, 'Zapeta (reg.)');
INSERT INTO lexical_entries VALUES ('RD-002440', 'Tábara', 'Tábara', 'tabara', NULL, 'S esp', 'S', 'Tabla', '', 'SRC-02', '84', '84', 'Transcrito', 'Autorizada para difusión', 'Pendiente de validación lingüística');
INSERT INTO senses VALUES ('RD-002440-S01', 'RD-002440', 1, 'Tabla');
INSERT INTO lexical_entries VALUES ('RD-002441', 'Tabé', 'Tabé', 'tabe', NULL, 'Adj', 'Adj', 'Más chiquito', '', 'SRC-02', '84', '84', 'Transcrito', 'Autorizada para difusión', 'Pendiente de validación lingüística');
INSERT INTO senses VALUES ('RD-002441-S01', 'RD-002441', 1, 'Más chiquito');
INSERT INTO lexical_entries VALUES ('RD-002442', 'Tabéara', 'Tabéara', 'tabeara', NULL, 'Adj', 'Adj', 'Menor', '', 'SRC-02', '84', '84', 'Transcrito', 'Autorizada para difusión', 'Pendiente de validación lingüística');
INSERT INTO senses VALUES ('RD-002442-S01', 'RD-002442', 1, 'Menor');
INSERT INTO lexical_entries VALUES ('RD-002443', 'Taca', 'Taca', 'taca', NULL, 'Vt', 'Vt', 'Tocar (instrumento musical)', '', 'SRC-02', '84', '84', 'Transcrito', 'Autorizada para difusión', 'Pendiente de validación lingüística');
INSERT INTO senses VALUES ('RD-002443-S01', 'RD-002443', 1, 'Tocar (instrumento musical)');
INSERT INTO lexical_entries VALUES ('RD-002444', 'Tamí', 'Tamí', 'tami', NULL, 'Pron', 'Pron', 'Me, a mi', '', 'SRC-02', '84', '84', 'Transcrito', 'Autorizada para difusión', 'Pendiente de validación lingüística');
INSERT INTO senses VALUES ('RD-002444-S01', 'RD-002444', 1, 'Me, a mi');
INSERT INTO lexical_entries VALUES ('RD-002445', 'Tamujé', 'Tamujé', 'tamuje', NULL, 'Pron', 'Pron', 'Nosotros', '', 'SRC-02', '84', '84', 'Transcrito', 'Autorizada para difusión', 'Pendiente de validación lingüística');
INSERT INTO senses VALUES ('RD-002445-S01', 'RD-002445', 1, 'Nosotros');
INSERT INTO lexical_entries VALUES ('RD-002446', 'Tamujé níhuara', 'Tamujé níhuara', 'tamuje nihuara', NULL, 'Pron', 'Pron', 'Nuestro', '', 'SRC-02', '84', '84', 'Transcrito', 'Autorizada para difusión', 'Pendiente de validación lingüística');
INSERT INTO senses VALUES ('RD-002446-S01', 'RD-002446', 1, 'Nuestro');
INSERT INTO lexical_entries VALUES ('RD-002447', 'Tamuro', 'Tamuro', 'tamuro', NULL, 'S', 'S', 'Mudo', '', 'SRC-02', '84', '84', 'Transcrito', 'Autorizada para difusión', 'Pendiente de validación lingüística');
INSERT INTO senses VALUES ('RD-002447-S01', 'RD-002447', 1, 'Mudo');
INSERT INTO lexical_entries VALUES ('RD-002448', 'Tana', 'Tana', 'tana', NULL, 'Vt', 'Vt', 'Pedir', '', 'SRC-02', '84', '84', 'Transcrito', 'Autorizada para difusión', 'Pendiente de validación lingüística');
INSERT INTO senses VALUES ('RD-002448-S01', 'RD-002448', 1, 'Pedir');
INSERT INTO lexical_entries VALUES ('RD-002449', 'Tanehua', 'Tanehua', 'tanehua', NULL, 'Vt', 'Vt', 'Fiar', '', 'SRC-02', '84', '84', 'Transcrito', 'Autorizada para difusión', 'Pendiente de validación lingüística');
INSERT INTO senses VALUES ('RD-002449-S01', 'RD-002449', 1, 'Fiar');
INSERT INTO lexical_entries VALUES ('RD-002450', 'Tanehui', 'Tanehui', 'tanehui', NULL, 'Vt', 'Vt', 'Prestar', '', 'SRC-02', '84', '84', 'Transcrito', 'Autorizada para difusión', 'Pendiente de validación lingüística');
INSERT INTO senses VALUES ('RD-002450-S01', 'RD-002450', 1, 'Prestar');
INSERT INTO lexical_entries VALUES ('RD-002451', 'Tani', 'Tani', 'tani', NULL, 'Vt', 'Vt', 'Rogar', '', 'SRC-02', '84', '84', 'Transcrito', 'Autorizada para difusión', 'Pendiente de validación lingüística');
INSERT INTO senses VALUES ('RD-002451-S01', 'RD-002451', 1, 'Rogar');
INSERT INTO lexical_entries VALUES ('RD-002452', 'Tapa', 'Tapa', 'tapa', NULL, 'Vt pl', 'Vt', 'Acarrear, traer (en las manos)', '', 'SRC-02', '84', '84', 'Transcrito', 'Autorizada para difusión', 'Pendiente de validación lingüística');
INSERT INTO senses VALUES ('RD-002452-S01', 'RD-002452', 1, 'Acarrear, traer (en las manos)');
INSERT INTO lexical_entries VALUES ('RD-002453', 'Tará', 'Tará', 'tara', NULL, 'Vt', 'Vt', 'Contar', '', 'SRC-02', '84', '84', 'Transcrito', 'Autorizada para difusión', 'Pendiente de validación lingüística');
INSERT INTO senses VALUES ('RD-002453-S01', 'RD-002453', 1, 'Contar');
INSERT INTO lexical_entries VALUES ('RD-002454', 'Tarapé', 'Tarapé', 'tarape', NULL, 'Adv', 'Adv', 'No', '', 'SRC-02', '84', '84', 'Transcrito', 'Autorizada para difusión', 'Pendiente de validación lingüística');
INSERT INTO senses VALUES ('RD-002454-S01', 'RD-002454', 1, 'No');
INSERT INTO lexical_entries VALUES ('RD-002455', 'Tarari', 'Tarari', 'tarari', NULL, 'S', 'S', 'Semana', '', 'SRC-02', '84', '84', 'Transcrito', 'Autorizada para difusión', 'Pendiente de validación lingüística');
INSERT INTO senses VALUES ('RD-002455-S01', 'RD-002455', 1, 'Semana');
INSERT INTO lexical_entries VALUES ('RD-002456', 'Tarí', '1Tarí', 'tari', '1', 'S', 'S', 'Semilla (para sembrar)', '', 'SRC-02', '84', '84', 'Transcrito', 'Autorizada para difusión', 'Pendiente de validación lingüística');
INSERT INTO senses VALUES ('RD-002456-S01', 'RD-002456', 1, 'Semilla (para sembrar)');
INSERT INTO lexical_entries VALUES ('RD-002457', 'Tarí', '2Tarí', 'tari', '2', 'S', 'S', 'Apuesta', '', 'SRC-02', '84', '84', 'Transcrito', 'Autorizada para difusión', 'Pendiente de validación lingüística');
INSERT INTO senses VALUES ('RD-002457-S01', 'RD-002457', 1, 'Apuesta');
INSERT INTO lexical_entries VALUES ('RD-002458', 'Tasi', 'Tasi', 'tasi', NULL, 'Adv', 'Adv', 'No', '', 'SRC-02', '84', '84', 'Transcrito', 'Autorizada para difusión', 'Pendiente de validación lingüística');
INSERT INTO senses VALUES ('RD-002458-S01', 'RD-002458', 1, 'No');
INSERT INTO lexical_entries VALUES ('RD-002459', 'Tasina', 'Tasina', 'tasina', NULL, 'Adv', 'Adv', 'Por el arroyo abajito', '', 'SRC-02', '84', '84', 'Transcrito', 'Autorizada para difusión', 'Pendiente de validación lingüística');
INSERT INTO senses VALUES ('RD-002459-S01', 'RD-002459', 1, 'Por el arroyo abajito');
INSERT INTO lexical_entries VALUES ('RD-002460', 'Tásirapé', 'Tásirapé', 'tasirape', NULL, '', 'Sin clasificar', 'No', '', 'SRC-02', '84', '84', 'Transcrito', 'Autorizada para difusión', 'Pendiente de validación lingüística');
INSERT INTO senses VALUES ('RD-002460-S01', 'RD-002460', 1, 'No');
INSERT INTO lexical_entries VALUES ('RD-002461', 'Tata', 'Tata', 'tata', NULL, 's', 'S', 'Padre', '', 'SRC-02', '84', '84', 'Transcrito', 'Autorizada para difusión', 'Pendiente de validación lingüística');
INSERT INTO senses VALUES ('RD-002461-S01', 'RD-002461', 1, 'Padre');
INSERT INTO lexical_entries VALUES ('RD-002462', 'Te', 'Te', 'te', NULL, 'Vi', 'Vi', 'Tejer, extender (hilos para tejer)', '', 'SRC-02', '84', '84', 'Transcrito', 'Autorizada para difusión', 'Pendiente de validación lingüística');
INSERT INTO senses VALUES ('RD-002462-S01', 'RD-002462', 1, 'Tejer, extender (hilos para tejer)');
INSERT INTO lexical_entries VALUES ('RD-002463', 'Teca', 'Teca', 'teca', NULL, 'Vt', 'Vt', 'Afinar el violín', '', 'SRC-02', '84', '84', 'Transcrito', 'Autorizada para difusión', 'Pendiente de validación lingüística');
INSERT INTO senses VALUES ('RD-002463-S01', 'RD-002463', 1, 'Afinar el violín');
INSERT INTO lexical_entries VALUES ('RD-002464', 'Técara', 'Técara', 'tecara', NULL, 'S', 'S', 'Cuerda de violín', '', 'SRC-02', '84', '84', 'Transcrito', 'Autorizada para difusión', 'Pendiente de validación lingüística');
INSERT INTO senses VALUES ('RD-002464-S01', 'RD-002464', 1, 'Cuerda de violín');
INSERT INTO lexical_entries VALUES ('RD-002465', 'Técuri', 'Técuri', 'tecuri', NULL, 'S pl', 'S', 'Borrachos', '', 'SRC-02', '84', '84', 'Transcrito', 'Autorizada para difusión', 'Pendiente de validación lingüística');
INSERT INTO senses VALUES ('RD-002465-S01', 'RD-002465', 1, 'Borrachos');
INSERT INTO lexical_entries VALUES ('RD-002466', 'Téeribi', 'Téeribi', 'teeribi', NULL, 'Adv', 'Adv', 'Poco tiempo', '', 'SRC-02', '84', '84', 'Transcrito', 'Autorizada para difusión', 'Pendiente de validación lingüística');
INSERT INTO senses VALUES ('RD-002466-S01', 'RD-002466', 1, 'Poco tiempo');
INSERT INTO lexical_entries VALUES ('RD-002467', 'Témari', 'Témari', 'temari', NULL, '', 'Sin clasificar', 'Jóvenes', '', 'SRC-02', '84', '84', 'Transcrito', 'Autorizada para difusión', 'Pendiente de validación lingüística');
INSERT INTO senses VALUES ('RD-002467-S01', 'RD-002467', 1, 'Jóvenes');
INSERT INTO lexical_entries VALUES ('RD-002468', 'Tera', 'Tera', 'tera', NULL, 'S', 'S', 'Telar', '', 'SRC-02', '84', '84', 'Transcrito', 'Autorizada para difusión', 'Pendiente de validación lingüística');
INSERT INTO senses VALUES ('RD-002468-S01', 'RD-002468', 1, 'Telar');
INSERT INTO lexical_entries VALUES ('RD-002469', 'Teri', 'Teri', 'teri', NULL, 'Adj', 'Adj', 'Corto', '', 'SRC-02', '85', '85', 'Transcrito', 'Autorizada para difusión', 'Pendiente de validación lingüística');
INSERT INTO senses VALUES ('RD-002469-S01', 'RD-002469', 1, 'Corto');
INSERT INTO lexical_entries VALUES ('RD-002470', 'Térico', 'Térico', 'terico', NULL, 'Adv', 'Adv', 'Al rato, ahorita', '', 'SRC-02', '85', '85', 'Transcrito', 'Autorizada para difusión', 'Pendiente de validación lingüística');
INSERT INTO senses VALUES ('RD-002470-S01', 'RD-002470', 1, 'Al rato, ahorita');
INSERT INTO lexical_entries VALUES ('RD-002471', 'Teta', 'Teta', 'teta', NULL, 'Vt', 'Vt', 'Medir por comparación', '', 'SRC-02', '85', '85', 'Transcrito', 'Autorizada para difusión', 'Pendiente de validación lingüística');
INSERT INTO senses VALUES ('RD-002471-S01', 'RD-002471', 1, 'Medir por comparación');
INSERT INTO lexical_entries VALUES ('RD-002472', 'Tétari', 'Tétari', 'tetari', NULL, 'S', 'S', 'La medida, el plazo', '', 'SRC-02', '85', '85', 'Transcrito', 'Autorizada para difusión', 'Pendiente de validación lingüística');
INSERT INTO senses VALUES ('RD-002472-S01', 'RD-002472', 1, 'La medida, el plazo');
INSERT INTO lexical_entries VALUES ('RD-002473', 'Tibá', 'Tibá', 'tiba', NULL, 'Vi', 'Vi', 'Aplastarse (un animalito en la trampa de piedras)', '', 'SRC-02', '85', '85', 'Transcrito', 'Autorizada para difusión', 'Pendiente de validación lingüística');
INSERT INTO senses VALUES ('RD-002473-S01', 'RD-002473', 1, 'Aplastarse (un animalito en la trampa de piedras)');
INSERT INTO lexical_entries VALUES ('RD-002474', 'Tibí', 'Tibí', 'tibi', NULL, 'Vi pl', 'Vi', '1. quedar, sobrar 2. Permanecer', '', 'SRC-02', '85', '85', 'Transcrito', 'Autorizada para difusión', 'Pendiente de validación lingüística');
INSERT INTO senses VALUES ('RD-002474-S01', 'RD-002474', 1, 'quedar, sobrar');
INSERT INTO senses VALUES ('RD-002474-S02', 'RD-002474', 2, 'Permanecer');
INSERT INTO lexical_entries VALUES ('RD-002475', 'Tibú', 'Tibú', 'tibu', NULL, 'Vi', 'Vi', 'Cuidar, vigilar', '', 'SRC-02', '85', '85', 'Transcrito', 'Autorizada para difusión', 'Pendiente de validación lingüística');
INSERT INTO senses VALUES ('RD-002475-S01', 'RD-002475', 1, 'Cuidar, vigilar');
INSERT INTO lexical_entries VALUES ('RD-002476', 'Tibuta', 'Tibuta', 'tibuta', NULL, 'Vt', 'Vt', 'Guardar, proteger, vigilar', '', 'SRC-02', '85', '85', 'Transcrito', 'Autorizada para difusión', 'Pendiente de validación lingüística');
INSERT INTO senses VALUES ('RD-002476-S01', 'RD-002476', 1, 'Guardar, proteger, vigilar');
INSERT INTO lexical_entries VALUES ('RD-002477', 'Tibútana', 'Tibútana', 'tibutana', NULL, 'Vt', 'Vt', 'Encomendar', '', 'SRC-02', '85', '85', 'Transcrito', 'Autorizada para difusión', 'Pendiente de validación lingüística');
INSERT INTO senses VALUES ('RD-002477-S01', 'RD-002477', 1, 'Encomendar');
INSERT INTO lexical_entries VALUES ('RD-002478', 'Tubútari', 'Tubútari', 'tubutari', NULL, 'S', 'S', 'Espantajo, espantapájaros', '', 'SRC-02', '85', '85', 'Transcrito', 'Autorizada para difusión', 'Pendiente de validación lingüística');
INSERT INTO senses VALUES ('RD-002478-S01', 'RD-002478', 1, 'Espantajo, espantapájaros');
INSERT INTO lexical_entries VALUES ('RD-002479', 'Tichí', 'Tichí', 'tichi', NULL, 'Vi', 'Vi', 'Peinar', '', 'SRC-02', '85', '85', 'Transcrito', 'Autorizada para difusión', 'Pendiente de validación lingüística');
INSERT INTO senses VALUES ('RD-002479-S01', 'RD-002479', 1, 'Peinar');
INSERT INTO lexical_entries VALUES ('RD-002480', 'Tigó, ticó', 'Tigó, ticó', 'tigo, tico', NULL, 'Vt', 'Vt', 'Cercar, hacer (con piedra)', '', 'SRC-02', '85', '85', 'Transcrito', 'Autorizada para difusión', 'Pendiente de validación lingüística');
INSERT INTO senses VALUES ('RD-002480-S01', 'RD-002480', 1, 'Cercar, hacer (con piedra)');
INSERT INTO variants VALUES ('RD-002480-V01', 'RD-002480', 1, 'ticó');
INSERT INTO lexical_entries VALUES ('RD-002481', 'Tiguina', 'Tiguina', 'tiguina', NULL, 'Vi pl', 'Vi', 'Descender', '', 'SRC-02', '85', '85', 'Transcrito', 'Autorizada para difusión', 'Pendiente de validación lingüística');
INSERT INTO senses VALUES ('RD-002481-S01', 'RD-002481', 1, 'Descender');
INSERT INTO lexical_entries VALUES ('RD-002482', 'Tihué', 'Tihué', 'tihue', NULL, 'S sing', 'S', 'Muchacha', '', 'SRC-02', '85', '85', 'Transcrito', 'Autorizada para difusión', 'Pendiente de validación lingüística');
INSERT INTO senses VALUES ('RD-002482-S01', 'RD-002482', 1, 'Muchacha');
INSERT INTO lexical_entries VALUES ('RD-002483', 'Tinicha', 'Tinicha', 'tinicha', NULL, 'Vt', 'Vt', 'Burlar, repetir (la mism cosa que uno dice)', '', 'SRC-02', '85', '85', 'Transcrito', 'Autorizada para difusión', 'Pendiente de validación lingüística');
INSERT INTO senses VALUES ('RD-002483-S01', 'RD-002483', 1, 'Burlar, repetir (la mism cosa que uno dice)');
INSERT INTO lexical_entries VALUES ('RD-002484', 'Tiquina', 'Tiquina', 'tiquina', NULL, '', 'Sin clasificar', 'Se bajan', '', 'SRC-02', '85', '85', 'Transcrito', 'Autorizada para difusión', 'Pendiente de validación lingüística');
INSERT INTO senses VALUES ('RD-002484-S01', 'RD-002484', 1, 'Se bajan');
INSERT INTO lexical_entries VALUES ('RD-002485', 'Tisó', 'Tisó', 'tiso', NULL, 'Vi', 'Vi', 'Usar bastón', '', 'SRC-02', '85', '85', 'Transcrito', 'Autorizada para difusión', 'Pendiente de validación lingüística');
INSERT INTO senses VALUES ('RD-002485-S01', 'RD-002485', 1, 'Usar bastón');
INSERT INTO lexical_entries VALUES ('RD-002486', 'Tisóta', 'Tisóta', 'tisota', NULL, 'Vi', 'Vi', 'Caminar con bastón', '', 'SRC-02', '85', '85', 'Transcrito', 'Autorizada para difusión', 'Pendiente de validación lingüística');
INSERT INTO senses VALUES ('RD-002486-S01', 'RD-002486', 1, 'Caminar con bastón');
INSERT INTO lexical_entries VALUES ('RD-002487', 'Tisora', 'Tisora', 'tisora', NULL, 'S', 'S', 'Bastón, bordón', '', 'SRC-02', '85', '85', 'Transcrito', 'Autorizada para difusión', 'Pendiente de validación lingüística');
INSERT INTO senses VALUES ('RD-002487-S01', 'RD-002487', 1, 'Bastón, bordón');
INSERT INTO lexical_entries VALUES ('RD-002488', 'Tisúhuati', 'Tisúhuati', 'tisuhuati', NULL, '', 'Sin clasificar', 'Pobres', '', 'SRC-02', '85', '85', 'Transcrito', 'Autorizada para difusión', 'Pendiente de validación lingüística');
INSERT INTO senses VALUES ('RD-002488-S01', 'RD-002488', 1, 'Pobres');
INSERT INTO lexical_entries VALUES ('RD-002489', 'To', '1To', 'to', '1', 'Vt', 'Vt', 'Llevar, tomar', '', 'SRC-02', '85', '85', 'Transcrito', 'Autorizada para difusión', 'Pendiente de validación lingüística');
INSERT INTO senses VALUES ('RD-002489-S01', 'RD-002489', 1, 'Llevar, tomar');
INSERT INTO lexical_entries VALUES ('RD-002490', 'To', '2To', 'to', '2', 'Vt', 'Vt', 'Enterrar', '', 'SRC-02', '85', '85', 'Transcrito', 'Autorizada para difusión', 'Pendiente de validación lingüística');
INSERT INTO senses VALUES ('RD-002490-S01', 'RD-002490', 1, 'Enterrar');
INSERT INTO lexical_entries VALUES ('RD-002491', 'Tobá', 'Tobá', 'toba', NULL, 'Vi', 'Vi', 'Atascarse', '', 'SRC-02', '85', '85', 'Transcrito', 'Autorizada para difusión', 'Pendiente de validación lingüística');
INSERT INTO senses VALUES ('RD-002491-S01', 'RD-002491', 1, 'Atascarse');
INSERT INTO lexical_entries VALUES ('RD-002492', 'Tócuhui', 'Tócuhui', 'tocuhui', NULL, 'S', 'S', 'Maíz (nacido para hacer tesgüino)', '', 'SRC-02', '85', '85', 'Transcrito', 'Autorizada para difusión', 'Pendiente de validación lingüística');
INSERT INTO senses VALUES ('RD-002492-S01', 'RD-002492', 1, 'Maíz (nacido para hacer tesgüino)');
INSERT INTO lexical_entries VALUES ('RD-002493', 'Tochapi', 'Tochapi', 'tochapi', NULL, 'S', 'S', 'Pajarito (con pico fino; andan en muchos juntos; vienen en el tiempo de frío)', '', 'SRC-02', '85', '85', 'Transcrito', 'Autorizada para difusión', 'Pendiente de validación lingüística');
INSERT INTO senses VALUES ('RD-002493-S01', 'RD-002493', 1, 'Pajarito (con pico fino; andan en muchos juntos; vienen en el tiempo de frío)');
INSERT INTO lexical_entries VALUES ('RD-002494', 'Tohuí', 'Tohuí', 'tohui', NULL, 'S sing', 'S', 'Muchacho, niño', '', 'SRC-02', '85', '85', 'Transcrito', 'Autorizada para difusión', 'Pendiente de validación lingüística');
INSERT INTO senses VALUES ('RD-002494-S01', 'RD-002494', 1, 'Muchacho, niño');
INSERT INTO lexical_entries VALUES ('RD-002495', 'Toná', 'Toná', 'tona', NULL, 'Vt', 'Vt', 'Poner parado', '', 'SRC-02', '85', '85', 'Transcrito', 'Autorizada para difusión', 'Pendiente de validación lingüística');
INSERT INTO senses VALUES ('RD-002495-S01', 'RD-002495', 1, 'Poner parado');
INSERT INTO lexical_entries VALUES ('RD-002496', 'Tónari', 'Tónari', 'tonari', NULL, 'S', 'S', 'Comida (de carne cocida)', '', 'SRC-02', '85', '85', 'Transcrito', 'Autorizada para difusión', 'Pendiente de validación lingüística');
INSERT INTO senses VALUES ('RD-002496-S01', 'RD-002496', 1, 'Comida (de carne cocida)');
INSERT INTO lexical_entries VALUES ('RD-002497', 'Toni', 'Toni', 'toni', NULL, 'S', 'S', 'Horcón, piedra parada, poste', '', 'SRC-02', '85', '85', 'Transcrito', 'Autorizada para difusión', 'Pendiente de validación lingüística');
INSERT INTO senses VALUES ('RD-002497-S01', 'RD-002497', 1, 'Horcón, piedra parada, poste');
INSERT INTO lexical_entries VALUES ('RD-002498', 'Toreta', 'Toreta', 'toreta', NULL, 'Vi', 'Vi', 'Cacarear', '', 'SRC-02', '85', '85', 'Transcrito', 'Autorizada para difusión', 'Pendiente de validación lingüística');
INSERT INTO senses VALUES ('RD-002498-S01', 'RD-002498', 1, 'Cacarear');
INSERT INTO lexical_entries VALUES ('RD-002499', 'Torí', 'Torí', 'tori', NULL, 'S', 'S', 'Gallina, pollo', '', 'SRC-02', '85', '85', 'Transcrito', 'Autorizada para difusión', 'Pendiente de validación lingüística');
INSERT INTO senses VALUES ('RD-002499-S01', 'RD-002499', 1, 'Gallina, pollo');
INSERT INTO lexical_entries VALUES ('RD-002500', 'Tosácami', 'Tosácami', 'tosacami', NULL, 'Adj pl', 'Adj', 'Blancos', '', 'SRC-02', '85', '85', 'Transcrito', 'Autorizada para difusión', 'Pendiente de validación lingüística');
INSERT INTO senses VALUES ('RD-002500-S01', 'RD-002500', 1, 'Blancos');
INSERT INTO lexical_entries VALUES ('RD-002501', 'Tu', '1Tu', 'tu', '1', 'Adv', 'Adv', 'Abajo (por el arroyo)', '', 'SRC-02', '85', '85', 'Transcrito', 'Autorizada para difusión', 'Pendiente de validación lingüística');
INSERT INTO senses VALUES ('RD-002501-S01', 'RD-002501', 1, 'Abajo (por el arroyo)');
INSERT INTO lexical_entries VALUES ('RD-002502', 'Tu', '2Tu', 'tu', '2', 'Vt', 'Vt', 'Traer agua, sacar agua con una hueja', '', 'SRC-02', '85', '85', 'Transcrito', 'Autorizada para difusión', 'Pendiente de validación lingüística');
INSERT INTO senses VALUES ('RD-002502-S01', 'RD-002502', 1, 'Traer agua, sacar agua con una hueja');
INSERT INTO lexical_entries VALUES ('RD-002503', 'Tuca', 'Tuca', 'tuca', NULL, 'Vt', 'Vt', 'Asar en las cenizas', '', 'SRC-02', '85', '85', 'Transcrito', 'Autorizada para difusión', 'Pendiente de validación lingüística');
INSERT INTO senses VALUES ('RD-002503-S01', 'RD-002503', 1, 'Asar en las cenizas');
INSERT INTO lexical_entries VALUES ('RD-002504', 'Túcami', 'Túcami', 'tucami', NULL, 'S', 'S', 'Asado', '', 'SRC-02', '85', '85', 'Transcrito', 'Autorizada para difusión', 'Pendiente de validación lingüística');
INSERT INTO senses VALUES ('RD-002504-S01', 'RD-002504', 1, 'Asado');
INSERT INTO lexical_entries VALUES ('RD-002505', 'Tucua', 'Tucua', 'tucua', NULL, '', 'Sin clasificar', 'Desde abajo', '', 'SRC-02', '85', '85', 'Transcrito', 'Autorizada para difusión', 'Pendiente de validación lingüística');
INSERT INTO senses VALUES ('RD-002505-S01', 'RD-002505', 1, 'Desde abajo');
INSERT INTO lexical_entries VALUES ('RD-002506', 'Tumujé', 'Tumujé', 'tumuje', NULL, 'Pron', 'Pron', 'Nosotros', '', 'SRC-02', '85', '85', 'Transcrito', 'Autorizada para difusión', 'Pendiente de validación lingüística');
INSERT INTO senses VALUES ('RD-002506-S01', 'RD-002506', 1, 'Nosotros');
INSERT INTO lexical_entries VALUES ('RD-002507', 'Turio', 'Turio', 'turio', NULL, 'S', 'S', 'Trigo', '', 'SRC-02', '85', '85', 'Transcrito', 'Autorizada para difusión', 'Pendiente de validación lingüística');
INSERT INTO senses VALUES ('RD-002507-S01', 'RD-002507', 1, 'Trigo');
INSERT INTO lexical_entries VALUES ('RD-002508', 'Turupa', 'Turupa', 'turupa', NULL, 'Vi', 'Vi', 'Tropezar', '', 'SRC-02', '85', '85', 'Transcrito', 'Autorizada para difusión', 'Pendiente de validación lingüística');
INSERT INTO senses VALUES ('RD-002508-S01', 'RD-002508', 1, 'Tropezar');
INSERT INTO lexical_entries VALUES ('RD-002509', 'Tutuburi', 'Tutuburi', 'tutuburi', NULL, 'S', 'S', 'Baile indígena', '', 'SRC-02', '85', '85', 'Transcrito', 'Autorizada para difusión', 'Pendiente de validación lingüística');
INSERT INTO senses VALUES ('RD-002509-S01', 'RD-002509', 1, 'Baile indígena');
INSERT INTO lexical_entries VALUES ('RD-002510', 'Túrusi, tútusi', 'Túrusi, tútusi', 'turusi, tutusi', NULL, 'S', 'S', 'Tipo de mata que lleva una frutita', '', 'SRC-02', '85', '85', 'Transcrito', 'Autorizada para difusión', 'Pendiente de validación lingüística');
INSERT INTO senses VALUES ('RD-002510-S01', 'RD-002510', 1, 'Tipo de mata que lleva una frutita');
INSERT INTO variants VALUES ('RD-002510-V01', 'RD-002510', 1, 'tútusi');
INSERT INTO lexical_entries VALUES ('RD-002511', 'Uba, huiba', 'Uba, huiba', 'uba, huiba', NULL, 'Vi', 'Vi', 'Bañarse', '', 'SRC-02', '86', '86', 'Transcrito', 'Autorizada para difusión', 'Pendiente de validación lingüística');
INSERT INTO senses VALUES ('RD-002511-S01', 'RD-002511', 1, 'Bañarse');
INSERT INTO variants VALUES ('RD-002511-V01', 'RD-002511', 1, 'huiba');
INSERT INTO lexical_entries VALUES ('RD-002512', 'Úca, úcari', 'Úca, úcari', 'uca, ucari', NULL, 'S', 'S', 'Espinazo', '', 'SRC-02', '86', '86', 'Transcrito', 'Autorizada para difusión', 'Pendiente de validación lingüística');
INSERT INTO senses VALUES ('RD-002512-S01', 'RD-002512', 1, 'Espinazo');
INSERT INTO variants VALUES ('RD-002512-V01', 'RD-002512', 1, 'úcari');
INSERT INTO lexical_entries VALUES ('RD-002513', 'Ucú', 'Ucú', 'ucu', NULL, 'Vi', 'Vi', 'Llover', '', 'SRC-02', '86', '86', 'Transcrito', 'Autorizada para difusión', 'Pendiente de validación lingüística');
INSERT INTO senses VALUES ('RD-002513-S01', 'RD-002513', 1, 'Llover');
INSERT INTO lexical_entries VALUES ('RD-002514', 'Ucuá', 'Ucuá', 'ucua', NULL, 'S', 'S', 'Lágrima', '', 'SRC-02', '86', '86', 'Transcrito', 'Autorizada para difusión', 'Pendiente de validación lingüística');
INSERT INTO senses VALUES ('RD-002514-S01', 'RD-002514', 1, 'Lágrima');
INSERT INTO lexical_entries VALUES ('RD-002515', 'Ucuí', 'Ucuí', 'ucui', NULL, 'S', 'S', 'Lluvia', '', 'SRC-02', '86', '86', 'Transcrito', 'Autorizada para difusión', 'Pendiente de validación lingüística');
INSERT INTO senses VALUES ('RD-002515-S01', 'RD-002515', 1, 'Lluvia');
INSERT INTO lexical_entries VALUES ('RD-002516', 'Ucuné', 'Ucuné', 'ucune', NULL, 'Vt pl', 'Vt', 'Tienen maridos', '', 'SRC-02', '86', '86', 'Transcrito', 'Autorizada para difusión', 'Pendiente de validación lingüística');
INSERT INTO senses VALUES ('RD-002516-S01', 'RD-002516', 1, 'Tienen maridos');
INSERT INTO lexical_entries VALUES ('RD-002517', 'Uchá', 'Uchá', 'ucha', NULL, 'Vt', 'Vt', 'Poner parado (animal, caja boca abajo, persona agachada, cualquier cosa en cuatro patas)', '', 'SRC-02', '86', '86', 'Transcrito', 'Autorizada para difusión', 'Pendiente de validación lingüística');
INSERT INTO senses VALUES ('RD-002517-S01', 'RD-002517', 1, 'Poner parado (animal, caja boca abajo, persona agachada, cualquier cosa en cuatro patas)');
INSERT INTO lexical_entries VALUES ('RD-002518', 'Uchaba', 'Uchaba', 'uchaba', NULL, 'Vt', 'Vt', 'Parar', '', 'SRC-02', '86', '86', 'Transcrito', 'Autorizada para difusión', 'Pendiente de validación lingüística');
INSERT INTO senses VALUES ('RD-002518-S01', 'RD-002518', 1, 'Parar');
INSERT INTO lexical_entries VALUES ('RD-002519', 'Uché', 'Uché', 'uche', NULL, 'Vt', 'Vt', '1. Untar, ungir, frotar 2. Vacunar 3. Cargar (a un animal), echar carga', '', 'SRC-02', '86', '86', 'Transcrito', 'Autorizada para difusión', 'Pendiente de validación lingüística');
INSERT INTO senses VALUES ('RD-002519-S01', 'RD-002519', 1, 'Untar, ungir, frotar');
INSERT INTO senses VALUES ('RD-002519-S02', 'RD-002519', 2, 'Vacunar');
INSERT INTO senses VALUES ('RD-002519-S03', 'RD-002519', 3, 'Cargar (a un animal), echar carga');
INSERT INTO lexical_entries VALUES ('RD-002520', 'Uchíi', 'Uchíi', 'uchii', NULL, 'Adj', 'Adj', 'Estrecho, angostito', '', 'SRC-02', '86', '86', 'Transcrito', 'Autorizada para difusión', 'Pendiente de validación lingüística');
INSERT INTO senses VALUES ('RD-002520-S01', 'RD-002520', 1, 'Estrecho, angostito');
INSERT INTO lexical_entries VALUES ('RD-002521', 'Uchú', '1Uchú', 'uchu', '1', 'Vi pl', 'Vi', 'Estar parado (animal, barco, camión de carga, persona agachada)', '', 'SRC-02', '86', '86', 'Transcrito', 'Autorizada para difusión', 'Pendiente de validación lingüística');
INSERT INTO senses VALUES ('RD-002521-S01', 'RD-002521', 1, 'Estar parado (animal, barco, camión de carga, persona agachada)');
INSERT INTO lexical_entries VALUES ('RD-002522', 'Uchú', '2Uchú', 'uchu', '2', 'Vt', 'Vt', '1. Chupar, besar 2. Picar, picotear', '', 'SRC-02', '86', '86', 'Transcrito', 'Autorizada para difusión', 'Pendiente de validación lingüística');
INSERT INTO senses VALUES ('RD-002522-S01', 'RD-002522', 1, 'Chupar, besar');
INSERT INTO senses VALUES ('RD-002522-S02', 'RD-002522', 2, 'Picar, picotear');
INSERT INTO lexical_entries VALUES ('RD-002523', 'Uchucha', '1Uchucha', 'uchucha', '1', 'Vt', 'Vt', '1. Poner parado (en las cuatro patas) 2. Dejar los animales', '', 'SRC-02', '86', '86', 'Transcrito', 'Autorizada para difusión', 'Pendiente de validación lingüística');
INSERT INTO senses VALUES ('RD-002523-S01', 'RD-002523', 1, 'Poner parado (en las cuatro patas)');
INSERT INTO senses VALUES ('RD-002523-S02', 'RD-002523', 2, 'Dejar los animales');
INSERT INTO lexical_entries VALUES ('RD-002524', 'Uchucha', '2Uchucha', 'uchucha', '2', 'Vt', 'Vt', 'Traducir (al tarahumara o al español)', '', 'SRC-02', '86', '86', 'Transcrito', 'Autorizada para difusión', 'Pendiente de validación lingüística');
INSERT INTO senses VALUES ('RD-002524-S01', 'RD-002524', 1, 'Traducir (al tarahumara o al español)');
INSERT INTO lexical_entries VALUES ('RD-002525', 'Uchupa', 'Uchupa', 'uchupa', NULL, 'Vi', 'Vi', 'Pararse de cuatro patas', '', 'SRC-02', '86', '86', 'Transcrito', 'Autorizada para difusión', 'Pendiente de validación lingüística');
INSERT INTO senses VALUES ('RD-002525-S01', 'RD-002525', 1, 'Pararse de cuatro patas');
INSERT INTO lexical_entries VALUES ('RD-002526', 'Uchurí', 'Uchurí', 'uchuri', NULL, 'S', 'S', 'Tipo de nopal que florece', '', 'SRC-02', '86', '86', 'Transcrito', 'Autorizada para difusión', 'Pendiente de validación lingüística');
INSERT INTO senses VALUES ('RD-002526-S01', 'RD-002526', 1, 'Tipo de nopal que florece');
INSERT INTO lexical_entries VALUES ('RD-002527', 'Uchurisa', 'Uchurisa', 'uchurisa', NULL, 'Vi', 'Vi', 'Volver loco', '', 'SRC-02', '86', '86', 'Transcrito', 'Autorizada para difusión', 'Pendiente de validación lingüística');
INSERT INTO senses VALUES ('RD-002527-S01', 'RD-002527', 1, 'Volver loco');
INSERT INTO lexical_entries VALUES ('RD-002528', 'Uchuta', 'Uchuta', 'uchuta', NULL, 'Vi', 'Vi', 'Andan parados en cuatro patas', '', 'SRC-02', '86', '86', 'Transcrito', 'Autorizada para difusión', 'Pendiente de validación lingüística');
INSERT INTO senses VALUES ('RD-002528-S01', 'RD-002528', 1, 'Andan parados en cuatro patas');
INSERT INTO lexical_entries VALUES ('RD-002529', 'Ujuma', 'Ujuma', 'ujuma', NULL, 'Vi pl', 'Vi', 'Correr', '', 'SRC-02', '86', '86', 'Transcrito', 'Autorizada para difusión', 'Pendiente de validación lingüística');
INSERT INTO senses VALUES ('RD-002529-S01', 'RD-002529', 1, 'Correr');
INSERT INTO lexical_entries VALUES ('RD-002530', 'U’lú', 'U’lú', 'u''lu', NULL, 'Vt pl', 'Vt', '1. Tirar 2. Llevar (el agua)', '', 'SRC-02', '86', '86', 'Transcrito', 'Autorizada para difusión', 'Pendiente de validación lingüística');
INSERT INTO senses VALUES ('RD-002530-S01', 'RD-002530', 1, 'Tirar');
INSERT INTO senses VALUES ('RD-002530-S02', 'RD-002530', 2, 'Llevar (el agua)');
INSERT INTO lexical_entries VALUES ('RD-002531', 'Umí', 'Umí', 'umi', NULL, 'S', 'S', 'Cintura', '', 'SRC-02', '86', '86', 'Transcrito', 'Autorizada para difusión', 'Pendiente de validación lingüística');
INSERT INTO senses VALUES ('RD-002531-S01', 'RD-002531', 1, 'Cintura');
INSERT INTO lexical_entries VALUES ('RD-002532', 'Umirá', 'Umirá', 'umira', NULL, 'S', 'S', 'El último llano para abajo', '', 'SRC-02', '86', '86', 'Transcrito', 'Autorizada para difusión', 'Pendiente de validación lingüística');
INSERT INTO senses VALUES ('RD-002532-S01', 'RD-002532', 1, 'El último llano para abajo');
INSERT INTO lexical_entries VALUES ('RD-002533', 'Umpá', 'Umpá', 'umpa', NULL, 'Vi', 'Vi', 'Perder (en el juego)', '', 'SRC-02', '86', '86', 'Transcrito', 'Autorizada para difusión', 'Pendiente de validación lingüística');
INSERT INTO senses VALUES ('RD-002533-S01', 'RD-002533', 1, 'Perder (en el juego)');
INSERT INTO lexical_entries VALUES ('RD-002534', 'Umú', 'Umú', 'umu', NULL, 'Vt', 'Vt', 'Tirar flecha o balazo', '', 'SRC-02', '86', '86', 'Transcrito', 'Autorizada para difusión', 'Pendiente de validación lingüística');
INSERT INTO senses VALUES ('RD-002534-S01', 'RD-002534', 1, 'Tirar flecha o balazo');
INSERT INTO lexical_entries VALUES ('RD-002535', 'Umugusa', 'Umugusa', 'umugusa', NULL, 'Vi', 'Vi', 'Desmayarse', '', 'SRC-02', '86', '86', 'Transcrito', 'Autorizada para difusión', 'Pendiente de validación lingüística');
INSERT INTO senses VALUES ('RD-002535-S01', 'RD-002535', 1, 'Desmayarse');
INSERT INTO lexical_entries VALUES ('RD-002536', 'Umuri', '1Umuri', 'umuri', '1', 'S', 'S', 'Bisabuelo, bisnieto', '', 'SRC-02', '86', '86', 'Transcrito', 'Autorizada para difusión', 'Pendiente de validación lingüística');
INSERT INTO senses VALUES ('RD-002536-S01', 'RD-002536', 1, 'Bisabuelo, bisnieto');
INSERT INTO lexical_entries VALUES ('RD-002537', 'Umuri', '2Umuri', 'umuri', '2', 'S', 'S', 'Canasta (con tapadera)', '', 'SRC-02', '86', '86', 'Transcrito', 'Autorizada para difusión', 'Pendiente de validación lingüística');
INSERT INTO senses VALUES ('RD-002537-S01', 'RD-002537', 1, 'Canasta (con tapadera)');
INSERT INTO lexical_entries VALUES ('RD-002538', 'Upé', 'Upé', 'upe', NULL, 'Vi sing', 'Vi', 'Tener esposa', '', 'SRC-02', '86', '86', 'Transcrito', 'Autorizada para difusión', 'Pendiente de validación lingüística');
INSERT INTO senses VALUES ('RD-002538-S01', 'RD-002538', 1, 'Tener esposa');
INSERT INTO lexical_entries VALUES ('RD-002539', 'Upí', 'Upí', 'upi', NULL, 'S sing', 'S', 'Esposa', '', 'SRC-02', '86', '86', 'Transcrito', 'Autorizada para difusión', 'Pendiente de validación lingüística');
INSERT INTO senses VALUES ('RD-002539-S01', 'RD-002539', 1, 'Esposa');
INSERT INTO lexical_entries VALUES ('RD-002540', 'Upima', 'Upima', 'upima', NULL, 'Vi', 'Vi', 'Enviudar (hombre)', '', 'SRC-02', '86', '86', 'Transcrito', 'Autorizada para difusión', 'Pendiente de validación lingüística');
INSERT INTO senses VALUES ('RD-002540-S01', 'RD-002540', 1, 'Enviudar (hombre)');
INSERT INTO lexical_entries VALUES ('RD-002541', 'Upímami', 'Upímami', 'upimami', NULL, 'S sing', 'S', 'Viudo', '', 'SRC-02', '86', '86', 'Transcrito', 'Autorizada para difusión', 'Pendiente de validación lingüística');
INSERT INTO senses VALUES ('RD-002541-S01', 'RD-002541', 1, 'Viudo');
INSERT INTO lexical_entries VALUES ('RD-002542', 'Upuyari', 'Upuyari', 'upuyari', NULL, 'Vi', 'Vi', 'Salimos (del trabajo)', '', 'SRC-02', '86', '86', 'Transcrito', 'Autorizada para difusión', 'Pendiente de validación lingüística');
INSERT INTO senses VALUES ('RD-002542-S01', 'RD-002542', 1, 'Salimos (del trabajo)');
INSERT INTO lexical_entries VALUES ('RD-002543', 'Uré', 'Uré', 'ure', NULL, 'S', 'S', 'Fresno (árbol)', '', 'SRC-02', '86', '86', 'Transcrito', 'Autorizada para difusión', 'Pendiente de validación lingüística');
INSERT INTO senses VALUES ('RD-002543-S01', 'RD-002543', 1, 'Fresno (árbol)');
INSERT INTO lexical_entries VALUES ('RD-002544', 'Urí', 'Urí', 'uri', NULL, 'S', 'S', 'Barranca', '', 'SRC-02', '86', '86', 'Transcrito', 'Autorizada para difusión', 'Pendiente de validación lingüística');
INSERT INTO senses VALUES ('RD-002544-S01', 'RD-002544', 1, 'Barranca');
INSERT INTO lexical_entries VALUES ('RD-002545', 'Urúbasi', 'Urúbasi', 'urubasi', NULL, 'S', 'S', 'Madroño (arbusto)', '', 'SRC-02', '86', '86', 'Transcrito', 'Autorizada para difusión', 'Pendiente de validación lingüística');
INSERT INTO senses VALUES ('RD-002545-S01', 'RD-002545', 1, 'Madroño (arbusto)');
INSERT INTO lexical_entries VALUES ('RD-002546', 'Usá', '1Usá', 'usa', '1', 'Vt', 'Vt', 'Azuzar (al perro)', '', 'SRC-02', '87', '87', 'Transcrito', 'Autorizada para difusión', 'Pendiente de validación lingüística');
INSERT INTO senses VALUES ('RD-002546-S01', 'RD-002546', 1, 'Azuzar (al perro)');
INSERT INTO lexical_entries VALUES ('RD-002547', 'Usá', '2Usá', 'usa', '2', '', 'Sin clasificar', 'Cogido, agarrado', '', 'SRC-02', '87', '87', 'Transcrito', 'Autorizada para difusión', 'Pendiente de validación lingüística');
INSERT INTO senses VALUES ('RD-002547-S01', 'RD-002547', 1, 'Cogido, agarrado');
INSERT INTO lexical_entries VALUES ('RD-002548', 'Usani', 'Usani', 'usani', NULL, 'Adj', 'Adj', 'Seis', '', 'SRC-02', '87', '87', 'Transcrito', 'Autorizada para difusión', 'Pendiente de validación lingüística');
INSERT INTO senses VALUES ('RD-002548-S01', 'RD-002548', 1, 'Seis');
INSERT INTO lexical_entries VALUES ('RD-002549', 'Usansa', 'Usansa', 'usansa', NULL, 'Adj', 'Adj', 'Sexto', '', 'SRC-02', '87', '87', 'Transcrito', 'Autorizada para difusión', 'Pendiente de validación lingüística');
INSERT INTO senses VALUES ('RD-002549-S01', 'RD-002549', 1, 'Sexto');
INSERT INTO lexical_entries VALUES ('RD-002550', 'Usansa macoy', 'Usansa macoy', 'usansa macoy', NULL, '', 'Sin clasificar', 'Sesenta', '', 'SRC-02', '87', '87', 'Transcrito', 'Autorizada para difusión', 'Pendiente de validación lingüística');
INSERT INTO senses VALUES ('RD-002550-S01', 'RD-002550', 1, 'Sesenta');
INSERT INTO lexical_entries VALUES ('RD-002551', 'Usí', 'Usí', 'usi', NULL, 'Adv', 'Adv', 'Arriba por el arroyo', '', 'SRC-02', '87', '87', 'Transcrito', 'Autorizada para difusión', 'Pendiente de validación lingüística');
INSERT INTO senses VALUES ('RD-002551-S01', 'RD-002551', 1, 'Arriba por el arroyo');
INSERT INTO lexical_entries VALUES ('RD-002552', 'Usú', 'Usú', 'usu', NULL, 'S', 'S', '1. Abuela materna 2. Nieta de la abuela', '', 'SRC-02', '87', '87', 'Transcrito', 'Autorizada para difusión', 'Pendiente de validación lingüística');
INSERT INTO senses VALUES ('RD-002552-S01', 'RD-002552', 1, 'Abuela materna');
INSERT INTO senses VALUES ('RD-002552-S02', 'RD-002552', 2, 'Nieta de la abuela');
INSERT INTO lexical_entries VALUES ('RD-002553', 'Usuta', 'Usuta', 'usuta', NULL, 'Adj', 'Adj', 'Zurdo', '', 'SRC-02', '87', '87', 'Transcrito', 'Autorizada para difusión', 'Pendiente de validación lingüística');
INSERT INTO senses VALUES ('RD-002553-S01', 'RD-002553', 1, 'Zurdo');
INSERT INTO lexical_entries VALUES ('RD-002554', '´Ya', '´Ya', '´ya', NULL, 'Vt', 'Vt', 'Dar, convidar', '', 'SRC-02', '87', '87', 'Transcrito', 'Autorizada para difusión', 'Pendiente de validación lingüística');
INSERT INTO senses VALUES ('RD-002554-S01', 'RD-002554', 1, 'Dar, convidar');
INSERT INTO lexical_entries VALUES ('RD-002555', 'Yáatari', 'Yáatari', 'yaatari', NULL, 'Adv', 'Adv', 'De repente (en futuro)', '', 'SRC-02', '87', '87', 'Transcrito', 'Autorizada para difusión', 'Pendiente de validación lingüística');
INSERT INTO senses VALUES ('RD-002555-S01', 'RD-002555', 1, 'De repente (en futuro)');
INSERT INTO lexical_entries VALUES ('RD-002556', 'Yáati', 'Yáati', 'yaati', NULL, 'Adv', 'Adv', 'Inmediatamente, pronto', '', 'SRC-02', '87', '87', 'Transcrito', 'Autorizada para difusión', 'Pendiente de validación lingüística');
INSERT INTO senses VALUES ('RD-002556-S01', 'RD-002556', 1, 'Inmediatamente, pronto');
INSERT INTO lexical_entries VALUES ('RD-002557', '‘Yé', '‘Yé', '''ye', NULL, 'Vt', 'Vt', 'Quitar', '', 'SRC-02', '87', '87', 'Transcrito', 'Autorizada para difusión', 'Pendiente de validación lingüística');
INSERT INTO senses VALUES ('RD-002557-S01', 'RD-002557', 1, 'Quitar');
INSERT INTO lexical_entries VALUES ('RD-002558', 'Ye', 'Ye', 'ye', NULL, 'Adv', 'Adv', 'Por allá, alrededor', '', 'SRC-02', '87', '87', 'Transcrito', 'Autorizada para difusión', 'Pendiente de validación lingüística');
INSERT INTO senses VALUES ('RD-002558-S01', 'RD-002558', 1, 'Por allá, alrededor');
INSERT INTO lexical_entries VALUES ('RD-002559', 'Yéachi', 'Yéachi', 'yeachi', NULL, 'Adj', 'Adj', '1. Abierto (puerta, ventana) 2. Abertura (de la puerta)', '', 'SRC-02', '87', '87', 'Transcrito', 'Autorizada para difusión', 'Pendiente de validación lingüística');
INSERT INTO senses VALUES ('RD-002559-S01', 'RD-002559', 1, 'Abierto (puerta, ventana)');
INSERT INTO senses VALUES ('RD-002559-S02', 'RD-002559', 2, 'Abertura (de la puerta)');
INSERT INTO lexical_entries VALUES ('RD-002560', '‘Yeba', '‘Yeba', '''yeba', NULL, 'Vt', 'Vt', 'Trer (para alguien)', '', 'SRC-02', '87', '87', 'Transcrito', 'Autorizada para difusión', 'Pendiente de validación lingüística');
INSERT INTO senses VALUES ('RD-002560-S01', 'RD-002560', 1, 'Trer (para alguien)');
INSERT INTO lexical_entries VALUES ('RD-002561', '‘Yeca', '‘Yeca', '''yeca', NULL, 'Vi', 'Vi', 'Engañar, decir mentiras', '', 'SRC-02', '87', '87', 'Transcrito', 'Autorizada para difusión', 'Pendiente de validación lingüística');
INSERT INTO senses VALUES ('RD-002561-S01', 'RD-002561', 1, 'Engañar, decir mentiras');
INSERT INTO lexical_entries VALUES ('RD-002562', 'Yema', 'Yema', 'yema', NULL, 'Vi', 'Vi', 'Estar vertiginoso', '', 'SRC-02', '87', '87', 'Transcrito', 'Autorizada para difusión', 'Pendiente de validación lingüística');
INSERT INTO senses VALUES ('RD-002562-S01', 'RD-002562', 1, 'Estar vertiginoso');
INSERT INTO lexical_entries VALUES ('RD-002563', '‘Yemi', '‘Yemi', '''yemi', NULL, 'Pron', 'Pron', 'Ustedes', '', 'SRC-02', '87', '87', 'Transcrito', 'Autorizada para difusión', 'Pendiente de validación lingüística');
INSERT INTO senses VALUES ('RD-002563-S01', 'RD-002563', 1, 'Ustedes');
INSERT INTO lexical_entries VALUES ('RD-002564', '‘Yemi níhuara', '‘Yemi níhuara', '''yemi nihuara', NULL, 'Pron pos', 'Pron', 'Vuestro, de ustedes', '', 'SRC-02', '87', '87', 'Transcrito', 'Autorizada para difusión', 'Pendiente de validación lingüística');
INSERT INTO senses VALUES ('RD-002564-S01', 'RD-002564', 1, 'Vuestro, de ustedes');
INSERT INTO lexical_entries VALUES ('RD-002565', '‘Yena', '‘Yena', '''yena', NULL, 'Vi pl', 'Vi', 'Andar', '', 'SRC-02', '87', '87', 'Transcrito', 'Autorizada para difusión', 'Pendiente de validación lingüística');
INSERT INTO senses VALUES ('RD-002565-S01', 'RD-002565', 1, 'Andar');
INSERT INTO lexical_entries VALUES ('RD-002566', 'Yena', 'Yena', 'yena', NULL, '', 'Sin clasificar', 'Andar', '', 'SRC-02', '87', '87', 'Transcrito', 'Autorizada para difusión', 'Pendiente de validación lingüística');
INSERT INTO senses VALUES ('RD-002566-S01', 'RD-002566', 1, 'Andar');
INSERT INTO lexical_entries VALUES ('RD-002567', 'Yepu', 'Yepu', 'yepu', NULL, 'Interr', 'Interr', '¿Quién?', '', 'SRC-02', '87', '87', 'Transcrito', 'Autorizada para difusión', 'Pendiente de validación lingüística');
INSERT INTO senses VALUES ('RD-002567-S01', 'RD-002567', 1, '¿Quién?');
INSERT INTO lexical_entries VALUES ('RD-002568', '‘Yera', '‘Yera', '''yera', NULL, '', 'Sin clasificar', '1. s Puerta (lo que cierra) 2. vt Cercar, cerrar, encerrar', '', 'SRC-02', '87', '87', 'Transcrito', 'Autorizada para difusión', 'Pendiente de validación lingüística');
INSERT INTO senses VALUES ('RD-002568-S01', 'RD-002568', 1, 's Puerta (lo que cierra)');
INSERT INTO senses VALUES ('RD-002568-S02', 'RD-002568', 2, 'vt Cercar, cerrar, encerrar');
INSERT INTO lexical_entries VALUES ('RD-002569', 'Yera', 'Yera', 'yera', NULL, 'Vi', 'Vi', 'Invitar', '', 'SRC-02', '87', '87', 'Transcrito', 'Autorizada para difusión', 'Pendiente de validación lingüística');
INSERT INTO senses VALUES ('RD-002569-S01', 'RD-002569', 1, 'Invitar');
INSERT INTO lexical_entries VALUES ('RD-002570', 'Yeri', 'Yeri', 'yeri', NULL, 'Vt', 'Vt', 'Conducir', '', 'SRC-02', '87', '87', 'Transcrito', 'Autorizada para difusión', 'Pendiente de validación lingüística');
INSERT INTO senses VALUES ('RD-002570-S01', 'RD-002570', 1, 'Conducir');
INSERT INTO lexical_entries VALUES ('RD-002571', '‘Yeta', '‘Yeta', '''yeta', NULL, 'Adj', 'Adj', 'Cerrado', '', 'SRC-02', '87', '87', 'Transcrito', 'Autorizada para difusión', 'Pendiente de validación lingüística');
INSERT INTO senses VALUES ('RD-002571-S01', 'RD-002571', 1, 'Cerrado');
INSERT INTO lexical_entries VALUES ('RD-002572', 'Yiri', '1Yiri', 'yiri', '1', 'S', 'S', 'Clase', '', 'SRC-02', '87', '87', 'Transcrito', 'Autorizada para difusión', 'Pendiente de validación lingüística');
INSERT INTO senses VALUES ('RD-002572-S01', 'RD-002572', 1, 'Clase');
INSERT INTO lexical_entries VALUES ('RD-002573', 'Yiri', '2Yiri', 'yiri', '2', 'S', 'S', 'Semejanza', '', 'SRC-02', '87', '87', 'Transcrito', 'Autorizada para difusión', 'Pendiente de validación lingüística');
INSERT INTO senses VALUES ('RD-002573-S01', 'RD-002573', 1, 'Semejanza');
INSERT INTO lexical_entries VALUES ('RD-002574', 'Yo', 'Yo', 'yo', NULL, 'Vi sing', 'Vi', 'Enojarse', '', 'SRC-02', '87', '87', 'Transcrito', 'Autorizada para difusión', 'Pendiente de validación lingüística');
INSERT INTO senses VALUES ('RD-002574-S01', 'RD-002574', 1, 'Enojarse');
INSERT INTO lexical_entries VALUES ('RD-002575', 'Yoca', 'Yoca', 'yoca', NULL, 'Vt', 'Vt', 'Teñir', '', 'SRC-02', '87', '87', 'Transcrito', 'Autorizada para difusión', 'Pendiente de validación lingüística');
INSERT INTO senses VALUES ('RD-002575-S01', 'RD-002575', 1, 'Teñir');
INSERT INTO lexical_entries VALUES ('RD-002576', 'Yona', 'Yona', 'yona', NULL, 'Vt', 'Vt', 'Regañar', '', 'SRC-02', '87', '87', 'Transcrito', 'Autorizada para difusión', 'Pendiente de validación lingüística');
INSERT INTO senses VALUES ('RD-002576-S01', 'RD-002576', 1, 'Regañar');
INSERT INTO lexical_entries VALUES ('RD-002577', 'Yora', '1Yora', 'yora', '1', 'Vt sing', 'Vt', 'Enojar', '', 'SRC-02', '87', '87', 'Transcrito', 'Autorizada para difusión', 'Pendiente de validación lingüística');
INSERT INTO senses VALUES ('RD-002577-S01', 'RD-002577', 1, 'Enojar');
INSERT INTO lexical_entries VALUES ('RD-002578', 'Yora', '2Yora', 'yora', '2', 'Vi', 'Vi', 'Inclinar la cabeza', '', 'SRC-02', '87', '87', 'Transcrito', 'Autorizada para difusión', 'Pendiente de validación lingüística');
INSERT INTO senses VALUES ('RD-002578-S01', 'RD-002578', 1, 'Inclinar la cabeza');
INSERT INTO lexical_entries VALUES ('RD-002579', 'Yuhua, yuga', 'Yuhua, yuga', 'yuhua, yuga', NULL, 'Conj', 'Conj', 'Con', '', 'SRC-02', '87', '87', 'Transcrito', 'Autorizada para difusión', 'Pendiente de validación lingüística');
INSERT INTO senses VALUES ('RD-002579-S01', 'RD-002579', 1, 'Con');
INSERT INTO variants VALUES ('RD-002579-V01', 'RD-002579', 1, 'yuga');
INSERT INTO lexical_entries VALUES ('RD-002580', 'Yura', 'Yura', 'yura', NULL, 'Vi', 'Vi', '1. Guiar 2. Llevar de compañero (en un viaje)', '', 'SRC-02', '87', '87', 'Transcrito', 'Autorizada para difusión', 'Pendiente de validación lingüística');
INSERT INTO senses VALUES ('RD-002580-S01', 'RD-002580', 1, 'Guiar');
INSERT INTO senses VALUES ('RD-002580-S02', 'RD-002580', 2, 'Llevar de compañero (en un viaje)');
INSERT INTO lexical_entries VALUES ('RD-002581', 'Yusa', 'Yusa', 'yusa', NULL, 'Vt', 'Vt', 'Llevar a otro al caer (personas o cosas)', 'Echi rité auchecho biré huarú rité yúsari. Esa piedra que rodó se llevó otra piedra grande también', 'SRC-02', '87', '87', 'Transcrito', 'Autorizada para difusión', 'Pendiente de validación lingüística');
INSERT INTO senses VALUES ('RD-002581-S01', 'RD-002581', 1, 'Llevar a otro al caer (personas o cosas)');
INSERT INTO examples VALUES ('RD-002581-E01', 'RD-002581', 1, 'Echi rité auchecho biré huarú rité yúsari. Esa piedra que rodó se llevó otra piedra grande también');
CREATE INDEX idx_entries_headword_normalized ON lexical_entries(headword_normalized);
CREATE INDEX idx_entries_classification ON lexical_entries(classification_family);
CREATE INDEX idx_entries_translation ON lexical_entries(translation_raw);
CREATE INDEX idx_entries_source_page ON lexical_entries(source_code, page_start);
CREATE VIEW authorized_entries AS SELECT * FROM lexical_entries WHERE publication_status = 'Autorizada para difusión';
COMMIT;
-- Ejemplos:
-- SELECT record_id, headword, translation_raw FROM authorized_entries WHERE headword_normalized LIKE 'a%' ORDER BY headword_normalized;
-- SELECT e.record_id, e.headword, s.definition_es FROM lexical_entries e JOIN senses s ON s.entry_id = e.record_id WHERE e.classification_family = 'Vt';
