headword_raw	headword_normalized	count
1ca	ca	2
Acajihua	acajihua	2
Ané	ane	2
Aparocha	aparocha	2
Asiba	asiba	2
Basú	basu	2
Bichíhuari	bichihuari	2
Binera	binera	2
Bisú	bisu	2
Buchuhuí	buchuhui	2
Chipó	chipo	2
Ri’nahuí	ri'nahui	2
¿Chigá?	¿chiga?	1
¿Churicó?	¿churico?	1
¿Churigá?	¿churiga?	1
¿Chuséa?	¿chusea?	1
¿Chuyiri?	¿chuyiri?	1
'Aché	'ache	1
‘Huécami	'huecami	1
‘Huénahua	'huenahua	1
‘Huí	'hui	1
‘Huigáami	'huigaami	1
‘Huíhuachi	'huihuachi	1
‘Huisa	'huisa	1
‘Loche	'loche	1
‘Lohua, ‘loché	'lohua, 'loche	1
‘Lóhuari	'lohuari	1
‘Ma, ‘má	'ma, 'ma	1
‘Machó	'macho	1
‘Mahuá	'mahua	1
‘marachi	'marachi	1
‘Masa	'masa	1
‘Másari	'masari	1
‘Masi	'masi	1
‘Méchuri	'mechuri	1
‘Mo	'mo	1
‘Nabé	'nabe	1
‘Naca	'naca	1
‘Nagá	'naga	1
‘Nata	'nata	1
‘Nátami	'natami	1
‘Nate	'nate	1
‘Nayáhuari	'nayahuari	1
‘Ne	'ne	1
‘Né	'ne	1
‘Nécohuachi	'necohuachi	1
‘Nena	'nena	1
‘Neni	'neni	1
‘Nera	'nera	1
‘Nigá	'niga	1
‘Niná	'nina	1
‘Nora	'nora	1
‘Ochérami	'ocherami	1
‘Onami	'onami	1
‘Yé	'ye	1
‘Yeba	'yeba	1
‘Yeca	'yeca	1
‘Yemi	'yemi	1
‘Yemi níhuara	'yemi nihuara	1
‘Yena	'yena	1
‘Yera	'yera	1
‘Yeta	'yeta	1
´Huara	´huara	1
´Ya	´ya	1
1’Me	'me	1
1Acá	aca	1
1Acará	acara	1
1Ajó	ajo	1
1Aná	ana	1
1Aqué	aque	1
1Bacha	bacha	1
1Bachi	bachi	1
1Basigó	basigo	1
1Basoná	basona	1
1Batú	batu	1
1Bité	bite	1
1buhué	buhue	1
1buyana	buyana	1
1cachí	cachi	1
1cahuí	cahui	1
1Caré	care	1
1Carú	caru	1
1Casí	casi	1
1Chá	cha	1
1Chabochi	chabochi	1
1Chi’rá	chi'ra	1
1Chi’ré	chi're	1
1Chihuí	chihui	1
1Choba	choba	1
1Choquira	choquira	1
1Churé	chure	1
1co	co	1
1Co’ná	co'na	1
1Cochí	cochi	1
1Cohuara [variante de corá]	cohuara [variante de cora]	1
1Cohuí	cohui	1
1Coná	cona	1
1Corá	cora	1
1Corí	cori	1
1Cu	cu	1
1Cuchuri	cuchuri	1
1Cuhuana	cuhuana	1
1Curú	curu	1
1Cusera	cusera	1
1Cusí	cusi	1
1Hua	hua	1
1Huaca	huaca	1
1Huacá	huaca	1
1Huanihuí	huanihui	1
1Huasí	huasi	1
1Huicá	huica	1
1Huichí	huichi	1
1Huijá	huija	1
1Huisú	huisu	1
1Iché	iche	1
1Ihu´é	ihu´e	1
1Iná	ina	1
1Iquí	iqui	1
1Jo	jo	1
1Jubá	juba	1
1Jubé	jube	1
1La	la	1
1Machí	machi	1
1Machiná	machina	1
1Marí	mari	1
1Mayé	maye	1
1Me	me	1
1Michira	michira	1
1Moró	moro	1
1Na’í, naíbi	na'i, naibi	1
1Nacú	nacu	1
1Nahuá	nahua	1
1Napihua	napihua	1
1Napó	napo	1
1Nasó	naso	1
1No	no	1
1Nóchari	nochari	1
1Noré	nore	1
1Noreba	noreba	1
1Norí	nori	1
1O’huiqué	o'huique	1
1O’rí	o'ri	1
1O’yó	o'yo	1
1O´rina	o´rina	1
1Ocó	oco	1
1Ocuá	ocua	1
1Omée	omee	1
1Onó	ono	1
1Orá	ora	1
1Orí	ori	1
1Osá	osa	1
1Pa	pa	1
1Pe	pe	1
1Quirá	quira	1
1Quirí	quiri	1
1Racó	raco	1
1Rahué	rahue	1
1Rapirá	rapira	1
1Rará	rara	1
1Ratá	rata	1
1Ri’ná	ri'na	1
1Ricá	rica	1
1Rihuá	rihua	1
1Rihuí	rihui	1
1Rihuira	rihuira	1
1Ripá	ripa	1
1Ripú	ripu	1
1Rité	rite	1
1Ritú	ritu	1
1Ro’huá	ro'hua	1
1Rohué	rohue	1
1Rojuá	rojua	1
1Roné	rone	1
1Ronó	rono	1
1Ru	ru	1
1Sáata	saata	1
1Si	si	1
1Sicá	sica	1
1Sihuá	sihua	1
1Simí	simi	1
1Siri	siri	1
1Sitá	sita	1
1Sotóchi	sotochi	1
1Suhuaba	suhuaba	1
1Suhué	suhue	1
1Ta	ta	1
1Tabachi	tabachi	1
1Tarí	tari	1
1To	to	1
1Tu	tu	1
1Uchú	uchu	1
1Uchucha	uchucha	1
1Umuri	umuri	1
1Usá	usa	1
1Yiri	yiri	1
1Yora	yora	1
2’Me	'me	1
2Acá	aca	1
2Acará	acara	1
2Ajó	ajo	1
2Aná	ana	1
2Aqué	aque	1
2Bachá	bacha	1
2Bachi	bachi	1
2Basigó	basigo	1
2Basoná	basona	1
2Batú	batu	1
2Bité	bite	1
2buhué	buhue	1
2buyana	buyana	1
2ca	ca	1
2cachí	cachi	1
2cahuí	cahui	1
2Caré	care	1
2Carú	caru	1
2Casí	casi	1
2Chá, cháa	cha, chaa	1
2Chabochi	chabochi	1
2Chi’rá	chi'ra	1
2Chi’ré	chi're	1
2Chihuí	chihui	1
2Choba	choba	1
2Choquira	choquira	1
2Churé	chure	1
2co	co	1
2Co’ná	co'na	1
2Cochí	cochi	1
2Cohuara	cohuara	1
2Cohuí	cohui	1
2Coná	cona	1
2Corá, cohuara	cora, cohuara	1
2Corí	cori	1
2Cu	cu	1
2Cuchiri	cuchiri	1
2Cuhuana	cuhuana	1
2Curú	curu	1
2Cusera	cusera	1
2Cusí	cusi	1
2Hua	hua	1
2Huaca	huaca	1
2Huacá	huaca	1
2Huanihuí	huanihui	1
2Huasí	huasi	1
2Huicá	huica	1
2Huichí	huichi	1
2Huijá	huija	1
2Huisú	huisu	1
2Iché	iche	1
2Ihu´e	ihu´e	1
2Iná	ina	1
2Iquí	iqui	1
2Jo	jo	1
2Jubá	juba	1
2Jubé	jube	1
2La	la	1
2Machí, machíami	machi, machiami	1
2Machiná	machina	1
2Marí	mari	1
2Mayé	maye	1
2Me	me	1
2Michira	michira	1
2Moró	moro	1
2Na’í	na'i	1
2Nacú	nacu	1
2Nahuá	nahua	1
2Napihua	napihua	1
2Napó	napo	1
2Nasó	naso	1
2No	no	1
2Nóchari	nochari	1
2Noré	nore	1
2Noreba	noreba	1
2Norí	nori	1
2O’huiqué	o'huique	1
2O’rí	o'ri	1
2O’rina	o'rina	1
2O’yó: pe o’yó	o'yo: pe o'yo	1
2Ocó	oco	1
2Ocuá	ocua	1
2Omée	omee	1
2Onó	ono	1
2Orá	ora	1
2Orí	ori	1
2Osá	osa	1
2Pa	pa	1
2Pe	pe	1
2Quirá	quira	1
2Quirí	quiri	1
2Racó	raco	1
2Rahué	rahue	1
2Rapirá	rapira	1
2Rará	rara	1
2Ratá	rata	1
2Ri’ná	ri'na	1
2Ricá	rica	1
2Rihuá	rihua	1
2Rihuí	rihui	1
2Rihuira	rihuira	1
2Ripá	ripa	1
2Ripú	ripu	1
2Rité	rite	1
2Ritú	ritu	1
2Ro’huá	ro'hua	1
2Rohué	rohue	1
2Rojuá	rojua	1
2Roné	rone	1
2Ronó	rono	1
2Ru	ru	1
2Sáata	saata	1
2Si	si	1
2Sicá	sica	1
2Sihuá	sihua	1
2Simí	simi	1
2Siri	siri	1
2Sitá	sita	1
2Sotóchi	sotochi	1
2Suhuaba	suhuaba	1
2Suhué	suhue	1
2Ta	ta	1
2Tabachi	tabachi	1
2Tarí	tari	1
2To	to	1
2Tu	tu	1
2Uchú	uchu	1
2Uchucha	uchucha	1
2Umuri	umuri	1
2Usá	usa	1
2Yiri	yiri	1
2Yora	yora	1
3’Me	'me	1
3Acá	aca	1
3Chi’rá	chi'ra	1
3Cochí	cochi	1
3Cu	cu	1
3Huichí	huichi	1
3Jubá	juba	1
3O’rí	o'ri	1
3Orá	ora	1
3Orí	ori	1
3Rapirá, rapirú	rapira, rapiru	1
3Ri’ná	ri'na	1
3Ro’huá	ro'hua	1
3Si	si	1
3Ta	ta	1
3Tabachi	tabachi	1
4Acá	aca	1
A	a	1
A'huí	a'hui	1
A'huínari	a'huinari	1
A'lara	a'lara	1
A’nabáa	a'nabaa	1
A’nagú	a'nagu	1
A’nahuí	a'nahui	1
A'najata	a'najata	1
A'namótami	a'namotami	1
A'namótana	a'namotana	1
A'nayáhuari	a'nayahuari	1
A'rínaromí	a'rinaromi	1
A’yapi	a'yapi	1
Abé	abe	1
Abi, abiyena	abi, abiyena	1
Abijí	abiji	1
Aboni	aboni	1
Acáami	acaami	1
Acáanami	acaanami	1
Acabó	acabo	1
Acáchura	acachura	1
Acahui	acahui	1
Acami	acami	1
Acaná	acana	1
Acánami	acanami	1
Acará	acara	1
Acarapta	acarapta	1
Acarapu	acarapu	1
Acha	acha	1
Achá	acha	1
Achagó	achago	1
Achapa	achapa	1
Achí	achi	1
Achíami	achiami	1
Achigó yiri ju	achigo yiri ju	1
Achigórigá	achigoriga	1
Ahuínari	ahuinari	1
Alimuri	alimuri	1
Amá	ama	1
Amachí	amachi	1
Amachícarahuami	amachicarahuami	1
Amaré	amare	1
Amarú	amaru	1
Amarúami	amaruami	1
Amí	ami	1
Amígohua	amigohua	1
Amóo, amoque	amoo, amoque	1
Anacha	anacha	1
Anachapa	anachapa	1
Anahué	anahue	1
Anahui	anahui	1
Anara	anara	1
Anéchani	anechani	1
Anérami	anerami	1
Anérati	anerati	1
Aní	ani	1
Anihuami	anihuami	1
Anirá	anira	1
Aniríhuachi	anirihuachi	1
Aniríhuami	anirihuami	1
Aoréachi	aoreachi	1
Aorí	aori	1
Apabera	apabera	1
Apanérohua	apanerohua	1
Aparú	aparu	1
Aparúami	aparuami	1
Apé	ape	1
Apera	apera	1
Apurá	apura	1
Apurí	apuri	1
Aquibi	aquibi	1
Arara	arara	1
Aré	are	1
Arí	ari	1
Arí biché	ari biche	1
Ariché	ariche	1
Arigá	ariga	1
Arihua	arihua	1
Arihuá	arihua	1
Arihué	arihue	1
Arimuri	arimuri	1
Ariósibá	ariosiba	1
Arirí	ariri	1
Aró	aro	1
Asahua	asahua	1
Asapa	asapa	1
Asayé	asaye	1
Asé	ase	1
Así	asi	1
Asibá	asiba	1
Asira	asira	1
Asisi	asisi	1
Atá	ata	1
Atachó	atacho	1
Atahuépata	atahuepata	1
Até	ate	1
Atí	ati	1
Atisi	atisi	1
Auché	auche	1
Auchecho	auchecho	1
Ayá	aya	1
Ayena	ayena	1
Ayena cho	ayena cho	1
Ba'arí	ba'ari	1
Ba'arínara	ba'arinara	1
Ba'hué	ba'hue	1
Ba'huí	ba'hui	1
Ba'huira	ba'huira	1
Ba'huirá	ba'huira	1
Ba'nésara	ba'nesara	1
Ba'nésuri	ba'nesuri	1
Ba'raguéchuri	ba'raguechuri	1
Ba'yó	ba'yo	1
Ba'yóami	ba'yoami	1
Ba'yora	ba'yora	1
Ba'yórata	ba'yorata	1
Ba'yori	ba'yori	1
Bacá	baca	1
Bacahuá	bacahua	1
Bacamú	bacamu	1
Bacánuhui	bacanuhui	1
Bacarachi	bacarachi	1
Bacarí	bacari	1
Bacháami	bachaami	1
Bachagóachi	bachagoachi	1
Bachagochi	bachagochi	1
Bachahuara	bachahuara	1
Bachari	bachari	1
Baché	bache	1
Bachéi	bachei	1
Bachima	bachima	1
Bachirúami	bachiruami	1
Bacó	baco	1
Bacochi	bacochi	1
Bacúi	bacui	1
Bacúu	bacuu	1
Bahuirá	bahuira	1
Baisá	baisa	1
Baisá macoy	baisa macoy	1
Bajácami	bajacami	1
Bají	baji	1
Bajíami	bajiami	1
Bajíbachami	bajibachami	1
Bajichahua	bajichahua	1
Bajicháhuari	bajichahuari	1
Bajichi	bajichi	1
Bajíhuachi	bajihuachi	1
Bajíhuami	bajihuami	1
Bajina	bajina	1
Bajira	bajira	1
Bajita	bajita	1
Bajuhua	bajuhua	1
Bajuré	bajure	1
Bajurí	bajuri	1
Bamiba	bamiba	1
Bamíbari	bamibari	1
Baná	bana	1
Banagá	banaga	1
Banásani	banasani	1
Bané	bane	1
Banihuá	banihua	1
Banihuí	banihui	1
Banira	banira	1
Banisú	banisu	1
Bapá	bapa	1
Baquí	baqui	1
Baquirini	baquirini	1
Bará	bara	1
Baraché	barache	1
Barami	barami	1
Barasa	barasa	1
Baré	bare	1
Barí	bari	1
Barosi	barosi	1
Basá	basa	1
Basachí	basachi	1
Basaroa	basaroa	1
Basi	basi	1
Basiahui	basiahui	1
Basibú	basibu	1
Basori	basori	1
Batagá	bataga	1
Batárahua	batarahua	1
Batari	batari	1
Batusí	batusi	1
Bayé	baye	1
Bayeba	bayeba	1
Bayena	bayena	1
Bayera	bayera	1
Bi'huá	bi'hua	1
Bi'huí	bi'hui	1
Bi’huíami	bi'huiami	1
Bi'líami	bi'liami	1
Bi'nera	bi'nera	1
Bi'nérahua	bi'nerahua	1
Bi'neri	bi'neri	1
Bi'néripi	bi'neripi	1
Bi'rí	bi'ri	1
Bi'rina	bi'rina	1
Bi'yá	bi'ya	1
Bicá	bica	1
Bicáami	bicaami	1
Bicajuca	bicajuca	1
Bicamú	bicamu	1
Bicaná	bicana	1
Bichabú	bichabu	1
Biche: ari biché	biche: ari biche	1
Bichí	bichi	1
Bichihuá	bichihua	1
Bichíhuaga ané	bichihuaga ane	1
Bichíhuaga aní	bichihuaga ani	1
Bichíhuami	bichihuami	1
Bichii	bichii	1
Bichíirata	bichiirata	1
Bichina	bichina	1
Bichíyami	bichiyami	1
Bihuá	bihua	1
Bihuachébana	bihuachebana	1
Bihuara	bihuara	1
Bihuárami	bihuarami	1
Bilini	bilini	1
Bimó	bimo	1
Bimoré	bimore	1
Bimorí	bimori	1
Biné	bine	1
Binéami	bineami	1
Binériami	bineriami	1
Biní	bini	1
Binorí	binori	1
Binoy	binoy	1
Biquiyá	biquiya	1
Biré	bire	1
Biréana	bireana	1
Biréanomí	bireanomi	1
Birénapi	birenapi	1
Birepi	birepi	1
Birétari	biretari	1
Birichí	birichi	1
Birina	birina	1
Bisiruta	bisiruta	1
Bisó	biso	1
Bitéami	biteami	1
Biteba	biteba	1
Bitechi	bitechi	1
Bití	biti	1
Bitiba	bitiba	1
Bitichí	bitichi	1
Bitira	bitira	1
Bitórata	bitorata	1
Bitori	bitori	1
Bo'huá	bo'hua	1
Bo'hué	bo'hue	1
Bo'huí	bo'hui	1
Bo'ná	bo'na	1
Bo’ó	bo'o	1
Bo'obú	bo'obu	1
Bo'ona	bo'ona	1
Bo'orá	bo'ora	1
Bo'orusa	bo'orusa	1
Bo'osari	bo'osari	1
Bocháami	bochaami	1
Bocohuí	bocohui	1
Bocuirachi	bocuirachi	1
Boioní	boioni	1
Bóisi	boisi	1
Boní	boni	1
Bonirúami	boniruami	1
Bonorí	bonori	1
Boquírachi	boquirachi	1
Boriba	boriba	1
Borogá	boroga	1
Bosá	bosa	1
Bosahua	bosahua	1
Bosasa riruta	bosasa riruta	1
Bosohuá	bosohua	1
Botá	bota	1
Botana	botana	1
Botobú	botobu	1
Botuhuí	botuhui	1
Bu'huí	bu'hui	1
Bu'huiba	bu'huiba	1
Bu'huírasama	bu'huirasama	1
Buchí	buchi	1
Buchíami	buchiami	1
Buchihua	buchihua	1
Buchuhuíana	buchuhuiana	1
Bucura	bucura	1
Bucurí	bucuri	1
Bucuríhuami	bucurihuami	1
Buhuichí	buhuichi	1
Buhuigá	buhuiga	1
Bujé	buje	1
Buná	buna	1
Bunahua	bunahua	1
Buqué	buque	1
Burá	bura	1
Buré	bure	1
Bureri	bureri	1
Burira	burira	1
Burito	burito	1
Burú	buru	1
Burusáagá	burusaaga	1
Burúuri	buruuri	1
Busá	busa	1
Busé	buse	1
Busí	busi	1
Busugachi	busugachi	1
Busurébana	busurebana	1
Butuhuí	butuhui	1
Ca’huá	ca'hua	1
Ca'hué	ca'hue	1
Ca'marota	ca'marota	1
Ca'mí	ca'mi	1
Ca'mina	ca'mina	1
Ca'mocha	ca'mocha	1
Ca'moché	ca'moche	1
Ca'muchí	ca'muchi	1
Ca'muchita	ca'muchita	1
Ca'ó	ca'o	1
Ca’rara	ca'rara	1
Ca’rí	ca'ri	1
Ca’rina	ca'rina	1
Ca'yé	ca'ye	1
Ca'yénahua	ca'yenahua	1
Cáachi	caachi	1
Caba	caba	1
Cabí	cabi	1
Cabita	cabita	1
Cabítana	cabitana	1
Cabó	cabo	1
Cabóchuhua	cabochuhua	1
Cabóochi	caboochi	1
Cabora	cabora	1
Cabósari	cabosari	1
Cabú	cabu	1
Cachagá	cachaga	1
Cachígachí	cachigachi	1
Cachú	cachu	1
Cachuna	cachuna	1
Cahué	cahue	1
Cahuera	cahuera	1
Cahuíami	cahuiami	1
Cahúírachi	cahuirachi	1
Cahuisori	cahuisori	1
Cajé	caje	1
Cajera	cajera	1
Cajuí	cajui	1
Cajuina	cajuina	1
Cameri	cameri	1
Cami	cami	1
Camí	cami	1
Camina	camina	1
Campori	campori	1
Canajeca simí	canajeca simi	1
Canápuromí	canapuromi	1
Cánari	canari	1
Canira	canira	1
Canírata	canirata	1
Caniri	caniri	1
Capaneri	capaneri	1
Capíiri	capiiri	1
Capilata	capilata	1
Capira	capira	1
Capírahua	capirahua	1
Capírami	capirami	1
Capíramo	capiramo	1
Capirátana	capiratana	1
Capitani	capitani	1
Capó	capo	1
Capona	capona	1
Capora	capora	1
Capórahua	caporahua	1
Capósi	caposi	1
Capota	capota	1
Capótami	capotami	1
Cara	cara	1
Cárabá	caraba	1
Carabina	carabina	1
Cáraca	caraca	1
Carari	carari	1
Cárari	carari	1
Caréami	careami	1
Carí	cari	1
Cari ju	cari ju	1
Carihua	carihua	1
Carihué	carihue	1
Carihuérami	carihuerami	1
Carirá	carira	1
Carisí	carisi	1
Caruchi	caruchi	1
Carúmati	carumati	1
Carúsuhua ané	carusuhua ane	1
Casabi	casabi	1
Casará	casara	1
Casaré	casare	1
Casé: que casé	case: que case	1
Casibacha	casibacha	1
Casimóbachi	casimobachi	1
Casimochi	casimochi	1
Casina	casina	1
Casó	caso	1
Castigo 'ya	castigo 'ya	1
Casú	casu	1
Casuhua	casuhua	1
Casuna	casuna	1
Catá	cata	1
Catehua	catehua	1
Catehuárami	catehuarami	1
Cayaga asíbari	cayaga asibari	1
Cayahui	cayahui	1
Cayena	cayena	1
Cha’ira	cha'ira	1
Cha’mérohua	cha'merohua	1
Cha’mí	cha'mi	1
Cha´í	cha´i	1
Chabé	chabe	1
Chabecha	chabecha	1
Chabóa	chaboa	1
Chabopa	chabopa	1
Chacá	chaca	1
Chacachi	chacachi	1
Chacárami	chacarami	1
Chachámuri	chachamuri	1
Chaché	chache	1
Chaguta	chaguta	1
Chahué	chahue	1
Chajoca	chajoca	1
Chamarí	chamari	1
Chami níriqui iquiri	chami niriqui iquiri	1
Chamurá	chamura	1
Chamuré	chamure	1
Chana	chana	1
Chané	chane	1
Chanébari	chanebari	1
Chanécuri	chanecuri	1
Chapí	chapi	1
Chapináari	chapinaari	1
Chapiyó	chapiyo	1
Chaquena	chaquena	1
Charé	chare	1
Charihuá	charihua	1
Charihué	charihue	1
Charóara	charoara	1
Charóarahua	charoarahua	1
Chatátami	chatatami	1
Chati	chati	1
Che	che	1
Chehui	chehui	1
Chérami	cherami	1
Chí	chi	1
Chi’é	chi'e	1
Chi’huá	chi'hua	1
Chi’huana	chi'huana	1
Chi’huara	chi'huara	1
Chi’í	chi'i	1
Chi’íami	chi'iami	1
Chi’ibú	chi'ibu	1
Chi’íra	chi'ira	1
Chi’múcari	chi'mucari	1
Chi’mura	chi'mura	1
Chi’muri	chi'muri	1
Chi’ná	chi'na	1
Chi’reba	chi'reba	1
Chi’rimea	chi'rimea	1
Chi’rina	chi'rina	1
Chi’riní	chi'rini	1
Chi’rirú	chi'riru	1
Chi’riruri	chi'riruri	1
Chi’ró	chi'ro	1
Chi’yé	chi'ye	1
Chibá	chiba	1
Chibi	chibi	1
Chibisíami	chibisiami	1
Chicá	chica	1
Chichimó	chichimo	1
Chicónami	chiconami	1
Chicora	chicora	1
Chicuri	chicuri	1
Chigó	chigo	1
Chigórami	chigorami	1
Chigosa	chigosa	1
Chihuá	chihua	1
Chihuahua	chihuahua	1
Chihuáhuara	chihuahuara	1
Chijá	chija	1
Chijisó	chijiso	1
Chijuna	chijuna	1
Chimari	chimari	1
Chiminú	chiminu	1
Chimorí	chimori	1
Chimú	chimu	1
Chiná	china	1
Chinasa	chinasa	1
Chiní	chini	1
Chinita	chinita	1
Chipahuí	chipahui	1
Chipérami	chiperami	1
Chipú	chipu	1
Chiquí	chiqui	1
Chira, chirohua	chira, chirohua	1
Chirena	chirena	1
Chirí	chiri	1
Chirigá	chiriga	1
Chirihué	chirihue	1
Chirihuéraba	chirihueraba	1
Chirohua	chirohua	1
Chirúrami	chirurami	1
Chiyó	chiyo	1
Chiyohui	chiyohui	1
Cho	cho	1
Cho’huá	cho'hua	1
Cho’huí	cho'hui	1
Cho’má	cho'ma	1
Cho’mabú	cho'mabu	1
Cho’mácara aní	cho'macara ani	1
Cho’maná	cho'mana	1
Cho’márachi	cho'marachi	1
Cho’ná	cho'na	1
Cho’ó	cho'o	1
Cho’obáchari	cho'obachari	1
Cho’ohué	cho'ohue	1
Cho’ojí	cho'oji	1
Cho’omaba	cho'omaba	1
Cho’rí	cho'ri	1
Chobátana	chobatana	1
Chócami	chocami	1
Chochora	chochora	1
Chocó	choco	1
Chocoba	chocoba	1
Chocóbara	chocobara	1
Chocóbari	chocobari	1
Chocojipa	chocojipa	1
Chomá	choma	1
Chomítuami	chomituami	1
Chona	chona	1
Chónachi	chonachi	1
Chopé	chope	1
Chopi	chopi	1
Chopirigá	chopiriga	1
Chopona	chopona	1
Chopota	chopota	1
Chopurú	chopuru	1
Choquéami	choqueami	1
Choquéhuari	choquehuari	1
Choquichí	choquichi	1
Choquirá	choquira	1
Choré	chore	1
Choró	choro	1
Chórohua	chorohua	1
Chorohuera	chorohuera	1
Chota	chota	1
Choyá	choya	1
Chu	chu	1
Chu’huá	chu'hua	1
Chu’huechi	chu'huechi	1
Chu’huépari	chu'huepari	1
Chu’huí	chu'hui	1
Chu’huiró	chu'huiro	1
Chu’má	chu'ma	1
Chu’mí	chu'mi	1
Chu’yá	chu'ya	1
Chu’yépari	chu'yepari	1
Chúbirigá	chubiriga	1
Chubiyiri	chubiyiri	1
Chuca	chuca	1
Chúcari	chucari	1
Chuché	chuche	1
Chucú	chucu	1
Chucuba	chucuba	1
Chuhué	chuhue	1
Chuhuérahua	chuhuerahua	1
Chumarí	chumari	1
Chumé	chume	1
Chumí	chumi	1
Chumorí	chumori	1
Chuná	chuna	1
Chunú	chunu	1
Chupabú	chupabu	1
Chupamóori	chupamoori	1
Chupara	chupara	1
Chupéami	chupeami	1
Churi	churi	1
Churichi	churichi	1
Churipi	churipi	1
Churírari	churirari	1
Churomí ocó	churomi oco	1
Churú	churu	1
Churubi	churubi	1
Churubí	churubi	1
Churubíchara	churubichara	1
Churubira	churubira	1
Churuguí	churugui	1
Chutá	chuta	1
Chuyíripi	chuyiripi	1
Co'huá	co'hua	1
Co'huáami	co'huaami	1
Co’huéami	co'hueami	1
Co’huí	co'hui	1
Co’huírami	co'huirami	1
Co’nari	co'nari	1
Co’néami	co'neami	1
Co’orá	co'ora	1
Co’orí	co'ori	1
Co’yá	co'ya	1
Co’yacha	co'yacha	1
Co’yami	co'yami	1
Cóami	coami	1
Cobá	coba	1
Cobata	cobata	1
Cobí	cobi	1
Cobira	cobira	1
Cobisi	cobisi	1
Coché	coche	1
Cochi, cohuí	cochi, cohui	1
Cochíhuara	cochihuara	1
Cochinari	cochinari	1
Cochírata	cochirata	1
Cohua	cohua	1
Cojita	cojita	1
Cojuana	cojuana	1
Colimena	colimena	1
Comácari	comacari	1
Comera	comera	1
Comí	comi	1
Comíami	comiami	1
Comichi	comichi	1
Comítana	comitana	1
Comósami	comosami	1
Comósohua	comosohua	1
Comúrachi	comurachi	1
Cónahua	conahua	1
Conomí	conomi	1
Cóo	coo	1
Cóora	coora	1
Cora	cora	1
Coráachi	coraachi	1
Coraca	coraca	1
Corácami	coracami	1
Corachi	corachi	1
Corara	corara	1
Córima	corima	1
Corimena	corimena	1
Corina	corina	1
Coró	coro	1
Corochi	corochi	1
Corogá	coroga	1
Corú	coru	1
Corúcami	corucami	1
Cosari	cosari	1
Cosata	cosata	1
Coséhuari	cosehuari	1
Cosibé	cosibe	1
Cosibera	cosibera	1
Cosísiya	cosisiya	1
Cosó	coso	1
Cotúura	cotuura	1
Coyé	coye	1
Coyera	coyera	1
Coyeta	coyeta	1
Cu’huíchara	cu'huichara	1
Cu’huíichi	cu'huiichi	1
Cu’huíimi	cu'huiimi	1
Cu’huira	cu'huira	1
Cu’lí	cu'li	1
Cu’lina	cu'lina	1
Cu’luhua	cu'luhua	1
Cu’rí	cu'ri	1
Cu’runi	cu'runi	1
Cuácari	cuacari	1
Cúchara	cuchara	1
Cuchi	cuchi	1
Cuchíhua	cuchihua	1
Cuchípara	cuchipara	1
Cúchuhua	cuchuhua	1
Cuhuara	cuhuara	1
Cuhué	cuhue	1
Cuhuempa	cuhuempa	1
Cuira	cuira	1
Cujuíbara	cujuibara	1
Culúami	culuami	1
Cumá	cuma	1
Cumé	cume	1
Cumi	cumi	1
Cumí	cumi	1
Cumúchari	cumuchari	1
Cumurachi	cumurachi	1
Cuná	cuna	1
Cunama	cunama	1
Cunámami	cunamami	1
Cuné	cune	1
Cupá	cupa	1
Cupé	cupe	1
Cupí	cupi	1
Cupisi	cupisi	1
Cupuchá	cupucha	1
Curi	curi	1
Curícari	curicari	1
Curichi	curichi	1
Curipi	curipi	1
Cursi	cursi	1
Cúruhui	curuhui	1
Curusú	curusu	1
Cusá	cusa	1
Cusabi	cusabi	1
Cusé	cuse	1
Cuseba	cuseba	1
Cusébana	cusebana	1
Cusibera	cusibera	1
Cusihua	cusihua	1
Custícia orá	custicia ora	1
Cusú	cusu	1
Cusuchí	cusuchi	1
Cutá	cuta	1
Cutámachi	cutamachi	1
Cutega	cutega	1
Cutémari	cutemari	1
Cúuchara	cuuchara	1
Cúuchi	cuuchi	1
Échani	echani	1
Echarí	echari	1
Echi	echi	1
Échico	echico	1
Echijiti	echijiti	1
Echimí	echimi	1
Echiquí	echiqui	1
Echirigá	echiriga	1
Echiyena	echiyena	1
Echiyiri	echiyiri	1
Echo’ná	echo'na	1
Echocuá	echocua	1
Echomí	echomi	1
Echorá	echora	1
Eperí	eperi	1
Gará	gara	1
Gará aní	gara ani	1
Garabé	garabe	1
Garabéara	garabeara	1
Garabérata	garaberata	1
Garábusi	garabusi	1
Garana	garana	1
Garani machí	garani machi	1
Garanta	garanta	1
Garara	garara	1
Garé	gare	1
Hua’á	hua'a	1
Hua’ché	hua'che	1
Hua’ícari	hua'icari	1
Huáasi, huacasí	huaasi, huacasi	1
Huabé	huabe	1
Huácami	huacami	1
Huacaná	huacana	1
Huacasí	huacasi	1
Huachí	huachi	1
Huachíami	huachiami	1
Huachica	huachica	1
Huachina	huachina	1
Huachínami	huachinami	1
Huachó	huacho	1
Huacocha	huacocha	1
Huacóina	huacoina	1
Huajó	huajo	1
Huajomari	huajomari	1
Huajóo	huajoo	1
Huamí	huami	1
Huaminá	huamina	1
Huaminá ‘masa	huamina 'masa	1
Huaminá arihué	huamina arihue	1
Huaminá pa	huamina pa	1
Huaminabi	huaminabi	1
Huaminana	huaminana	1
Huaminánomí	huaminanomi	1
Huaná	huana	1
Huaní	huani	1
Huaqué	huaque	1
Huaquí	huaqui	1
Huaquiché	huaquiche	1
Huaquichéami	huaquicheami	1
Huaquichébana	huaquichebana	1
Huaquiná	huaquina	1
Huará	huara	1
Huaré	huare	1
Huari	huari	1
Huarina	huarina	1
Huarínaga ‘ma	huarinaga 'ma	1
Huaró	huaro	1
Huarona	huarona	1
Huarú	huaru	1
Huarubé	huarube	1
Huarubera	huarubera	1
Huarura	huarura	1
Huarúrachi	huarurachi	1
Huasa	huasa	1
Huasá	huasa	1
Huasamóchahua	huasamochahua	1
Huasará	huasara	1
Huasarara	huasarara	1
Huasaró	huasaro	1
Huasía	huasia	1
Huasírahua	huasirahua	1
Huasoná	huasona	1
Huataca	huataca	1
Huatácami	huatacami	1
Huatayé, huitayé	huataye, huitaye	1
Huató	huato	1
Huatóami	huatoami	1
Huatobé	huatobe	1
Huatona	huatona	1
Huatoná	huatona	1
Huatónari	huatonari	1
Huayé	huaye	1
Huayena	huayena	1
Hue	hue	1
Huéchara	huechara	1
Huenomí	huenomi	1
Huenomí rojuácami	huenomi rojuacami	1
Huepi	huepi	1
Huera	huera	1
Huérachi	huerachi	1
Huérari	huerari	1
Huériga	hueriga	1
Huesi: que huesi	huesi: que huesi	1
Hui’í	hui'i	1
Hui’íami	hui'iami	1
Hui’ibochana	hui'ibochana	1
Hui’nijí	hui'niji	1
Hui’rá	hui'ra	1
Hui’ré	hui're	1
Hui’rí	hui'ri	1
Hui’rique	hui'rique	1
Hui’yé	hui'ye	1
Hui’yée	hui'yee	1
Hui´ré	hui´re	1
Huiba	huiba	1
Huica	huica	1
Huicahua	huicahua	1
Huicáhuaraba	huicahuaraba	1
Huicáhuari	huicahuari	1
Huicaná	huicana	1
Huicará	huicara	1
Huicari	huicari	1
Huichá	huicha	1
Huichabú	huichabu	1
Huíchari	huichari	1
Huichéami	huicheami	1
Huichí huirigá	huichi huiriga	1
Huichiba	huichiba	1
Huichibáchara	huichibachara	1
Huichibecha	huichibecha	1
Huichihuera	huichihuera	1
Huichimó	huichimo	1
Huichimoba	huichimoba	1
Huichó	huicho	1
Huichobé	huichobe	1
Huichóri	huichori	1
Huichoríta	huichorita	1
Huichorítami	huichoritami	1
Huichurí	huichuri	1
Huicó	huico	1
Huicochuí	huicochui	1
Huicori, icori	huicori, icori	1
Huicú	huicu	1
Huicúami	huicuami	1
Huicuba, huicuhua	huicuba, huicuhua	1
Huicuhui	huicuhui	1
Huíi	huii	1
Huijáhua	huijahua	1
Huinomí	huinomi	1
Huipá	huipa	1
Huipichá	huipicha	1
Huipisó	huipiso	1
Huiputa	huiputa	1
Huiqué	huique	1
Huiquechi	huiquechi	1
Huiquiá	huiquia	1
Huiquiyá muhué	huiquiya muhue	1
Huirá	huira	1
Huiráami	huiraami	1
Huiraba	huiraba	1
Huirara	huirara	1
Huirárasi	huirarasi	1
Huirí	huiri	1
Huiríami	huiriami	1
Huiriba	huiriba	1
Huiríbari	huiribari	1
Huiribeco	huiribeco	1
Huirira	huirira	1
Huirisa	huirisa	1
Huiró	huiro	1
Huirú	huiru	1
Huisabé	huisabe	1
Huisibú	huisibu	1
Huisibura	huisibura	1
Huisiburi	huisiburi	1
Huisó	huiso	1
Huisogá	huisoga	1
Huisogátari	huisogatari	1
Huisoguéra	huisoguera	1
Huisuna	huisuna	1
Huitá	huita	1
Huitabú	huitabu	1
Huitara	huitara	1
Huitayé	huitaye	1
Huiya	huiya	1
Huiyé	huiye	1
Huiyó	huiyo	1
I’hueri	i'hueri	1
I’huí	i'hui	1
I’huíchari	i'huichari	1
I’huiri	i'huiri	1
I’huita	i'huita	1
I’mé	i'me	1
I’ní	i'ni	1
I’níbana	i'nibana	1
I’nisa	i'nisa	1
Ibiri, ibíripi	ibiri, ibiripi	1
Ibócari	ibocari	1
Ibóisi	iboisi	1
Icá	ica	1
Icárata	icarata	1
Icaré	icare	1
Ichá	icha	1
Icháami	ichaami	1
Ichí	ichi	1
Ichihuáhuami	ichihuahuami	1
Ichipa	ichipa	1
Ichirúami	ichiruami	1
Ichuromí	ichuromi	1
Icori	icori	1
Icosa	icosa	1
Icota	icota	1
Icúsuhua	icusuhua	1
Igúsuhua, icúsuhua	igusuhua, icusuhua	1
Igúsuhuami	igusuhuami	1
Ihuá	ihua	1
Ihuáachi	ihuaachi	1
Ihuará	ihuara	1
Ihuéami	ihueami	1
Ihuébana	ihuebana	1
Ihuepa	ihuepa	1
Ihuera, jihuero	ihuera, jihuero	1
Ihuérami	ihuerami	1
Ihuí	ihui	1
Ihuíchani	ihuichani	1
Ihuigá	ihuiga	1
Ijínari	ijinari	1
Imá	ima	1
Imasehua	imasehua	1
Imúami	imuami	1
Imuri	imuri	1
Ináatami	inaatami	1
Inami	inami	1
Inó	ino	1
Iqué	ique	1
Iquigá: que ‘ne iquigá	iquiga: que 'ne iquiga	1
Iquíi	iquii	1
Irá	ira	1
Irapa	irapa	1
Irápara	irapara	1
Irápata	irapata	1
Irápatami	irapatami	1
Iré	ire	1
Ireta	ireta	1
Irí	iri	1
Irura	irura	1
Isaba	isaba	1
Isábata	isabata	1
Isena	isena	1
Isí	isi	1
Isini rahué	isini rahue	1
Isota	isota	1
Itiyeri	itiyeri	1
Iyé	iye	1
Iyéami	iyeami	1
Iyéata	iyeata	1
Iyena, yena	iyena, yena	1
Iyénasí	iyenasi	1
Jaba	jaba	1
Jabu	jabu	1
Jácami	jacami	1
Jahua	jahua	1
Jahuaba	jahuaba	1
Jahui	jahui	1
Jami	jami	1
Janiri	janiri	1
Japa	japa	1
Jaré	jare	1
Jasa	jasa	1
Je’ná	je'na	1
Jecouá	jecoua	1
Jena’í	jena'i	1
Jeré	jere	1
Jerigá	jeriga	1
Jeyiri	jeyiri	1
Ji	ji	1
Jícuri	jicuri	1
Jiero	jiero	1
Jihuéami	jihueami	1
Jihuera	jihuera	1
Jihuérahua	jihuerahua	1
Jihuérami	jihuerami	1
Jihuérata	jihuerata	1
Jima	jima	1
Jínohua	jinohua	1
Jipi	jipi	1
Jiti	jiti	1
Jiyá	jiya	1
Jiyahui	jiyahui	1
Jiyata	jiyata	1
Jiyé	jiye	1
Jiyero	jiyero	1
Jiyeta	jiyeta	1
Jobátami	jobatami	1
Jócari	jocari	1
Jochi	jochi	1
Jóhua	johua	1
Jonsa	jonsa	1
Jora	jora	1
Ju, juco, jupá	ju, juco, jupa	1
Jubáami	jubaami	1
Jubahua	jubahua	1
Jubánara	jubanara	1
Juberi	juberi	1
Jubétami	jubetami	1
Jubí	jubi	1
Juca	juca	1
Juma	juma	1
Jumsa	jumsa	1
Jumta	jumta	1
Jurá	jura	1
Jurárami	jurarami	1
Juri	juri	1
Labá	laba	1
Lábara	labara	1
Lábari	labari	1
Labata	labata	1
Láchamuri	lachamuri	1
Lamari	lamari	1
Lamú	lamu	1
Lánahua	lanahua	1
Lánami	lanami	1
Lasiba	lasiba	1
Látami	latami	1
Léami	leami	1
Lena	lena	1
Limeta	limeta	1
Loca	loca	1
Lochi	lochi	1
Lohuá	lohua	1
Lohué	lohue	1
Lohuera	lohuera	1
Lohuí	lohui	1
Lohuira	lohuira	1
Lomírahua	lomirahua	1
Luhuá	luhua	1
Luhuí	luhui	1
Ma	ma	1
Ma’	ma'	1
Ma’agá	ma'aga	1
Maba	maba	1
Mabá	maba	1
Mabú	mabu	1
Macabéanta	macabeanta	1
Macahui	macahui	1
Macarachi	macarachi	1
Macari	macari	1
Machá	macha	1
Machibú	machibu	1
Machina	machina	1
Machira	machira	1
Machiri	machiri	1
Machíriami	machiriami	1
Machírúami	machiruami	1
Machisátiré	machisatire	1
Machisí	machisi	1
Macó	maco	1
Macoy	macoy	1
Macúsuhua	macusuhua	1
Mahué	mahue	1
Mahuiyá	mahuiya	1
Majá, majahuá	maja, majahua	1
Majáami	majaami	1
Majahuihua	majahuihua	1
Majajara, majajárata	majajara, majajarata	1
Majajáratami	majajaratami	1
Majajó	majajo	1
Majajocha	majajocha	1
Majárami	majarami	1
Maleta	maleta	1
Maná	mana	1
Maní	mani	1
Maparí	mapari	1
Mapo’ná	mapo'na	1
Mapu	mapu	1
Mapujiti	mapujiti	1
Mapurigá	mapuriga	1
Mapuyena	mapuyena	1
Mapuyénasí	mapuyenasi	1
Mapuyiri	mapuyiri	1
Mapuyíripi	mapuyiripi	1
Mará	mara	1
Maracá	maraca	1
Marachi	marachi	1
Maré	mare	1
Marichi	marichi	1
Marisa	marisa	1
Marisa macoy	marisa macoy	1
Masábari	masabari	1
Masó	maso	1
Matá	mata	1
Matagá	mataga	1
Maticó	matico	1
Mató, matóchahua	mato, matochahua	1
Matora	matora	1
Matosá	matosa	1
Mema	mema	1
Mera	mera	1
Meta	meta	1
Mi’riméa	mi'rimea	1
Mi’rínari	mi'rinari	1
Mi’ró	mi'ro	1
Mi’yá	mi'ya	1
Micá	mica	1
Micabéana	micabeana	1
Michá	micha	1
Miché	miche	1
Michí	michi	1
Michítami	michitami	1
Michó	micho	1
Michona	michona	1
Michóntami	michontami	1
Michora	michora	1
Michoyá	michoya	1
Michú	michu	1
Michúnari	michunari	1
Michuri	michuri	1
Micó	mico	1
Micótami	micotami	1
Mii	mii	1
Míisi, misi	miisi, misi	1
Mijí	miji	1
Mijírami	mijirami	1
Minana	minana	1
Misú	misu	1
Misucuá	misucua	1
Misugú	misugu	1
Misuri	misuri	1
Mitá	mita	1
Mitacha	mitacha	1
Mitáchami	mitachami	1
Mitáchana	mitachana	1
Mité	mite	1
Miteba, muteba	miteba, muteba	1
Mitéchaní	mitechani	1
Mitó	mito	1
Mitora	mitora	1
Miyétari	miyetari	1
Mo’huá	mo'hua	1
Mo’hué	mo'hue	1
Mo’huera	mo'huera	1
Mo’huí	mo'hui	1
Mo’huibi	mo'huibi	1
Mo’né	mo'ne	1
Mo’ó	mo'o	1
Mo’óchi	mo'ochi	1
Mo’ora	mo'ora	1
Mo’oré	mo'ore	1
Mo’orépana	mo'orepana	1
Mo’orí	mo'ori	1
Moba	moba	1
Mocá	moca	1
Mochocuá	mochocua	1
Mochogohua	mochogohua	1
Mocoyó	mocoyo	1
Mocoyora	mocoyora	1
Mocuásari	mocuasari	1
Mojuá	mojua	1
Mojuana	mojuana	1
Moré	more	1
Morí	mori	1
Morina	morina	1
Morisó	moriso	1
Morisóbana	morisobana	1
Morisota	morisota	1
Moruhuá	moruhua	1
Mosí	mosi	1
Mosobé	mosobe	1
Mosobera	mosobera	1
Motaba	motaba	1
Motosá	motosa	1
Motosé	motose	1
Motosera	motosera	1
Moyá	moya	1
Moyena	moyena	1
Mubú	mubu	1
Múchari	muchari	1
Muchiba	muchiba	1
Muchímari	muchimari	1
Muchínara	muchinara	1
Muchira	muchira	1
Muchisa	muchisa	1
Muchuhua	muchuhua	1
Muchúhuachi	muchuhuachi	1
Muchuhui	muchuhui	1
Mucú	mucu	1
Mucúami	mucuami	1
Muguí	mugui	1
Mugúsuhua	mugusuhua	1
Mugúsuhuami	mugusuhuami	1
Muhué	muhue	1
Muhuéami	muhueami	1
Muhuehua	muhuehua	1
Muhuéhuarami	muhuehuarami	1
Mujé	muje	1
Mujubú	mujubu	1
Muná	muna	1
Muné	mune	1
Muní	muni	1
Muquí	muqui	1
Muquira	muquira	1
Murá	mura	1
Muré	mure	1
Muripi	muripi	1
Murú	muru	1
Murubé	murube	1
Murubé bitéami	murube biteami	1
Murubéana	murubeana	1
Murubéanta	murubeanta	1
Murubehua	murubehua	1
Muruca	muruca	1
Muruchi	muruchi	1
Muruta	muruta	1
Musí	musi	1
Muté	mute	1
Muteba	muteba	1
Mutébari	mutebari	1
Muteta	muteta	1
Mutú	mutu	1
Mututa	mututa	1
Muyá	muya	1
Na, nari	na, nari	1
Na’á	na'a	1
Na’ahua	na'ahua	1
Na’áhuata	na'ahuata	1
Na’árami	na'arami	1
Na’é	na'e	1
Na’érami	na'erami	1
Na’mí	na'mi	1
Na’mina	na'mina	1
Na’oma	na'oma	1
Na’omárami	na'omarami	1
Na’rí	na'ri	1
Na’rina	na'rina	1
Na’rohua	na'rohua	1
Náapa	naapa	1
Náari	naari	1
Náata	naata	1
Nabapú	nabapu	1
Nacá	naca	1
Nacapari	nacapari	1
Nacara	nacara	1
Nacaréhua	nacarehua	1
Nacarópari	nacaropari	1
Nacátara	nacatara	1
Nachigó	nachigo	1
Nachihuí	nachihui	1
Nachú	nachu	1
Nachucha	nachucha	1
Nachuhua	nachuhua	1
Nachupa	nachupa	1
Nachuta	nachuta	1
Nacóhuami	nacohuami	1
Nacóo	nacoo	1
Nacórata	nacorata	1
Nacuba	nacuba	1
Nacurihua	nacurihua	1
Nacúríhua	nacurihua	1
Nahuají	nahuaji	1
Nahuara	nahuara	1
Nahuará	nahuara	1
Nahué	nahue	1
Nahuena	nahuena	1
Nahuesa	nahuesa	1
Nahuíi	nahuii	1
Nahuisa	nahuisa	1
Nahuisura	nahuisura	1
Nahuó	nahuo	1
Nahuosa	nahuosa	1
Najarapa	najarapa	1
Najarápami	najarapami	1
Najata	najata	1
Najirema	najirema	1
Najirémami	najiremami	1
Najita	najita	1
Najiuina	najiuina	1
Najuí	najui	1
Nami	nami	1
Namuti	namuti	1
Nané	nane	1
Napabá	napaba	1
Napacha	napacha	1
Napachapa	napachapa	1
Napachó	napacho	1
Napachota	napachota	1
Napahuí	napahui	1
Napahuícahuachi	napahuicahuachi	1
Napahuícami	napahuicami	1
Napahuísiami	napahuisiami	1
Napari	napari	1
Naparí	napari	1
Napasú	napasu	1
Napé	nape	1
Napéa	napea	1
Napichi	napichi	1
Napíhuari	napihuari	1
Napisó	napiso	1
Napóami	napoami	1
Napona	napona	1
Napora	napora	1
Napori	napori	1
Napota	napota	1
Napuchi	napuchi	1
Naqué	naque	1
Naquétari	naquetari	1
Naquí	naqui	1
Naquibú	naquibu	1
Naquichí	naquichi	1
Naquihui	naquihui	1
Nará	nara	1
Narácuri	naracuri	1
Naraquéami	naraqueami	1
Narasi	narasi	1
Naré	nare	1
Narepa	narepa	1
Nari	nari	1
Naribochi, naríhuari, naríiri	naribochi, narihuari, nariiri	1
Narina	narina	1
Narírahui	narirahui	1
Narúchari	naruchari	1
Nasayera	nasayera	1
Nasina, nasinácuri	nasina, nasinacuri	1
Nasínami	nasinami	1
Nasipa	nasipa	1
Nasipasí	nasipasi	1
Nasóami	nasoami	1
Nasohua	nasohua	1
Natabú	natabu	1
Nataguésuri	nataguesuri	1
Natahuí	natahui	1
Natéami	nateami	1
Nateguí	nategui	1
Natepa	natepa	1
Natépari	natepari	1
Nateta	nateta	1
Natétarahua	natetarahua	1
Natibú	natibu	1
Natigara	natigara	1
Natiguí, nateguí	natigui, nategui	1
Natimá	natima	1
Natipama	natipama	1
Nayá	naya	1
Nayáhuari	nayahuari	1
Nayú	nayu	1
Nayúami	nayuami	1
Nayurí	nayuri	1
Nayuta	nayuta	1
Ne’ogá	ne'oga	1
Ne’ogué	ne'ogue	1
Néchigo	nechigo	1
Née	nee	1
Nehuará	nehuara	1
Nehuarábanari	nehuarabanari	1
Nehuaré	nehuare	1
Nehuarita	nehuarita	1
Nehuiquí	nehuiqui	1
Nepi	nepi	1
Ni biré	ni bire	1
Ni’huí	ni'hui	1
Ni’mayé	ni'maye	1
Ni’mayéami	ni'mayeami	1
Ni’yoca	ni'yoca	1
Ni’yúbana	ni'yubana	1
Ni’yura	ni'yura	1
Ni’yusa	ni'yusa	1
Nicá	nica	1
Nicahuera	nicahuera	1
Nicóami	nicoami	1
Nicumé	nicume	1
Nigúura	niguura	1
Nihua	nihua	1
Nihuá	nihua	1
Níhuami	nihuami	1
Níhuara	nihuara	1
Nihuaríhua	nihuarihua	1
Níhuata, níhuita	nihuata, nihuita	1
Nihuíami	nihuiami	1
Nihuícohua	nihuicohua	1
Nihuíi	nihuii	1
Níhuita	nihuita	1
Níima	niima	1
Nijá	nija	1
Nijé	nije	1
Nijehua	nijehua	1
Nijí	niji	1
Nijímoruri	nijimoruri	1
Nijirapa	nijirapa	1
Nijiyama	nijiyama	1
Nijiyárama	nijiyarama	1
Nijohua	nijohua	1
Nijóhua	nijohua	1
Nimí	nimi	1
Nimica	nimica	1
Nipá	nipa	1
Nipáami	nipaami	1
Niquí	niqui	1
Niquíami	niquiami	1
Niquiyá	niquiya	1
Nirá	nira	1
Niráa	niraa	1
Níraga	niraga	1
Nírasi	nirasi	1
Nírata	nirata	1
Níriami	niriami	1
Nirú	niru	1
Nisé	nise	1
Niséami	niseami	1
Nitapa	nitapa	1
Nité	nite	1
Nitoba	nitoba	1
No’	no'	1
Nocá	noca	1
Nocha	nocha	1
Nochá	nocha	1
Nocháisa	nochaisa	1
Nóchami	nochami	1
Nochara	nochara	1
Nochárata	nocharata	1
Nocohué	nocohue	1
Nocuá	nocua	1
Nocuáami	nocuaami	1
Nocuara	nocuara	1
Nocuíchane	nocuichane	1
Nocuisa	nocuisa	1
Noguí, noquí	nogui, noqui	1
Nohua	nohua	1
Nohuí	nohui	1
Nóochami	noochami	1
Noporí	nopori	1
Noporíbana	noporibana	1
Noqué	noque	1
Noquí	noqui	1
Norahua	norahua	1
Norera	norera	1
Norigá	noriga	1
Norina	norina	1
Norira	norira	1
Norírahuachi	norirahuachi	1
Norohuí	norohui	1
Norohuiri	norohuiri	1
Nosobú	nosobu	1
Nosohuí	nosohui	1
Nota: al principio de la palabra no siempre se pronuncia la hu.	nota: al principio de la palabra no siempre se pronuncia la hu.	1
Nuchuguéami	nuchugueami	1
Nurá	nura	1
Nuraríhuami	nurarihuami	1
Nuré	nure	1
Nuréami	nureami	1
Nuté	nute	1
Nutugá	nutuga	1
O’huari	o'huari	1
O’huéara	o'hueara	1
O’huí	o'hui	1
O’huibichi	o'huibichi	1
O’huicha	o'huicha	1
O’huina	o'huina	1
O’huiná	o'huina	1
O’máana	o'maana	1
O’mona	o'mona	1
O’mónami	o'monami	1
O’nogári	o'nogari	1
O’oyóori	o'oyoori	1
O’yona	o'yona	1
Ochébana	ochebana	1
Ochéi	ochei	1
Ochera	ochera	1
Ochérami	ocherami	1
Ochí	ochi	1
Ochícari	ochicari	1
Ochó	ocho	1
Ochobé	ochobe	1
Ochobeta	ochobeta	1
Ochoréami	ochoreami	1
Ochorí	ochori	1
Ocochí	ocochi	1
Ocohuí	ocohui	1
Oconá	ocona	1
Ocósuhui	ocosuhui	1
Ocubá	ocuba	1
Ohuá	ohua	1
Ohuáami	ohuaami	1
Ohuí	ohui	1
Ohuina	ohuina	1
Ohuira	ohuira	1
Ojuí	ojui	1
Omá	oma	1
Omahua	omahua	1
Omáhuari	omahuari	1
Oméachi	omeachi	1
Omeba	omeba	1
Omérahuami	omerahuami	1
Omériami	omeriami	1
Omero	omero	1
Oné	one	1
Onorúami	onoruami	1
Opesi	opesi	1
Opó	opo	1
Opoátami	opoatami	1
Opochi	opochi	1
Oquiri	oquiri	1
Oráami	oraami	1
Orara	orara	1
Orari	orari	1
Oré	ore	1
Ori	ori	1
Orihua	orihua	1
Orique	orique	1
Osé	ose	1
Oserí	oseri	1
Osorí	osori	1
Otérami	oterami	1
Otobé	otobe	1
Otohuá	otohua	1
Otohuata	otohuata	1
Otohué	otohue	1
Otohuéami	otohueami	1
Otoná	otona	1
Óyami	oyami	1
Oyera	oyera	1
Oyóca, o’yócuhui	oyoca, o'yocuhui	1
Paayé	paaye	1
Pabaca	pabaca	1
Pabera	pabera	1
Paca	paca	1
Pachá	pacha	1
Pachana, pachámana	pachana, pachamana	1
Pachí	pachi	1
Pachoca	pachoca	1
Pachú	pachu	1
Pagó	pago	1
Pagóami	pagoami	1
Pagónara	pagonara	1
Pagótami	pagotami	1
Pagué	pague	1
Pamótami ju	pamotami ju	1
Pánara	panara	1
Paní	pani	1
Panica, panigo	panica, panigo	1
Panínomí	paninomi	1
Pasá	pasa	1
Pasó	paso	1
Pasochi	pasochi	1
Pátami	patami	1
Payéhuachi	payehuachi	1
Payochi	payochi	1
Pe cúuchi mojuari	pe cuuchi mojuari	1
Pe micabé achá	pe micabe acha	1
Pe risensi, pe risénsia	pe risensi, pe risensia	1
Pe téeri	pe teeri	1
Pe téeri ripí	pe teeri ripi	1
Pechi	pechi	1
Péebi	peebi	1
Pehua	pehua	1
Péhuari	pehuari	1
Pénama	penama	1
Pera	pera	1
Perí	peri	1
Pericó	perico	1
Pibá	piba	1
Pibíhuari	pibihuari	1
Pibíiri	pibiiri	1
Piché	piche	1
Pichí	pichi	1
Pichira	pichira	1
Píchuri	pichuri	1
Pihuácami	pihuacami	1
Píhui	pihui	1
Pioni	pioni	1
Pirapa	pirapa	1
Piré	pire	1
Piréami	pireami	1
Piri	piri	1
Pisachi	pisachi	1
Pochí	pochi	1
Pohua	pohua	1
Pora	pora	1
Porapa	porapa	1
Posá	posa	1
Poyaca	poyaca	1
Pu	pu	1
Pu’	pu'	1
Pucha	pucha	1
Pugué	pugue	1
Pugura	pugura	1
Puma	puma	1
Pura	pura	1
Que	que	1
Qué	que	1
Queba	queba	1
Quecha	quecha	1
Quemi	quemi	1
Queni	queni	1
Quepu	quepu	1
Quere, queremá	quere, querema	1
Queta	queta	1
Quétamo	quetamo	1
Quetasi	quetasi	1
Qui’huí	qui'hui	1
Qui’mó	qui'mo	1
Qui’raca	qui'raca	1
Quicháo	quichao	1
Quicháosa macoy	quichaosa macoy	1
Quichí	quichi	1
Quichica	quichica	1
Quimá	quima	1
Químacoy	quimacoy	1
Quimacoysa	quimacoysa	1
Quimacoysa macoy	quimacoysa macoy	1
Quimé	quime	1
Quimira	quimira	1
Quiná	quina	1
Quinana	quinana	1
Quipá	quipa	1
Quiparí	quipari	1
Quipu	quipu	1
Quipú	quipu	1
Ra’ama	ra'ama	1
Ra’íami	ra'iami	1
Ra’icha	ra'icha	1
Ra’íchami	ra'ichami	1
Ra’ichárami	ra'icharami	1
Ra’íchari	ra'ichari	1
Ra’ihuá	ra'ihua	1
Ra’lá	ra'la	1
Ra’lana	ra'lana	1
Ra’náchani	ra'nachani	1
Ra’né	ra'ne	1
Ra’ó	ra'o	1
Ra’oa atí	ra'oa ati	1
Ra’rá	ra'ra	1
Ra’rana	ra'rana	1
Ra´é	ra´e	1
Rabó	rabo	1
Rabota	rabota	1
Rabótami	rabotami	1
Racá	raca	1
Racabú	racabu	1
Rachí	rachi	1
Rachina	rachina	1
Rachira	rachira	1
Rachita	rachita	1
Racú	racu	1
Rahuá	rahua	1
Rahuihui	rahuihui	1
Rahuirí	rahuiri	1
Rajá	raja	1
Rajáami	rajaami	1
Rajamó	rajamo	1
Rajé	raje	1
Rajihuá	rajihua	1
Rajina	rajina	1
Rajirí	rajiri	1
Ramé	rame	1
Ramú	ramu	1
Ramujera	ramujera	1
Raná	rana	1
Rané	rane	1
Ranícuri	ranicuri	1
Rapá	rapa	1
Rapaco	rapaco	1
Rapana	rapana	1
Rapárachi	raparachi	1
Rapé	rape	1
Rapirara	rapirara	1
Rapirátachi	rapiratachi	1
Raqué	raque	1
Raquibú	raquibu	1
Rarajipa	rarajipa	1
Raramú	raramu	1
Rarámuri	raramuri	1
Rariguihua	rariguihua	1
Rarinéa	rarinea	1
Rasá	rasa	1
Rasáami	rasaami	1
Rasana	rasana	1
Rasíami	rasiami	1
Rasiba	rasiba	1
Rasícari	rasicari	1
Rasó	raso	1
Rasuca	rasuca	1
Rasuguí	rasugui	1
Rataba	rataba	1
Ratabacha	ratabacha	1
Ratábami	ratabami	1
Ratana	ratana	1
Ratara	ratara	1
Raté	rate	1
Rayena	rayena	1
Rayénari	rayenari	1
Ri’é	ri'e	1
Ri’echa	ri'echa	1
Ri’huá	ri'hua	1
Ri’huana	ri'huana	1
Ri’huiná	ri'huina	1
Ri’í	ri'i	1
Ri’ibú	ri'ibu	1
Ri’icha	ri'icha	1
Ri’íchani	ri'ichani	1
Ri’inana	ri'inana	1
Ri’iquéami	ri'iqueami	1
Ri’marí	ri'mari	1
Ri’náami	ri'naami	1
Ri’nabú	ri'nabu	1
Ri’nabuca	ri'nabuca	1
Ri’nagápura	ri'nagapura	1
Ri’nará	ri'nara	1
Ri’narátachi	ri'naratachi	1
Ri’ó	ri'o	1
Ri’obá	ri'oba	1
Ri’ré	ri're	1
Ri’rena	ri'rena	1
Ri’reque	ri'reque	1
Ri’reti	ri'reti	1
Ri’rí	ri'ri	1
Ri’rínomí	ri'rinomi	1
Ri’risópari	ri'risopari	1
Ri’rohui	ri'rohui	1
Ri’yeca, ri’eca	ri'yeca, ri'eca	1
Ri’yóchani	ri'yochani	1
Ricaba	ricaba	1
Ricamuchi	ricamuchi	1
Richí	richi	1
Richira	richira	1
Ricóchari	ricochari	1
Ricohua	ricohua	1
Ricohui	ricohui	1
Ricoma	ricoma	1
Ricómari	ricomari	1
Ricomta	ricomta	1
Ricú	ricu	1
Ricubiri	ricubiri	1
Ricuchuri	ricuchuri	1
Ricúhuari	ricuhuari	1
Ricúmtari	ricumtari	1
Ricurí	ricuri	1
Ricúuri	ricuuri	1
Rihuará	rihuara	1
Rihuera	rihuera	1
Rihuigachi	rihuigachi	1
Rihuirí	rihuiri	1
Rihuisáa	rihuisaa	1
Rijachi	rijachi	1
Rijata	rijata	1
Rijé	rije	1
Rijí	riji	1
Rijibá	rijiba	1
Rijimá	rijima	1
Rijimé	rijime	1
Rijísari	rijisari	1
Rijóara	rijoara	1
Rijóhuachi	rijohuachi	1
Rijóirasi	rijoirasi	1
Rijorá	rijora	1
Rijoy	rijoy	1
Rimé	rime	1
Rimério	rimerio	1
Rimisó	rimiso	1
Rimó	rimo	1
Rimojachi	rimojachi	1
Rimú	rimu	1
Riná	rina	1
Riní	rini	1
Rinórohui	rinorohui	1
Riosi	riosi	1
Ripari	ripari	1
Ripata rabó	ripata rabo	1
Ripí	ripi	1
Ripíruhui, ripiri	ripiruhui, ripiri	1
Ripisachi	ripisachi	1
Ripiyá	ripiya	1
Ripopa	ripopa	1
Ripora	ripora	1
Riposi	riposi	1
Ripuca	ripuca	1
Ripuchí	ripuchi	1
Ripuna	ripuna	1
Ripurá	ripura	1
Riqué	rique	1
Riquibú	riquibu	1
Riquichó	riquicho	1
Riquina	riquina	1
Rirú	riru	1
Risensi	risensi	1
Risénsia ‘ya	risensia 'ya	1
Risí	risi	1
Risira	risira	1
Risirúami	risiruami	1
Risó	riso	1
Risú, risunú	risu, risunu	1
Risúati	risuati	1
Risúu	risuu	1
Ritéami	riteami	1
Ritéena	riteena	1
Ritehuá, ritihuá	ritehua, ritihua	1
Ritémahua	ritemahua	1
Ritúcari	ritucari	1
Riyáhuachi	riyahuachi	1
Riyáhuata	riyahuata	1
Riyahui	riyahui	1
Ro’huaba	ro'huaba	1
Ro’hué	ro'hue	1
Ro’huí	ro'hui	1
Ro’mina	ro'mina	1
Ro’roché	ro'roche	1
Ro’rosópari	ro'rosopari	1
Rochá	rocha	1
Rochí	rochi	1
Rochíbana	rochibana	1
Rochíhuari	rochihuari	1
Rochorí	rochori	1
Rocó	roco	1
Rocóami	rocoami	1
Rocogó	rocogo	1
Rocohuá	rocohua	1
Rocohuárari	rocohuarari	1
Rocomíami	rocomiami	1
Rocomítarami	rocomitarami	1
Rocoró	rocoro	1
Rocuahua	rocuahua	1
Rocuiri	rocuiri	1
Rohuera	rohuera	1
Rohuí	rohui	1
Rojá	roja	1
Rojácami	rojacami	1
Rojana	rojana	1
Rojoná	rojona	1
Rojorá	rojora	1
Rojorócuhui	rojorocuhui	1
Rojuácami	rojuacami	1
Rojuana	rojuana	1
Rojuárari	rojuarari	1
Rojuí	rojui	1
Romíami	romiami	1
Romina	romina	1
Romírachi	romirachi	1
Romírahua	romirahua	1
Romó	romo	1
Romohua	romohua	1
Romosa	romosa	1
Ronena	ronena	1
Ronera	ronera	1
Ronobaca	ronobaca	1
Ronobácata	ronobacata	1
Ronojípana	ronojipana	1
Ropá	ropa	1
Ropajipa	ropajipa	1
Ropajípara	ropajipara	1
Ropé	rope	1
Ropéami	ropeami	1
Ropóchami	ropochami	1
Ropochí	ropochi	1
Rorí	rori	1
Roró	roro	1
Rorobá	roroba	1
Roroca, rorógara	roroca, rorogara	1
Roróchané	rorochane	1
Rosábachami	rosabachami	1
Rosácami	rosacami	1
Rosana	rosana	1
Rosánahua	rosanahua	1
Rosánari	rosanari	1
Rosánata	rosanata	1
Rosó	roso	1
Rosobáchami	rosobachami	1
Rosobocha	rosobocha	1
Rosohua	rosohua	1
Rosoná	rosona	1
Rosorá	rosora	1
Rosorí	rosori	1
Rotebi	rotebi	1
Rotosí	rotosi	1
Ru’ná	ru'na	1
Ru’náami	ru'naami	1
Ruchí	ruchi	1
Rucuáhua	rucuahua	1
Rucuchuri	rucuchuri	1
Rucué	rucue	1
Ruhué	ruhue	1
Rujuí	rujui	1
Rumuca asisa	rumuca asisa	1
Ruráami	ruraami	1
Rurahuá	rurahua	1
Rurú	ruru	1
Rurusí	rurusi	1
Rúsiami	rusiami	1
Rusú	rusu	1
Ruyari	ruyari	1
Ruyé	ruye	1
Sa’huá	sa'hua	1
Sa’huí	sa'hui	1
Sa’í	sa'i	1
Sa’mecha	sa'mecha	1
Sa’mí	sa'mi	1
Sa’mina	sa'mina	1
Sa’narí	sa'nari	1
Sa’rihuá	sa'rihua	1
Sa’rihué	sa'rihue	1
Sáa, sái	saa, sai	1
Sabitótami	sabitotami	1
Saca	saca	1
Sacará	sacara	1
Sacuá	sacua	1
Sagú	sagu	1
Sahua	sahua	1
Sahuá	sahua	1
Sáhuara	sahuara	1
Sahuarasa	sahuarasa	1
Sahuarásimí	sahuarasimi	1
Sahuarusa	sahuarusa	1
Sahuí	sahui	1
Sahuiri	sahuiri	1
Sahuiruma	sahuiruma	1
Sái	sai	1
Samichí	samichi	1
Sampá	sampa	1
Sampacha	sampacha	1
Sapá	sapa	1
Sapará	sapara	1
Saparábana	saparabana	1
Saparusa	saparusa	1
Sapé	sape	1
Sapepa: machí sapepa	sapepa: machi sapepa	1
Sapota	sapota	1
Sapú	sapu	1
Saquí	saqui	1
Saquiri	saquiri	1
Saróami	saroami	1
Sasira	sasira	1
Saté	sate	1
Satérama	saterama	1
Satibó	satibo	1
Satibú	satibu	1
Sayahui	sayahui	1
Sayé	saye	1
Sayécari	sayecari	1
Sayiná, que sayiná	sayina, que sayina	1
Sayiruma	sayiruma	1
Seba	seba	1
Sebara	sebara	1
Sebárachi	sebarachi	1
Sébari	sebari	1
Sehuá	sehua	1
Si’á	si'a	1
Si’huérahua	si'huerahua	1
Si’huina	si'huina	1
Si’luna	si'luna	1
Si’néami	si'neami	1
Si’nú	si'nu	1
Si’núrigá	si'nuriga	1
Si’orí	si'ori	1
Si’rí	si'ri	1
Si’richá	si'richa	1
Si’rú	si'ru	1
Si’runá	si'runa	1
Si´yá	si´ya	1
Síbari	sibari	1
Sibori	sibori	1
Sicá jiti	sica jiti	1
Sicachó	sicacho	1
Sicahué	sicahue	1
Sicamochi	sicamochi	1
Sicara	sicara	1
Sicobachi	sicobachi	1
Sicochi	sicochi	1
Sicohua, sicóori	sicohua, sicoori	1
Sicorí	sicori	1
Sicpoona	sicpoona	1
Sicuí	sicui	1
Sihuáchari	sihuachari	1
Sihué	sihue	1
Sijabó	sijabo	1
Sijarí	sijari	1
Simá	sima	1
Simara	simara	1
Simati	simati	1
Simé	sime	1
Simera	simera	1
Simigá	simiga	1
Simináari	siminaari	1
Simira	simira	1
Simíriami	simiriami	1
Simuchí	simuchi	1
Siná	sina	1
Siné	sine	1
Sinibí	sinibi	1
Sinohui	sinohui	1
Sinomí	sinomi	1
Sipá	sipa	1
Sipáami	sipaami	1
Sipabú	sipabu	1
Siparí	sipari	1
Sipé	sipe	1
Sipée	sipee	1
Sipí	sipi	1
Sipichá	sipicha	1
Sipirú	sipiru	1
Sipiyoni	sipiyoni	1
Sipucha	sipucha	1
Sipura	sipura	1
Sipúrahua	sipurahua	1
Sipurí, sipúruhui	sipuri, sipuruhui	1
Siqué	sique	1
Siquimea	siquimea	1
Siquiré	siquire	1
Siquiríchi	siquirichi	1
Sira	sira	1
Sirá	sira	1
Siré	sire	1
Siríami	siriami	1
Sirú	siru	1
Sirúami	siruami	1
Sisa	sisa	1
Sísari	sisari	1
Sisí	sisi	1
Sitágapa	sitagapa	1
Sitana	sitana	1
Sitánahua	sitanahua	1
Sití	siti	1
Sitó	sito	1
Sitochi	sitochi	1
Sitúra	situra	1
Sitúrami	siturami	1
Sitúrohua	siturohua	1
Siyete	siyete	1
Siyona	siyona	1
Siyónahua	siyonahua	1
Siyónami	siyonami	1
So	so	1
So’huá	so'hua	1
So’hué	so'hue	1
So’huí, so’uhuí	so'hui, so'uhui	1
So’huira	so'huira	1
So’uhuá	so'uhua	1
Sobá	soba	1
Socaní	socani	1
Socorá	socora	1
Socorachi	socorachi	1
Socuara	socuara	1
Soguí	sogui	1
Sohuaca	sohuaca	1
Sojobari	sojobari	1
Sojuí	sojui	1
Soma	soma	1
Sonó	sono	1
Sonorá	sonora	1
Sontarsi	sontarsi	1
Sopana	sopana	1
Sopétami	sopetami	1
Sopichí, supuchí	sopichi, supuchi	1
Soporí	sopori	1
Sopota	sopota	1
Sorá	sora	1
Soró	soro	1
Sota	sota	1
Su	su	1
Su’hué	su'hue	1
Su’rá	su'ra	1
Su’rina	su'rina	1
Sucú	sucu	1
Sucuchí	sucuchi	1
Sucuchú	sucuchu	1
Sucuhua	sucuhua	1
Sucuí	sucui	1
Sucurú	sucuru	1
Sucurúami	sucuruami	1
Suguí	sugui	1
Sugura	sugura	1
Suhuá	suhua	1
Suhuí	suhui	1
Suhuíami	suhuiami	1
Suhuirá	suhuira	1
Sumá	suma	1
Sumuchí	sumuchi	1
Suní	suni	1
Suníami	suniami	1
Sunú	sunu	1
Supuchí	supuchi	1
Suquí	suqui	1
Suquícari	suquicari	1
Surá	sura	1
Suré	sure	1
Surí	suri	1
Sutú	sutu	1
Sutubí	sutubi	1
Sutubípa	sutubipa	1
Táa	taa	1
Táami	taami	1
Taba	taba	1
Tabá	taba	1
Tábara	tabara	1
Tabé	tabe	1
Tabéara	tabeara	1
Taca	taca	1
Tamí	tami	1
Tamujé	tamuje	1
Tamujé níhuara	tamuje nihuara	1
Tamuro	tamuro	1
Tana	tana	1
Tanehua	tanehua	1
Tanehui	tanehui	1
Tani	tani	1
Tapa	tapa	1
Tará	tara	1
Tarapé	tarape	1
Tarari	tarari	1
Tasi	tasi	1
Tasina	tasina	1
Tásirapé	tasirape	1
Tata	tata	1
Te	te	1
Teca	teca	1
Técara	tecara	1
Técuri	tecuri	1
Téeribi	teeribi	1
Témari	temari	1
Tera	tera	1
Teri	teri	1
Térico	terico	1
Teta	teta	1
Tétari	tetari	1
Tibá	tiba	1
Tibí	tibi	1
Tibú	tibu	1
Tibuta	tibuta	1
Tibútana	tibutana	1
Tichí	tichi	1
Tigó, ticó	tigo, tico	1
Tiguina	tiguina	1
Tihué	tihue	1
Tinicha	tinicha	1
Tiquina	tiquina	1
Tisó	tiso	1
Tisora	tisora	1
Tisóta	tisota	1
Tisúhuati	tisuhuati	1
Tobá	toba	1
Tochapi	tochapi	1
Tócuhui	tocuhui	1
Tohuí	tohui	1
Toná	tona	1
Tónari	tonari	1
Toni	toni	1
Toreta	toreta	1
Torí	tori	1
Tosácami	tosacami	1
Tubútari	tubutari	1
Tuca	tuca	1
Túcami	tucami	1
Tucua	tucua	1
Tumujé	tumuje	1
Turio	turio	1
Turupa	turupa	1
Túrusi, tútusi	turusi, tutusi	1
Tutuburi	tutuburi	1
U’lú	u'lu	1
Uba, huiba	uba, huiba	1
Úca, úcari	uca, ucari	1
Uchá	ucha	1
Uchaba	uchaba	1
Uché	uche	1
Uchíi	uchii	1
Uchupa	uchupa	1
Uchurí	uchuri	1
Uchurisa	uchurisa	1
Uchuta	uchuta	1
Ucú	ucu	1
Ucuá	ucua	1
Ucuí	ucui	1
Ucuné	ucune	1
Ujuma	ujuma	1
Umí	umi	1
Umirá	umira	1
Umpá	umpa	1
Umú	umu	1
Umugusa	umugusa	1
Upé	upe	1
Upí	upi	1
Upima	upima	1
Upímami	upimami	1
Upuyari	upuyari	1
Uré	ure	1
Urí	uri	1
Urúbasi	urubasi	1
Usani	usani	1
Usansa	usansa	1
Usansa macoy	usansa macoy	1
Usí	usi	1
Usú	usu	1
Usuta	usuta	1
Yáatari	yaatari	1
Yáati	yaati	1
Ye	ye	1
Yéachi	yeachi	1
Yema	yema	1
Yena	yena	1
Yepu	yepu	1
Yera	yera	1
Yeri	yeri	1
Yo	yo	1
Yoca	yoca	1
Yona	yona	1
Yuhua, yuga	yuhua, yuga	1
Yura	yura	1
Yusa	yusa	1
